ISO-10303-21;
HEADER;
/* Generated by software containing ST-Developer
 * from STEP Tools, Inc. (www.steptools.com) 
 */

FILE_DESCRIPTION(
/* description */ (''),
/* implementation_level */ '2;1');

FILE_NAME(
/* name */ '',
/* time_stamp */ '2025-10-21T11:25:51+08:00',
/* author */ ('HELLO'),
/* organization */ (''),
/* preprocessor_version */ 'ST-DEVELOPER v20',
/* originating_system */ 'Autodesk Inventor 2024',
/* authorisation */ '');

FILE_SCHEMA (('AUTOMOTIVE_DESIGN { 1 0 10303 214 3 1 1 }'));
ENDSEC;

DATA;
#10=MECHANICAL_DESIGN_GEOMETRIC_PRESENTATION_REPRESENTATION('',(#13,#14),
#18924);
#11=SHAPE_REPRESENTATION_RELATIONSHIP('SRR','None',#18931,#12);
#12=ADVANCED_BREP_SHAPE_REPRESENTATION('',(#15,#16),#18923);
#13=STYLED_ITEM('',(#18941),#15);
#14=STYLED_ITEM('',(#18941),#16);
#15=MANIFOLD_SOLID_BREP('\X2\5B9E4F53\X0\5',#11434);
#16=MANIFOLD_SOLID_BREP('\X2\5B9E4F53\X0\5',#11435);
#17=TOROIDAL_SURFACE('',#11794,3.54999999999999,1.);
#18=TOROIDAL_SURFACE('',#11798,3.55000000000003,1.);
#19=TOROIDAL_SURFACE('',#11802,3.54999999999999,1.);
#20=TOROIDAL_SURFACE('',#11806,3.54999999999999,1.);
#21=TOROIDAL_SURFACE('',#11810,3.54999999999999,1.);
#22=TOROIDAL_SURFACE('',#12305,3.54999999999999,1.);
#23=TOROIDAL_SURFACE('',#12309,3.55000000000003,1.);
#24=TOROIDAL_SURFACE('',#12313,3.54999999999999,1.);
#25=TOROIDAL_SURFACE('',#12317,3.54999999999999,1.);
#26=TOROIDAL_SURFACE('',#12321,3.54999999999999,1.);
#27=B_SPLINE_SURFACE_WITH_KNOTS('',3,3,((#16114,#16115,#16116,#16117),(#16118,
#16119,#16120,#16121),(#16122,#16123,#16124,#16125),(#16126,#16127,#16128,
#16129),(#16130,#16131,#16132,#16133)),.UNSPECIFIED.,.F.,.F.,.F.,(4,1,4),
(4,4),(0.,0.5,1.),(0.332749835127298,0.343297621001047),.UNSPECIFIED.);
#28=B_SPLINE_SURFACE_WITH_KNOTS('',3,3,((#16137,#16138,#16139,#16140,#16141,
#16142,#16143,#16144,#16145,#16146),(#16147,#16148,#16149,#16150,#16151,
#16152,#16153,#16154,#16155,#16156),(#16157,#16158,#16159,#16160,#16161,
#16162,#16163,#16164,#16165,#16166),(#16167,#16168,#16169,#16170,#16171,
#16172,#16173,#16174,#16175,#16176)),.UNSPECIFIED.,.F.,.F.,.F.,(4,4),(4,
1,1,1,1,1,1,4),(0.,1.),(0.,0.00290552897940969,0.00581105795881939,0.0116221159176388,
0.0232442318352775,0.0697326955058326,0.116221159176388,0.162709622846943),
 .UNSPECIFIED.);
#29=B_SPLINE_SURFACE_WITH_KNOTS('',3,3,((#18274,#18275,#18276,#18277),(#18278,
#18279,#18280,#18281),(#18282,#18283,#18284,#18285),(#18286,#18287,#18288,
#18289),(#18290,#18291,#18292,#18293)),.UNSPECIFIED.,.F.,.F.,.F.,(4,1,4),
(4,4),(0.,0.5,1.),(0.332749835127298,0.343297621001046),.UNSPECIFIED.);
#30=B_SPLINE_SURFACE_WITH_KNOTS('',3,3,((#18302,#18303,#18304,#18305,#18306,
#18307,#18308,#18309,#18310,#18311),(#18312,#18313,#18314,#18315,#18316,
#18317,#18318,#18319,#18320,#18321),(#18322,#18323,#18324,#18325,#18326,
#18327,#18328,#18329,#18330,#18331),(#18332,#18333,#18334,#18335,#18336,
#18337,#18338,#18339,#18340,#18341)),.UNSPECIFIED.,.F.,.F.,.F.,(4,4),(4,
1,1,1,1,1,1,4),(0.,1.),(0.,0.00290552897940969,0.00581105795881939,0.0116221159176388,
0.0232442318352775,0.0697326955058326,0.116221159176388,0.162709622846943),
 .UNSPECIFIED.);
#31=ELLIPSE('',#11577,1.41421356237313,1.);
#32=ELLIPSE('',#11590,1.41421356237315,1.00000000000004);
#33=ELLIPSE('',#12125,1.41421356237315,1.00000000000004);
#34=ELLIPSE('',#12130,1.41421356237313,1.);
#35=B_SPLINE_CURVE_WITH_KNOTS('',3,(#16058,#16059,#16060,#16061,#16062,
#16063,#16064,#16065),.UNSPECIFIED.,.F.,.F.,(4,1,1,1,1,4),(-0.0574148489911502,
-0.0232442318352775,-0.0116221159176388,-0.00581105795881939,-0.00290552897940969,
0.),.UNSPECIFIED.);
#36=B_SPLINE_CURVE_WITH_KNOTS('',3,(#16067,#16068,#16069,#16070,#16071,
#16072,#16073,#16074,#16075),.UNSPECIFIED.,.F.,.F.,(4,3,2,4),(-0.0176813357130081,
0.,0.0245566328988149,0.0251134495209861),.UNSPECIFIED.);
#37=B_SPLINE_CURVE_WITH_KNOTS('',3,(#16077,#16078,#16079,#16080),
 .UNSPECIFIED.,.F.,.F.,(4,4),(0.,0.0285166363396999),.UNSPECIFIED.);
#38=B_SPLINE_CURVE_WITH_KNOTS('',3,(#16089,#16090,#16091,#16092),
 .UNSPECIFIED.,.F.,.F.,(4,4),(-0.343297621001047,-0.332749835127298),
 .UNSPECIFIED.);
#39=B_SPLINE_CURVE_WITH_KNOTS('',3,(#16178,#16179,#16180,#16181,#16182,
#16183,#16184,#16185,#16186,#16187,#16188,#16189,#16190,#16191,#16192,#16193,
#16194,#16195),.UNSPECIFIED.,.F.,.F.,(4,2,2,2,2,2,2,2,4),(0.,0.0188902927013141,
0.026469134852663,0.0414531107488766,0.0584565562663762,0.0661295109105381,
0.0702662670186787,0.0719997172609936,0.0720489982672687),.UNSPECIFIED.);
#40=B_SPLINE_CURVE_WITH_KNOTS('',3,(#18298,#18299,#18300,#18301),
 .UNSPECIFIED.,.F.,.F.,(4,4),(-0.343297621001046,-0.332749835127298),
 .UNSPECIFIED.);
#41=B_SPLINE_CURVE_WITH_KNOTS('',3,(#18344,#18345,#18346,#18347,#18348,
#18349,#18350,#18351,#18352,#18353,#18354,#18355,#18356,#18357,#18358,#18359,
#18360,#18361),.UNSPECIFIED.,.F.,.F.,(4,2,2,2,2,2,2,2,4),(0.,0.0188902927013141,
0.026469134852663,0.0414531107488766,0.0584565562663762,0.0661295109105381,
0.0702662670186787,0.0719997172609936,0.0720489982672687),.UNSPECIFIED.);
#42=B_SPLINE_CURVE_WITH_KNOTS('',3,(#18363,#18364,#18365,#18366,#18367,
#18368,#18369,#18370),.UNSPECIFIED.,.F.,.F.,(4,1,1,1,1,4),(-0.0574148489911502,
-0.0232442318352775,-0.0116221159176388,-0.00581105795881939,-0.00290552897940969,
0.),.UNSPECIFIED.);
#43=B_SPLINE_CURVE_WITH_KNOTS('',3,(#18393,#18394,#18395,#18396),
 .UNSPECIFIED.,.F.,.F.,(4,4),(0.,0.0285166363396999),.UNSPECIFIED.);
#44=B_SPLINE_CURVE_WITH_KNOTS('',3,(#18397,#18398,#18399,#18400,#18401,
#18402,#18403,#18404,#18405),.UNSPECIFIED.,.F.,.F.,(4,3,2,4),(-0.0176813357130081,
0.,0.0245566328988149,0.0251134495209861),.UNSPECIFIED.);
#45=CONICAL_SURFACE('',#11512,6.2,0.785398163397451);
#46=CONICAL_SURFACE('',#11515,6.20000000000001,0.785398163397447);
#47=CONICAL_SURFACE('',#11524,3.19999999999999,0.78539816339747);
#48=CONICAL_SURFACE('',#11527,1.2,0.785398163397443);
#49=CONICAL_SURFACE('',#11530,3.19999999999998,0.785398163397492);
#50=CONICAL_SURFACE('',#11533,3.2,0.785398163397454);
#51=CONICAL_SURFACE('',#11536,2.80000000000003,0.785398163397513);
#52=CONICAL_SURFACE('',#11539,2.8,0.785398163397447);
#53=CONICAL_SURFACE('',#11544,5.2,0.78539816339745);
#54=CONICAL_SURFACE('',#11547,3.2,0.785398163397451);
#55=CONICAL_SURFACE('',#11550,3.2,0.785398163397444);
#56=CONICAL_SURFACE('',#11581,3.5,0.896055384571342);
#57=CONICAL_SURFACE('',#11594,2.90000000000002,0.785398163397433);
#58=CONICAL_SURFACE('',#11603,5.90000000000001,0.785398163397448);
#59=CONICAL_SURFACE('',#11606,5.9,0.78539816339745);
#60=CONICAL_SURFACE('',#11609,2.89999999999999,0.78539816339746);
#61=CONICAL_SURFACE('',#11612,2.90000000000001,0.78539816339744);
#62=CONICAL_SURFACE('',#11615,4.9,0.785398163397446);
#63=CONICAL_SURFACE('',#11618,3.10000000000001,0.785398163397453);
#64=CONICAL_SURFACE('',#11621,3.1,0.785398163397448);
#65=CONICAL_SURFACE('',#11624,2.9,0.785398163397449);
#66=CONICAL_SURFACE('',#11627,2.89999999999999,0.785398163397457);
#67=CONICAL_SURFACE('',#11630,1.1,0.785398163397449);
#68=CONICAL_SURFACE('',#11961,6.075,0.78539816339745);
#69=CONICAL_SURFACE('',#11964,6.07500000000001,0.785398163397443);
#70=CONICAL_SURFACE('',#11970,3.075,0.785398163397456);
#71=CONICAL_SURFACE('',#11972,1.32499999999998,0.785398163397423);
#72=CONICAL_SURFACE('',#11975,3.07499999999999,0.785398163397465);
#73=CONICAL_SURFACE('',#11978,3.075,0.785398163397448);
#74=CONICAL_SURFACE('',#11981,2.925,0.78539816339745);
#75=CONICAL_SURFACE('',#11984,2.925,0.785398163397444);
#76=CONICAL_SURFACE('',#11988,5.075,0.785398163397452);
#77=CONICAL_SURFACE('',#11991,3.07499999999998,0.785398163397474);
#78=CONICAL_SURFACE('',#11994,3.07499999999999,0.785398163397468);
#79=CONICAL_SURFACE('',#11998,3.50000000000002,0.896055384571351);
#80=CONICAL_SURFACE('',#12132,2.90000000000002,0.785398163397433);
#81=CONICAL_SURFACE('',#12144,5.90000000000001,0.785398163397448);
#82=CONICAL_SURFACE('',#12148,5.9,0.78539816339745);
#83=CONICAL_SURFACE('',#12152,2.89999999999999,0.78539816339746);
#84=CONICAL_SURFACE('',#12156,2.90000000000001,0.78539816339744);
#85=CONICAL_SURFACE('',#12160,4.9,0.785398163397446);
#86=CONICAL_SURFACE('',#12164,3.10000000000001,0.785398163397453);
#87=CONICAL_SURFACE('',#12168,3.1,0.785398163397448);
#88=CONICAL_SURFACE('',#12172,2.9,0.785398163397449);
#89=CONICAL_SURFACE('',#12176,2.89999999999999,0.785398163397457);
#90=CONICAL_SURFACE('',#12180,1.1,0.785398163397449);
#91=FACE_BOUND('',#1219,.T.);
#92=FACE_BOUND('',#1220,.T.);
#93=FACE_BOUND('',#1222,.T.);
#94=FACE_BOUND('',#1223,.T.);
#95=FACE_BOUND('',#1224,.T.);
#96=FACE_BOUND('',#1226,.T.);
#97=FACE_BOUND('',#1227,.T.);
#98=FACE_BOUND('',#1228,.T.);
#99=FACE_BOUND('',#1233,.T.);
#100=FACE_BOUND('',#1234,.T.);
#101=FACE_BOUND('',#1235,.T.);
#102=FACE_BOUND('',#1236,.T.);
#103=FACE_BOUND('',#1237,.T.);
#104=FACE_BOUND('',#1238,.T.);
#105=FACE_BOUND('',#1239,.T.);
#106=FACE_BOUND('',#1414,.T.);
#107=FACE_BOUND('',#1416,.T.);
#108=FACE_BOUND('',#1418,.T.);
#109=FACE_BOUND('',#1420,.T.);
#110=FACE_BOUND('',#1422,.T.);
#111=FACE_BOUND('',#1535,.T.);
#112=FACE_BOUND('',#1536,.T.);
#113=FACE_BOUND('',#1537,.T.);
#114=FACE_BOUND('',#1539,.T.);
#115=FACE_BOUND('',#1544,.T.);
#116=FACE_BOUND('',#1545,.T.);
#117=FACE_BOUND('',#1546,.T.);
#118=FACE_BOUND('',#1563,.T.);
#119=FACE_BOUND('',#1564,.T.);
#120=FACE_BOUND('',#1565,.T.);
#121=FACE_BOUND('',#1566,.T.);
#122=FACE_BOUND('',#1567,.T.);
#123=FACE_BOUND('',#1568,.T.);
#124=FACE_BOUND('',#1569,.T.);
#125=FACE_BOUND('',#1815,.T.);
#126=FACE_BOUND('',#1817,.T.);
#127=FACE_BOUND('',#1819,.T.);
#128=FACE_BOUND('',#1821,.T.);
#129=FACE_BOUND('',#1823,.T.);
#130=PLANE('',#11461);
#131=PLANE('',#11462);
#132=PLANE('',#11463);
#133=PLANE('',#11464);
#134=PLANE('',#11465);
#135=PLANE('',#11466);
#136=PLANE('',#11467);
#137=PLANE('',#11468);
#138=PLANE('',#11469);
#139=PLANE('',#11470);
#140=PLANE('',#11471);
#141=PLANE('',#11475);
#142=PLANE('',#11478);
#143=PLANE('',#11482);
#144=PLANE('',#11483);
#145=PLANE('',#11484);
#146=PLANE('',#11485);
#147=PLANE('',#11502);
#148=PLANE('',#11503);
#149=PLANE('',#11504);
#150=PLANE('',#11505);
#151=PLANE('',#11506);
#152=PLANE('',#11507);
#153=PLANE('',#11508);
#154=PLANE('',#11511);
#155=PLANE('',#11514);
#156=PLANE('',#11517);
#157=PLANE('',#11520);
#158=PLANE('',#11523);
#159=PLANE('',#11526);
#160=PLANE('',#11529);
#161=PLANE('',#11532);
#162=PLANE('',#11535);
#163=PLANE('',#11538);
#164=PLANE('',#11541);
#165=PLANE('',#11542);
#166=PLANE('',#11543);
#167=PLANE('',#11546);
#168=PLANE('',#11549);
#169=PLANE('',#11552);
#170=PLANE('',#11555);
#171=PLANE('',#11558);
#172=PLANE('',#11561);
#173=PLANE('',#11562);
#174=PLANE('',#11563);
#175=PLANE('',#11566);
#176=PLANE('',#11569);
#177=PLANE('',#11572);
#178=PLANE('',#11575);
#179=PLANE('',#11578);
#180=PLANE('',#11582);
#181=PLANE('',#11584);
#182=PLANE('',#11586);
#183=PLANE('',#11592);
#184=PLANE('',#11593);
#185=PLANE('',#11596);
#186=PLANE('',#11597);
#187=PLANE('',#11598);
#188=PLANE('',#11599);
#189=PLANE('',#11600);
#190=PLANE('',#11601);
#191=PLANE('',#11602);
#192=PLANE('',#11605);
#193=PLANE('',#11608);
#194=PLANE('',#11611);
#195=PLANE('',#11614);
#196=PLANE('',#11617);
#197=PLANE('',#11620);
#198=PLANE('',#11623);
#199=PLANE('',#11626);
#200=PLANE('',#11629);
#201=PLANE('',#11632);
#202=PLANE('',#11633);
#203=PLANE('',#11634);
#204=PLANE('',#11635);
#205=PLANE('',#11636);
#206=PLANE('',#11637);
#207=PLANE('',#11638);
#208=PLANE('',#11639);
#209=PLANE('',#11640);
#210=PLANE('',#11641);
#211=PLANE('',#11643);
#212=PLANE('',#11644);
#213=PLANE('',#11645);
#214=PLANE('',#11646);
#215=PLANE('',#11647);
#216=PLANE('',#11648);
#217=PLANE('',#11649);
#218=PLANE('',#11650);
#219=PLANE('',#11654);
#220=PLANE('',#11655);
#221=PLANE('',#11659);
#222=PLANE('',#11662);
#223=PLANE('',#11663);
#224=PLANE('',#11664);
#225=PLANE('',#11665);
#226=PLANE('',#11669);
#227=PLANE('',#11675);
#228=PLANE('',#11676);
#229=PLANE('',#11677);
#230=PLANE('',#11681);
#231=PLANE('',#11682);
#232=PLANE('',#11686);
#233=PLANE('',#11687);
#234=PLANE('',#11688);
#235=PLANE('',#11692);
#236=PLANE('',#11693);
#237=PLANE('',#11697);
#238=PLANE('',#11698);
#239=PLANE('',#11699);
#240=PLANE('',#11703);
#241=PLANE('',#11704);
#242=PLANE('',#11705);
#243=PLANE('',#11709);
#244=PLANE('',#11713);
#245=PLANE('',#11714);
#246=PLANE('',#11718);
#247=PLANE('',#11719);
#248=PLANE('',#11723);
#249=PLANE('',#11724);
#250=PLANE('',#11729);
#251=PLANE('',#11733);
#252=PLANE('',#11734);
#253=PLANE('',#11735);
#254=PLANE('',#11736);
#255=PLANE('',#11737);
#256=PLANE('',#11738);
#257=PLANE('',#11739);
#258=PLANE('',#11740);
#259=PLANE('',#11741);
#260=PLANE('',#11742);
#261=PLANE('',#11743);
#262=PLANE('',#11744);
#263=PLANE('',#11745);
#264=PLANE('',#11746);
#265=PLANE('',#11747);
#266=PLANE('',#11749);
#267=PLANE('',#11752);
#268=PLANE('',#11755);
#269=PLANE('',#11758);
#270=PLANE('',#11761);
#271=PLANE('',#11764);
#272=PLANE('',#11765);
#273=PLANE('',#11766);
#274=PLANE('',#11767);
#275=PLANE('',#11769);
#276=PLANE('',#11770);
#277=PLANE('',#11771);
#278=PLANE('',#11772);
#279=PLANE('',#11776);
#280=PLANE('',#11778);
#281=PLANE('',#11782);
#282=PLANE('',#11785);
#283=PLANE('',#11786);
#284=PLANE('',#11787);
#285=PLANE('',#11788);
#286=PLANE('',#11791);
#287=PLANE('',#11792);
#288=PLANE('',#11793);
#289=PLANE('',#11814);
#290=PLANE('',#11815);
#291=PLANE('',#11816);
#292=PLANE('',#11817);
#293=PLANE('',#11818);
#294=PLANE('',#11820);
#295=PLANE('',#11822);
#296=PLANE('',#11824);
#297=PLANE('',#11826);
#298=PLANE('',#11828);
#299=PLANE('',#11829);
#300=PLANE('',#11830);
#301=PLANE('',#11831);
#302=PLANE('',#11832);
#303=PLANE('',#11833);
#304=PLANE('',#11834);
#305=PLANE('',#11835);
#306=PLANE('',#11836);
#307=PLANE('',#11837);
#308=PLANE('',#11838);
#309=PLANE('',#11839);
#310=PLANE('',#11840);
#311=PLANE('',#11841);
#312=PLANE('',#11842);
#313=PLANE('',#11843);
#314=PLANE('',#11844);
#315=PLANE('',#11845);
#316=PLANE('',#11846);
#317=PLANE('',#11847);
#318=PLANE('',#11848);
#319=PLANE('',#11849);
#320=PLANE('',#11850);
#321=PLANE('',#11851);
#322=PLANE('',#11857);
#323=PLANE('',#11858);
#324=PLANE('',#11859);
#325=PLANE('',#11860);
#326=PLANE('',#11861);
#327=PLANE('',#11862);
#328=PLANE('',#11863);
#329=PLANE('',#11864);
#330=PLANE('',#11865);
#331=PLANE('',#11866);
#332=PLANE('',#11867);
#333=PLANE('',#11868);
#334=PLANE('',#11869);
#335=PLANE('',#11870);
#336=PLANE('',#11871);
#337=PLANE('',#11872);
#338=PLANE('',#11873);
#339=PLANE('',#11874);
#340=PLANE('',#11875);
#341=PLANE('',#11876);
#342=PLANE('',#11877);
#343=PLANE('',#11878);
#344=PLANE('',#11879);
#345=PLANE('',#11880);
#346=PLANE('',#11881);
#347=PLANE('',#11882);
#348=PLANE('',#11883);
#349=PLANE('',#11884);
#350=PLANE('',#11885);
#351=PLANE('',#11886);
#352=PLANE('',#11887);
#353=PLANE('',#11888);
#354=PLANE('',#11889);
#355=PLANE('',#11890);
#356=PLANE('',#11891);
#357=PLANE('',#11892);
#358=PLANE('',#11896);
#359=PLANE('',#11897);
#360=PLANE('',#11898);
#361=PLANE('',#11902);
#362=PLANE('',#11910);
#363=PLANE('',#11915);
#364=PLANE('',#11916);
#365=PLANE('',#11920);
#366=PLANE('',#11921);
#367=PLANE('',#11922);
#368=PLANE('',#11923);
#369=PLANE('',#11924);
#370=PLANE('',#11925);
#371=PLANE('',#11926);
#372=PLANE('',#11927);
#373=PLANE('',#11928);
#374=PLANE('',#11929);
#375=PLANE('',#11930);
#376=PLANE('',#11931);
#377=PLANE('',#11932);
#378=PLANE('',#11933);
#379=PLANE('',#11934);
#380=PLANE('',#11935);
#381=PLANE('',#11952);
#382=PLANE('',#11953);
#383=PLANE('',#11954);
#384=PLANE('',#11955);
#385=PLANE('',#11956);
#386=PLANE('',#11957);
#387=PLANE('',#11958);
#388=PLANE('',#11960);
#389=PLANE('',#11963);
#390=PLANE('',#11966);
#391=PLANE('',#11967);
#392=PLANE('',#11968);
#393=PLANE('',#11969);
#394=PLANE('',#11974);
#395=PLANE('',#11977);
#396=PLANE('',#11980);
#397=PLANE('',#11983);
#398=PLANE('',#11986);
#399=PLANE('',#11987);
#400=PLANE('',#11990);
#401=PLANE('',#11993);
#402=PLANE('',#11996);
#403=PLANE('',#11997);
#404=PLANE('',#11999);
#405=PLANE('',#12001);
#406=PLANE('',#12003);
#407=PLANE('',#12005);
#408=PLANE('',#12006);
#409=PLANE('',#12007);
#410=PLANE('',#12008);
#411=PLANE('',#12009);
#412=PLANE('',#12010);
#413=PLANE('',#12011);
#414=PLANE('',#12012);
#415=PLANE('',#12013);
#416=PLANE('',#12014);
#417=PLANE('',#12015);
#418=PLANE('',#12019);
#419=PLANE('',#12020);
#420=PLANE('',#12021);
#421=PLANE('',#12029);
#422=PLANE('',#12030);
#423=PLANE('',#12031);
#424=PLANE('',#12032);
#425=PLANE('',#12036);
#426=PLANE('',#12041);
#427=PLANE('',#12042);
#428=PLANE('',#12043);
#429=PLANE('',#12044);
#430=PLANE('',#12045);
#431=PLANE('',#12046);
#432=PLANE('',#12047);
#433=PLANE('',#12048);
#434=PLANE('',#12050);
#435=PLANE('',#12051);
#436=PLANE('',#12052);
#437=PLANE('',#12053);
#438=PLANE('',#12054);
#439=PLANE('',#12055);
#440=PLANE('',#12056);
#441=PLANE('',#12057);
#442=PLANE('',#12058);
#443=PLANE('',#12059);
#444=PLANE('',#12060);
#445=PLANE('',#12061);
#446=PLANE('',#12063);
#447=PLANE('',#12064);
#448=PLANE('',#12065);
#449=PLANE('',#12066);
#450=PLANE('',#12067);
#451=PLANE('',#12068);
#452=PLANE('',#12069);
#453=PLANE('',#12070);
#454=PLANE('',#12071);
#455=PLANE('',#12072);
#456=PLANE('',#12073);
#457=PLANE('',#12074);
#458=PLANE('',#12075);
#459=PLANE('',#12076);
#460=PLANE('',#12077);
#461=PLANE('',#12078);
#462=PLANE('',#12079);
#463=PLANE('',#12080);
#464=PLANE('',#12081);
#465=PLANE('',#12082);
#466=PLANE('',#12083);
#467=PLANE('',#12084);
#468=PLANE('',#12085);
#469=PLANE('',#12086);
#470=PLANE('',#12087);
#471=PLANE('',#12088);
#472=PLANE('',#12089);
#473=PLANE('',#12090);
#474=PLANE('',#12091);
#475=PLANE('',#12093);
#476=PLANE('',#12094);
#477=PLANE('',#12095);
#478=PLANE('',#12096);
#479=PLANE('',#12097);
#480=PLANE('',#12098);
#481=PLANE('',#12099);
#482=PLANE('',#12100);
#483=PLANE('',#12101);
#484=PLANE('',#12102);
#485=PLANE('',#12103);
#486=PLANE('',#12104);
#487=PLANE('',#12105);
#488=PLANE('',#12106);
#489=PLANE('',#12107);
#490=PLANE('',#12108);
#491=PLANE('',#12109);
#492=PLANE('',#12110);
#493=PLANE('',#12111);
#494=PLANE('',#12112);
#495=PLANE('',#12113);
#496=PLANE('',#12114);
#497=PLANE('',#12115);
#498=PLANE('',#12120);
#499=PLANE('',#12121);
#500=PLANE('',#12122);
#501=PLANE('',#12127);
#502=PLANE('',#12128);
#503=PLANE('',#12131);
#504=PLANE('',#12135);
#505=PLANE('',#12136);
#506=PLANE('',#12137);
#507=PLANE('',#12138);
#508=PLANE('',#12140);
#509=PLANE('',#12141);
#510=PLANE('',#12142);
#511=PLANE('',#12143);
#512=PLANE('',#12147);
#513=PLANE('',#12151);
#514=PLANE('',#12155);
#515=PLANE('',#12159);
#516=PLANE('',#12163);
#517=PLANE('',#12167);
#518=PLANE('',#12171);
#519=PLANE('',#12175);
#520=PLANE('',#12179);
#521=PLANE('',#12183);
#522=PLANE('',#12185);
#523=PLANE('',#12187);
#524=PLANE('',#12189);
#525=PLANE('',#12190);
#526=PLANE('',#12191);
#527=PLANE('',#12193);
#528=PLANE('',#12195);
#529=PLANE('',#12198);
#530=PLANE('',#12200);
#531=PLANE('',#12201);
#532=PLANE('',#12202);
#533=PLANE('',#12203);
#534=PLANE('',#12204);
#535=PLANE('',#12205);
#536=PLANE('',#12206);
#537=PLANE('',#12207);
#538=PLANE('',#12208);
#539=PLANE('',#12209);
#540=PLANE('',#12211);
#541=PLANE('',#12212);
#542=PLANE('',#12213);
#543=PLANE('',#12214);
#544=PLANE('',#12218);
#545=PLANE('',#12220);
#546=PLANE('',#12223);
#547=PLANE('',#12224);
#548=PLANE('',#12230);
#549=PLANE('',#12231);
#550=PLANE('',#12232);
#551=PLANE('',#12235);
#552=PLANE('',#12236);
#553=PLANE('',#12239);
#554=PLANE('',#12240);
#555=PLANE('',#12241);
#556=PLANE('',#12244);
#557=PLANE('',#12245);
#558=PLANE('',#12248);
#559=PLANE('',#12249);
#560=PLANE('',#12250);
#561=PLANE('',#12251);
#562=PLANE('',#12254);
#563=PLANE('',#12257);
#564=PLANE('',#12258);
#565=PLANE('',#12264);
#566=PLANE('',#12266);
#567=PLANE('',#12267);
#568=PLANE('',#12268);
#569=PLANE('',#12269);
#570=PLANE('',#12271);
#571=PLANE('',#12274);
#572=PLANE('',#12277);
#573=PLANE('',#12280);
#574=PLANE('',#12283);
#575=PLANE('',#12286);
#576=PLANE('',#12287);
#577=PLANE('',#12288);
#578=PLANE('',#12290);
#579=PLANE('',#12291);
#580=PLANE('',#12292);
#581=PLANE('',#12293);
#582=PLANE('',#12298);
#583=PLANE('',#12299);
#584=PLANE('',#12300);
#585=PLANE('',#12303);
#586=PLANE('',#12304);
#587=PLANE('',#12325);
#588=PLANE('',#12327);
#589=PLANE('',#12329);
#590=PLANE('',#12331);
#591=PLANE('',#12333);
#592=FACE_OUTER_BOUND('',#1207,.T.);
#593=FACE_OUTER_BOUND('',#1208,.T.);
#594=FACE_OUTER_BOUND('',#1209,.T.);
#595=FACE_OUTER_BOUND('',#1210,.T.);
#596=FACE_OUTER_BOUND('',#1211,.T.);
#597=FACE_OUTER_BOUND('',#1212,.T.);
#598=FACE_OUTER_BOUND('',#1213,.T.);
#599=FACE_OUTER_BOUND('',#1214,.T.);
#600=FACE_OUTER_BOUND('',#1215,.T.);
#601=FACE_OUTER_BOUND('',#1216,.T.);
#602=FACE_OUTER_BOUND('',#1217,.T.);
#603=FACE_OUTER_BOUND('',#1218,.T.);
#604=FACE_OUTER_BOUND('',#1221,.T.);
#605=FACE_OUTER_BOUND('',#1225,.T.);
#606=FACE_OUTER_BOUND('',#1229,.T.);
#607=FACE_OUTER_BOUND('',#1230,.T.);
#608=FACE_OUTER_BOUND('',#1231,.T.);
#609=FACE_OUTER_BOUND('',#1232,.T.);
#610=FACE_OUTER_BOUND('',#1240,.T.);
#611=FACE_OUTER_BOUND('',#1241,.T.);
#612=FACE_OUTER_BOUND('',#1242,.T.);
#613=FACE_OUTER_BOUND('',#1243,.T.);
#614=FACE_OUTER_BOUND('',#1244,.T.);
#615=FACE_OUTER_BOUND('',#1245,.T.);
#616=FACE_OUTER_BOUND('',#1246,.T.);
#617=FACE_OUTER_BOUND('',#1247,.T.);
#618=FACE_OUTER_BOUND('',#1248,.T.);
#619=FACE_OUTER_BOUND('',#1249,.T.);
#620=FACE_OUTER_BOUND('',#1250,.T.);
#621=FACE_OUTER_BOUND('',#1251,.T.);
#622=FACE_OUTER_BOUND('',#1252,.T.);
#623=FACE_OUTER_BOUND('',#1253,.T.);
#624=FACE_OUTER_BOUND('',#1254,.T.);
#625=FACE_OUTER_BOUND('',#1255,.T.);
#626=FACE_OUTER_BOUND('',#1256,.T.);
#627=FACE_OUTER_BOUND('',#1257,.T.);
#628=FACE_OUTER_BOUND('',#1258,.T.);
#629=FACE_OUTER_BOUND('',#1259,.T.);
#630=FACE_OUTER_BOUND('',#1260,.T.);
#631=FACE_OUTER_BOUND('',#1261,.T.);
#632=FACE_OUTER_BOUND('',#1262,.T.);
#633=FACE_OUTER_BOUND('',#1263,.T.);
#634=FACE_OUTER_BOUND('',#1264,.T.);
#635=FACE_OUTER_BOUND('',#1265,.T.);
#636=FACE_OUTER_BOUND('',#1266,.T.);
#637=FACE_OUTER_BOUND('',#1267,.T.);
#638=FACE_OUTER_BOUND('',#1268,.T.);
#639=FACE_OUTER_BOUND('',#1269,.T.);
#640=FACE_OUTER_BOUND('',#1270,.T.);
#641=FACE_OUTER_BOUND('',#1271,.T.);
#642=FACE_OUTER_BOUND('',#1272,.T.);
#643=FACE_OUTER_BOUND('',#1273,.T.);
#644=FACE_OUTER_BOUND('',#1274,.T.);
#645=FACE_OUTER_BOUND('',#1275,.T.);
#646=FACE_OUTER_BOUND('',#1276,.T.);
#647=FACE_OUTER_BOUND('',#1277,.T.);
#648=FACE_OUTER_BOUND('',#1278,.T.);
#649=FACE_OUTER_BOUND('',#1279,.T.);
#650=FACE_OUTER_BOUND('',#1280,.T.);
#651=FACE_OUTER_BOUND('',#1281,.T.);
#652=FACE_OUTER_BOUND('',#1282,.T.);
#653=FACE_OUTER_BOUND('',#1283,.T.);
#654=FACE_OUTER_BOUND('',#1284,.T.);
#655=FACE_OUTER_BOUND('',#1285,.T.);
#656=FACE_OUTER_BOUND('',#1286,.T.);
#657=FACE_OUTER_BOUND('',#1287,.T.);
#658=FACE_OUTER_BOUND('',#1288,.T.);
#659=FACE_OUTER_BOUND('',#1289,.T.);
#660=FACE_OUTER_BOUND('',#1290,.T.);
#661=FACE_OUTER_BOUND('',#1291,.T.);
#662=FACE_OUTER_BOUND('',#1292,.T.);
#663=FACE_OUTER_BOUND('',#1293,.T.);
#664=FACE_OUTER_BOUND('',#1294,.T.);
#665=FACE_OUTER_BOUND('',#1295,.T.);
#666=FACE_OUTER_BOUND('',#1296,.T.);
#667=FACE_OUTER_BOUND('',#1297,.T.);
#668=FACE_OUTER_BOUND('',#1298,.T.);
#669=FACE_OUTER_BOUND('',#1299,.T.);
#670=FACE_OUTER_BOUND('',#1300,.T.);
#671=FACE_OUTER_BOUND('',#1301,.T.);
#672=FACE_OUTER_BOUND('',#1302,.T.);
#673=FACE_OUTER_BOUND('',#1303,.T.);
#674=FACE_OUTER_BOUND('',#1304,.T.);
#675=FACE_OUTER_BOUND('',#1305,.T.);
#676=FACE_OUTER_BOUND('',#1306,.T.);
#677=FACE_OUTER_BOUND('',#1307,.T.);
#678=FACE_OUTER_BOUND('',#1308,.T.);
#679=FACE_OUTER_BOUND('',#1309,.T.);
#680=FACE_OUTER_BOUND('',#1310,.T.);
#681=FACE_OUTER_BOUND('',#1311,.T.);
#682=FACE_OUTER_BOUND('',#1312,.T.);
#683=FACE_OUTER_BOUND('',#1313,.T.);
#684=FACE_OUTER_BOUND('',#1314,.T.);
#685=FACE_OUTER_BOUND('',#1315,.T.);
#686=FACE_OUTER_BOUND('',#1316,.T.);
#687=FACE_OUTER_BOUND('',#1317,.T.);
#688=FACE_OUTER_BOUND('',#1318,.T.);
#689=FACE_OUTER_BOUND('',#1319,.T.);
#690=FACE_OUTER_BOUND('',#1320,.T.);
#691=FACE_OUTER_BOUND('',#1321,.T.);
#692=FACE_OUTER_BOUND('',#1322,.T.);
#693=FACE_OUTER_BOUND('',#1323,.T.);
#694=FACE_OUTER_BOUND('',#1324,.T.);
#695=FACE_OUTER_BOUND('',#1325,.T.);
#696=FACE_OUTER_BOUND('',#1326,.T.);
#697=FACE_OUTER_BOUND('',#1327,.T.);
#698=FACE_OUTER_BOUND('',#1328,.T.);
#699=FACE_OUTER_BOUND('',#1329,.T.);
#700=FACE_OUTER_BOUND('',#1330,.T.);
#701=FACE_OUTER_BOUND('',#1331,.T.);
#702=FACE_OUTER_BOUND('',#1332,.T.);
#703=FACE_OUTER_BOUND('',#1333,.T.);
#704=FACE_OUTER_BOUND('',#1334,.T.);
#705=FACE_OUTER_BOUND('',#1335,.T.);
#706=FACE_OUTER_BOUND('',#1336,.T.);
#707=FACE_OUTER_BOUND('',#1337,.T.);
#708=FACE_OUTER_BOUND('',#1338,.T.);
#709=FACE_OUTER_BOUND('',#1339,.T.);
#710=FACE_OUTER_BOUND('',#1340,.T.);
#711=FACE_OUTER_BOUND('',#1341,.T.);
#712=FACE_OUTER_BOUND('',#1342,.T.);
#713=FACE_OUTER_BOUND('',#1343,.T.);
#714=FACE_OUTER_BOUND('',#1344,.T.);
#715=FACE_OUTER_BOUND('',#1345,.T.);
#716=FACE_OUTER_BOUND('',#1346,.T.);
#717=FACE_OUTER_BOUND('',#1347,.T.);
#718=FACE_OUTER_BOUND('',#1348,.T.);
#719=FACE_OUTER_BOUND('',#1349,.T.);
#720=FACE_OUTER_BOUND('',#1350,.T.);
#721=FACE_OUTER_BOUND('',#1351,.T.);
#722=FACE_OUTER_BOUND('',#1352,.T.);
#723=FACE_OUTER_BOUND('',#1353,.T.);
#724=FACE_OUTER_BOUND('',#1354,.T.);
#725=FACE_OUTER_BOUND('',#1355,.T.);
#726=FACE_OUTER_BOUND('',#1356,.T.);
#727=FACE_OUTER_BOUND('',#1357,.T.);
#728=FACE_OUTER_BOUND('',#1358,.T.);
#729=FACE_OUTER_BOUND('',#1359,.T.);
#730=FACE_OUTER_BOUND('',#1360,.T.);
#731=FACE_OUTER_BOUND('',#1361,.T.);
#732=FACE_OUTER_BOUND('',#1362,.T.);
#733=FACE_OUTER_BOUND('',#1363,.T.);
#734=FACE_OUTER_BOUND('',#1364,.T.);
#735=FACE_OUTER_BOUND('',#1365,.T.);
#736=FACE_OUTER_BOUND('',#1366,.T.);
#737=FACE_OUTER_BOUND('',#1367,.T.);
#738=FACE_OUTER_BOUND('',#1368,.T.);
#739=FACE_OUTER_BOUND('',#1369,.T.);
#740=FACE_OUTER_BOUND('',#1370,.T.);
#741=FACE_OUTER_BOUND('',#1371,.T.);
#742=FACE_OUTER_BOUND('',#1372,.T.);
#743=FACE_OUTER_BOUND('',#1373,.T.);
#744=FACE_OUTER_BOUND('',#1374,.T.);
#745=FACE_OUTER_BOUND('',#1375,.T.);
#746=FACE_OUTER_BOUND('',#1376,.T.);
#747=FACE_OUTER_BOUND('',#1377,.T.);
#748=FACE_OUTER_BOUND('',#1378,.T.);
#749=FACE_OUTER_BOUND('',#1379,.T.);
#750=FACE_OUTER_BOUND('',#1380,.T.);
#751=FACE_OUTER_BOUND('',#1381,.T.);
#752=FACE_OUTER_BOUND('',#1382,.T.);
#753=FACE_OUTER_BOUND('',#1383,.T.);
#754=FACE_OUTER_BOUND('',#1384,.T.);
#755=FACE_OUTER_BOUND('',#1385,.T.);
#756=FACE_OUTER_BOUND('',#1386,.T.);
#757=FACE_OUTER_BOUND('',#1387,.T.);
#758=FACE_OUTER_BOUND('',#1388,.T.);
#759=FACE_OUTER_BOUND('',#1389,.T.);
#760=FACE_OUTER_BOUND('',#1390,.T.);
#761=FACE_OUTER_BOUND('',#1391,.T.);
#762=FACE_OUTER_BOUND('',#1392,.T.);
#763=FACE_OUTER_BOUND('',#1393,.T.);
#764=FACE_OUTER_BOUND('',#1394,.T.);
#765=FACE_OUTER_BOUND('',#1395,.T.);
#766=FACE_OUTER_BOUND('',#1396,.T.);
#767=FACE_OUTER_BOUND('',#1397,.T.);
#768=FACE_OUTER_BOUND('',#1398,.T.);
#769=FACE_OUTER_BOUND('',#1399,.T.);
#770=FACE_OUTER_BOUND('',#1400,.T.);
#771=FACE_OUTER_BOUND('',#1401,.T.);
#772=FACE_OUTER_BOUND('',#1402,.T.);
#773=FACE_OUTER_BOUND('',#1403,.T.);
#774=FACE_OUTER_BOUND('',#1404,.T.);
#775=FACE_OUTER_BOUND('',#1405,.T.);
#776=FACE_OUTER_BOUND('',#1406,.T.);
#777=FACE_OUTER_BOUND('',#1407,.T.);
#778=FACE_OUTER_BOUND('',#1408,.T.);
#779=FACE_OUTER_BOUND('',#1409,.T.);
#780=FACE_OUTER_BOUND('',#1410,.T.);
#781=FACE_OUTER_BOUND('',#1411,.T.);
#782=FACE_OUTER_BOUND('',#1412,.T.);
#783=FACE_OUTER_BOUND('',#1413,.T.);
#784=FACE_OUTER_BOUND('',#1415,.T.);
#785=FACE_OUTER_BOUND('',#1417,.T.);
#786=FACE_OUTER_BOUND('',#1419,.T.);
#787=FACE_OUTER_BOUND('',#1421,.T.);
#788=FACE_OUTER_BOUND('',#1423,.T.);
#789=FACE_OUTER_BOUND('',#1424,.T.);
#790=FACE_OUTER_BOUND('',#1425,.T.);
#791=FACE_OUTER_BOUND('',#1426,.T.);
#792=FACE_OUTER_BOUND('',#1427,.T.);
#793=FACE_OUTER_BOUND('',#1428,.T.);
#794=FACE_OUTER_BOUND('',#1429,.T.);
#795=FACE_OUTER_BOUND('',#1430,.T.);
#796=FACE_OUTER_BOUND('',#1431,.T.);
#797=FACE_OUTER_BOUND('',#1432,.T.);
#798=FACE_OUTER_BOUND('',#1433,.T.);
#799=FACE_OUTER_BOUND('',#1434,.T.);
#800=FACE_OUTER_BOUND('',#1435,.T.);
#801=FACE_OUTER_BOUND('',#1436,.T.);
#802=FACE_OUTER_BOUND('',#1437,.T.);
#803=FACE_OUTER_BOUND('',#1438,.T.);
#804=FACE_OUTER_BOUND('',#1439,.T.);
#805=FACE_OUTER_BOUND('',#1440,.T.);
#806=FACE_OUTER_BOUND('',#1441,.T.);
#807=FACE_OUTER_BOUND('',#1442,.T.);
#808=FACE_OUTER_BOUND('',#1443,.T.);
#809=FACE_OUTER_BOUND('',#1444,.T.);
#810=FACE_OUTER_BOUND('',#1445,.T.);
#811=FACE_OUTER_BOUND('',#1446,.T.);
#812=FACE_OUTER_BOUND('',#1447,.T.);
#813=FACE_OUTER_BOUND('',#1448,.T.);
#814=FACE_OUTER_BOUND('',#1449,.T.);
#815=FACE_OUTER_BOUND('',#1450,.T.);
#816=FACE_OUTER_BOUND('',#1451,.T.);
#817=FACE_OUTER_BOUND('',#1452,.T.);
#818=FACE_OUTER_BOUND('',#1453,.T.);
#819=FACE_OUTER_BOUND('',#1454,.T.);
#820=FACE_OUTER_BOUND('',#1455,.T.);
#821=FACE_OUTER_BOUND('',#1456,.T.);
#822=FACE_OUTER_BOUND('',#1457,.T.);
#823=FACE_OUTER_BOUND('',#1458,.T.);
#824=FACE_OUTER_BOUND('',#1459,.T.);
#825=FACE_OUTER_BOUND('',#1460,.T.);
#826=FACE_OUTER_BOUND('',#1461,.T.);
#827=FACE_OUTER_BOUND('',#1462,.T.);
#828=FACE_OUTER_BOUND('',#1463,.T.);
#829=FACE_OUTER_BOUND('',#1464,.T.);
#830=FACE_OUTER_BOUND('',#1465,.T.);
#831=FACE_OUTER_BOUND('',#1466,.T.);
#832=FACE_OUTER_BOUND('',#1467,.T.);
#833=FACE_OUTER_BOUND('',#1468,.T.);
#834=FACE_OUTER_BOUND('',#1469,.T.);
#835=FACE_OUTER_BOUND('',#1470,.T.);
#836=FACE_OUTER_BOUND('',#1471,.T.);
#837=FACE_OUTER_BOUND('',#1472,.T.);
#838=FACE_OUTER_BOUND('',#1473,.T.);
#839=FACE_OUTER_BOUND('',#1474,.T.);
#840=FACE_OUTER_BOUND('',#1475,.T.);
#841=FACE_OUTER_BOUND('',#1476,.T.);
#842=FACE_OUTER_BOUND('',#1477,.T.);
#843=FACE_OUTER_BOUND('',#1478,.T.);
#844=FACE_OUTER_BOUND('',#1479,.T.);
#845=FACE_OUTER_BOUND('',#1480,.T.);
#846=FACE_OUTER_BOUND('',#1481,.T.);
#847=FACE_OUTER_BOUND('',#1482,.T.);
#848=FACE_OUTER_BOUND('',#1483,.T.);
#849=FACE_OUTER_BOUND('',#1484,.T.);
#850=FACE_OUTER_BOUND('',#1485,.T.);
#851=FACE_OUTER_BOUND('',#1486,.T.);
#852=FACE_OUTER_BOUND('',#1487,.T.);
#853=FACE_OUTER_BOUND('',#1488,.T.);
#854=FACE_OUTER_BOUND('',#1489,.T.);
#855=FACE_OUTER_BOUND('',#1490,.T.);
#856=FACE_OUTER_BOUND('',#1491,.T.);
#857=FACE_OUTER_BOUND('',#1492,.T.);
#858=FACE_OUTER_BOUND('',#1493,.T.);
#859=FACE_OUTER_BOUND('',#1494,.T.);
#860=FACE_OUTER_BOUND('',#1495,.T.);
#861=FACE_OUTER_BOUND('',#1496,.T.);
#862=FACE_OUTER_BOUND('',#1497,.T.);
#863=FACE_OUTER_BOUND('',#1498,.T.);
#864=FACE_OUTER_BOUND('',#1499,.T.);
#865=FACE_OUTER_BOUND('',#1500,.T.);
#866=FACE_OUTER_BOUND('',#1501,.T.);
#867=FACE_OUTER_BOUND('',#1502,.T.);
#868=FACE_OUTER_BOUND('',#1503,.T.);
#869=FACE_OUTER_BOUND('',#1504,.T.);
#870=FACE_OUTER_BOUND('',#1505,.T.);
#871=FACE_OUTER_BOUND('',#1506,.T.);
#872=FACE_OUTER_BOUND('',#1507,.T.);
#873=FACE_OUTER_BOUND('',#1508,.T.);
#874=FACE_OUTER_BOUND('',#1509,.T.);
#875=FACE_OUTER_BOUND('',#1510,.T.);
#876=FACE_OUTER_BOUND('',#1511,.T.);
#877=FACE_OUTER_BOUND('',#1512,.T.);
#878=FACE_OUTER_BOUND('',#1513,.T.);
#879=FACE_OUTER_BOUND('',#1514,.T.);
#880=FACE_OUTER_BOUND('',#1515,.T.);
#881=FACE_OUTER_BOUND('',#1516,.T.);
#882=FACE_OUTER_BOUND('',#1517,.T.);
#883=FACE_OUTER_BOUND('',#1518,.T.);
#884=FACE_OUTER_BOUND('',#1519,.T.);
#885=FACE_OUTER_BOUND('',#1520,.T.);
#886=FACE_OUTER_BOUND('',#1521,.T.);
#887=FACE_OUTER_BOUND('',#1522,.T.);
#888=FACE_OUTER_BOUND('',#1523,.T.);
#889=FACE_OUTER_BOUND('',#1524,.T.);
#890=FACE_OUTER_BOUND('',#1525,.T.);
#891=FACE_OUTER_BOUND('',#1526,.T.);
#892=FACE_OUTER_BOUND('',#1527,.T.);
#893=FACE_OUTER_BOUND('',#1528,.T.);
#894=FACE_OUTER_BOUND('',#1529,.T.);
#895=FACE_OUTER_BOUND('',#1530,.T.);
#896=FACE_OUTER_BOUND('',#1531,.T.);
#897=FACE_OUTER_BOUND('',#1532,.T.);
#898=FACE_OUTER_BOUND('',#1533,.T.);
#899=FACE_OUTER_BOUND('',#1534,.T.);
#900=FACE_OUTER_BOUND('',#1538,.T.);
#901=FACE_OUTER_BOUND('',#1540,.T.);
#902=FACE_OUTER_BOUND('',#1541,.T.);
#903=FACE_OUTER_BOUND('',#1542,.T.);
#904=FACE_OUTER_BOUND('',#1543,.T.);
#905=FACE_OUTER_BOUND('',#1547,.T.);
#906=FACE_OUTER_BOUND('',#1548,.T.);
#907=FACE_OUTER_BOUND('',#1549,.T.);
#908=FACE_OUTER_BOUND('',#1550,.T.);
#909=FACE_OUTER_BOUND('',#1551,.T.);
#910=FACE_OUTER_BOUND('',#1552,.T.);
#911=FACE_OUTER_BOUND('',#1553,.T.);
#912=FACE_OUTER_BOUND('',#1554,.T.);
#913=FACE_OUTER_BOUND('',#1555,.T.);
#914=FACE_OUTER_BOUND('',#1556,.T.);
#915=FACE_OUTER_BOUND('',#1557,.T.);
#916=FACE_OUTER_BOUND('',#1558,.T.);
#917=FACE_OUTER_BOUND('',#1559,.T.);
#918=FACE_OUTER_BOUND('',#1560,.T.);
#919=FACE_OUTER_BOUND('',#1561,.T.);
#920=FACE_OUTER_BOUND('',#1562,.T.);
#921=FACE_OUTER_BOUND('',#1570,.T.);
#922=FACE_OUTER_BOUND('',#1571,.T.);
#923=FACE_OUTER_BOUND('',#1572,.T.);
#924=FACE_OUTER_BOUND('',#1573,.T.);
#925=FACE_OUTER_BOUND('',#1574,.T.);
#926=FACE_OUTER_BOUND('',#1575,.T.);
#927=FACE_OUTER_BOUND('',#1576,.T.);
#928=FACE_OUTER_BOUND('',#1577,.T.);
#929=FACE_OUTER_BOUND('',#1578,.T.);
#930=FACE_OUTER_BOUND('',#1579,.T.);
#931=FACE_OUTER_BOUND('',#1580,.T.);
#932=FACE_OUTER_BOUND('',#1581,.T.);
#933=FACE_OUTER_BOUND('',#1582,.T.);
#934=FACE_OUTER_BOUND('',#1583,.T.);
#935=FACE_OUTER_BOUND('',#1584,.T.);
#936=FACE_OUTER_BOUND('',#1585,.T.);
#937=FACE_OUTER_BOUND('',#1586,.T.);
#938=FACE_OUTER_BOUND('',#1587,.T.);
#939=FACE_OUTER_BOUND('',#1588,.T.);
#940=FACE_OUTER_BOUND('',#1589,.T.);
#941=FACE_OUTER_BOUND('',#1590,.T.);
#942=FACE_OUTER_BOUND('',#1591,.T.);
#943=FACE_OUTER_BOUND('',#1592,.T.);
#944=FACE_OUTER_BOUND('',#1593,.T.);
#945=FACE_OUTER_BOUND('',#1594,.T.);
#946=FACE_OUTER_BOUND('',#1595,.T.);
#947=FACE_OUTER_BOUND('',#1596,.T.);
#948=FACE_OUTER_BOUND('',#1597,.T.);
#949=FACE_OUTER_BOUND('',#1598,.T.);
#950=FACE_OUTER_BOUND('',#1599,.T.);
#951=FACE_OUTER_BOUND('',#1600,.T.);
#952=FACE_OUTER_BOUND('',#1601,.T.);
#953=FACE_OUTER_BOUND('',#1602,.T.);
#954=FACE_OUTER_BOUND('',#1603,.T.);
#955=FACE_OUTER_BOUND('',#1604,.T.);
#956=FACE_OUTER_BOUND('',#1605,.T.);
#957=FACE_OUTER_BOUND('',#1606,.T.);
#958=FACE_OUTER_BOUND('',#1607,.T.);
#959=FACE_OUTER_BOUND('',#1608,.T.);
#960=FACE_OUTER_BOUND('',#1609,.T.);
#961=FACE_OUTER_BOUND('',#1610,.T.);
#962=FACE_OUTER_BOUND('',#1611,.T.);
#963=FACE_OUTER_BOUND('',#1612,.T.);
#964=FACE_OUTER_BOUND('',#1613,.T.);
#965=FACE_OUTER_BOUND('',#1614,.T.);
#966=FACE_OUTER_BOUND('',#1615,.T.);
#967=FACE_OUTER_BOUND('',#1616,.T.);
#968=FACE_OUTER_BOUND('',#1617,.T.);
#969=FACE_OUTER_BOUND('',#1618,.T.);
#970=FACE_OUTER_BOUND('',#1619,.T.);
#971=FACE_OUTER_BOUND('',#1620,.T.);
#972=FACE_OUTER_BOUND('',#1621,.T.);
#973=FACE_OUTER_BOUND('',#1622,.T.);
#974=FACE_OUTER_BOUND('',#1623,.T.);
#975=FACE_OUTER_BOUND('',#1624,.T.);
#976=FACE_OUTER_BOUND('',#1625,.T.);
#977=FACE_OUTER_BOUND('',#1626,.T.);
#978=FACE_OUTER_BOUND('',#1627,.T.);
#979=FACE_OUTER_BOUND('',#1628,.T.);
#980=FACE_OUTER_BOUND('',#1629,.T.);
#981=FACE_OUTER_BOUND('',#1630,.T.);
#982=FACE_OUTER_BOUND('',#1631,.T.);
#983=FACE_OUTER_BOUND('',#1632,.T.);
#984=FACE_OUTER_BOUND('',#1633,.T.);
#985=FACE_OUTER_BOUND('',#1634,.T.);
#986=FACE_OUTER_BOUND('',#1635,.T.);
#987=FACE_OUTER_BOUND('',#1636,.T.);
#988=FACE_OUTER_BOUND('',#1637,.T.);
#989=FACE_OUTER_BOUND('',#1638,.T.);
#990=FACE_OUTER_BOUND('',#1639,.T.);
#991=FACE_OUTER_BOUND('',#1640,.T.);
#992=FACE_OUTER_BOUND('',#1641,.T.);
#993=FACE_OUTER_BOUND('',#1642,.T.);
#994=FACE_OUTER_BOUND('',#1643,.T.);
#995=FACE_OUTER_BOUND('',#1644,.T.);
#996=FACE_OUTER_BOUND('',#1645,.T.);
#997=FACE_OUTER_BOUND('',#1646,.T.);
#998=FACE_OUTER_BOUND('',#1647,.T.);
#999=FACE_OUTER_BOUND('',#1648,.T.);
#1000=FACE_OUTER_BOUND('',#1649,.T.);
#1001=FACE_OUTER_BOUND('',#1650,.T.);
#1002=FACE_OUTER_BOUND('',#1651,.T.);
#1003=FACE_OUTER_BOUND('',#1652,.T.);
#1004=FACE_OUTER_BOUND('',#1653,.T.);
#1005=FACE_OUTER_BOUND('',#1654,.T.);
#1006=FACE_OUTER_BOUND('',#1655,.T.);
#1007=FACE_OUTER_BOUND('',#1656,.T.);
#1008=FACE_OUTER_BOUND('',#1657,.T.);
#1009=FACE_OUTER_BOUND('',#1658,.T.);
#1010=FACE_OUTER_BOUND('',#1659,.T.);
#1011=FACE_OUTER_BOUND('',#1660,.T.);
#1012=FACE_OUTER_BOUND('',#1661,.T.);
#1013=FACE_OUTER_BOUND('',#1662,.T.);
#1014=FACE_OUTER_BOUND('',#1663,.T.);
#1015=FACE_OUTER_BOUND('',#1664,.T.);
#1016=FACE_OUTER_BOUND('',#1665,.T.);
#1017=FACE_OUTER_BOUND('',#1666,.T.);
#1018=FACE_OUTER_BOUND('',#1667,.T.);
#1019=FACE_OUTER_BOUND('',#1668,.T.);
#1020=FACE_OUTER_BOUND('',#1669,.T.);
#1021=FACE_OUTER_BOUND('',#1670,.T.);
#1022=FACE_OUTER_BOUND('',#1671,.T.);
#1023=FACE_OUTER_BOUND('',#1672,.T.);
#1024=FACE_OUTER_BOUND('',#1673,.T.);
#1025=FACE_OUTER_BOUND('',#1674,.T.);
#1026=FACE_OUTER_BOUND('',#1675,.T.);
#1027=FACE_OUTER_BOUND('',#1676,.T.);
#1028=FACE_OUTER_BOUND('',#1677,.T.);
#1029=FACE_OUTER_BOUND('',#1678,.T.);
#1030=FACE_OUTER_BOUND('',#1679,.T.);
#1031=FACE_OUTER_BOUND('',#1680,.T.);
#1032=FACE_OUTER_BOUND('',#1681,.T.);
#1033=FACE_OUTER_BOUND('',#1682,.T.);
#1034=FACE_OUTER_BOUND('',#1683,.T.);
#1035=FACE_OUTER_BOUND('',#1684,.T.);
#1036=FACE_OUTER_BOUND('',#1685,.T.);
#1037=FACE_OUTER_BOUND('',#1686,.T.);
#1038=FACE_OUTER_BOUND('',#1687,.T.);
#1039=FACE_OUTER_BOUND('',#1688,.T.);
#1040=FACE_OUTER_BOUND('',#1689,.T.);
#1041=FACE_OUTER_BOUND('',#1690,.T.);
#1042=FACE_OUTER_BOUND('',#1691,.T.);
#1043=FACE_OUTER_BOUND('',#1692,.T.);
#1044=FACE_OUTER_BOUND('',#1693,.T.);
#1045=FACE_OUTER_BOUND('',#1694,.T.);
#1046=FACE_OUTER_BOUND('',#1695,.T.);
#1047=FACE_OUTER_BOUND('',#1696,.T.);
#1048=FACE_OUTER_BOUND('',#1697,.T.);
#1049=FACE_OUTER_BOUND('',#1698,.T.);
#1050=FACE_OUTER_BOUND('',#1699,.T.);
#1051=FACE_OUTER_BOUND('',#1700,.T.);
#1052=FACE_OUTER_BOUND('',#1701,.T.);
#1053=FACE_OUTER_BOUND('',#1702,.T.);
#1054=FACE_OUTER_BOUND('',#1703,.T.);
#1055=FACE_OUTER_BOUND('',#1704,.T.);
#1056=FACE_OUTER_BOUND('',#1705,.T.);
#1057=FACE_OUTER_BOUND('',#1706,.T.);
#1058=FACE_OUTER_BOUND('',#1707,.T.);
#1059=FACE_OUTER_BOUND('',#1708,.T.);
#1060=FACE_OUTER_BOUND('',#1709,.T.);
#1061=FACE_OUTER_BOUND('',#1710,.T.);
#1062=FACE_OUTER_BOUND('',#1711,.T.);
#1063=FACE_OUTER_BOUND('',#1712,.T.);
#1064=FACE_OUTER_BOUND('',#1713,.T.);
#1065=FACE_OUTER_BOUND('',#1714,.T.);
#1066=FACE_OUTER_BOUND('',#1715,.T.);
#1067=FACE_OUTER_BOUND('',#1716,.T.);
#1068=FACE_OUTER_BOUND('',#1717,.T.);
#1069=FACE_OUTER_BOUND('',#1718,.T.);
#1070=FACE_OUTER_BOUND('',#1719,.T.);
#1071=FACE_OUTER_BOUND('',#1720,.T.);
#1072=FACE_OUTER_BOUND('',#1721,.T.);
#1073=FACE_OUTER_BOUND('',#1722,.T.);
#1074=FACE_OUTER_BOUND('',#1723,.T.);
#1075=FACE_OUTER_BOUND('',#1724,.T.);
#1076=FACE_OUTER_BOUND('',#1725,.T.);
#1077=FACE_OUTER_BOUND('',#1726,.T.);
#1078=FACE_OUTER_BOUND('',#1727,.T.);
#1079=FACE_OUTER_BOUND('',#1728,.T.);
#1080=FACE_OUTER_BOUND('',#1729,.T.);
#1081=FACE_OUTER_BOUND('',#1730,.T.);
#1082=FACE_OUTER_BOUND('',#1731,.T.);
#1083=FACE_OUTER_BOUND('',#1732,.T.);
#1084=FACE_OUTER_BOUND('',#1733,.T.);
#1085=FACE_OUTER_BOUND('',#1734,.T.);
#1086=FACE_OUTER_BOUND('',#1735,.T.);
#1087=FACE_OUTER_BOUND('',#1736,.T.);
#1088=FACE_OUTER_BOUND('',#1737,.T.);
#1089=FACE_OUTER_BOUND('',#1738,.T.);
#1090=FACE_OUTER_BOUND('',#1739,.T.);
#1091=FACE_OUTER_BOUND('',#1740,.T.);
#1092=FACE_OUTER_BOUND('',#1741,.T.);
#1093=FACE_OUTER_BOUND('',#1742,.T.);
#1094=FACE_OUTER_BOUND('',#1743,.T.);
#1095=FACE_OUTER_BOUND('',#1744,.T.);
#1096=FACE_OUTER_BOUND('',#1745,.T.);
#1097=FACE_OUTER_BOUND('',#1746,.T.);
#1098=FACE_OUTER_BOUND('',#1747,.T.);
#1099=FACE_OUTER_BOUND('',#1748,.T.);
#1100=FACE_OUTER_BOUND('',#1749,.T.);
#1101=FACE_OUTER_BOUND('',#1750,.T.);
#1102=FACE_OUTER_BOUND('',#1751,.T.);
#1103=FACE_OUTER_BOUND('',#1752,.T.);
#1104=FACE_OUTER_BOUND('',#1753,.T.);
#1105=FACE_OUTER_BOUND('',#1754,.T.);
#1106=FACE_OUTER_BOUND('',#1755,.T.);
#1107=FACE_OUTER_BOUND('',#1756,.T.);
#1108=FACE_OUTER_BOUND('',#1757,.T.);
#1109=FACE_OUTER_BOUND('',#1758,.T.);
#1110=FACE_OUTER_BOUND('',#1759,.T.);
#1111=FACE_OUTER_BOUND('',#1760,.T.);
#1112=FACE_OUTER_BOUND('',#1761,.T.);
#1113=FACE_OUTER_BOUND('',#1762,.T.);
#1114=FACE_OUTER_BOUND('',#1763,.T.);
#1115=FACE_OUTER_BOUND('',#1764,.T.);
#1116=FACE_OUTER_BOUND('',#1765,.T.);
#1117=FACE_OUTER_BOUND('',#1766,.T.);
#1118=FACE_OUTER_BOUND('',#1767,.T.);
#1119=FACE_OUTER_BOUND('',#1768,.T.);
#1120=FACE_OUTER_BOUND('',#1769,.T.);
#1121=FACE_OUTER_BOUND('',#1770,.T.);
#1122=FACE_OUTER_BOUND('',#1771,.T.);
#1123=FACE_OUTER_BOUND('',#1772,.T.);
#1124=FACE_OUTER_BOUND('',#1773,.T.);
#1125=FACE_OUTER_BOUND('',#1774,.T.);
#1126=FACE_OUTER_BOUND('',#1775,.T.);
#1127=FACE_OUTER_BOUND('',#1776,.T.);
#1128=FACE_OUTER_BOUND('',#1777,.T.);
#1129=FACE_OUTER_BOUND('',#1778,.T.);
#1130=FACE_OUTER_BOUND('',#1779,.T.);
#1131=FACE_OUTER_BOUND('',#1780,.T.);
#1132=FACE_OUTER_BOUND('',#1781,.T.);
#1133=FACE_OUTER_BOUND('',#1782,.T.);
#1134=FACE_OUTER_BOUND('',#1783,.T.);
#1135=FACE_OUTER_BOUND('',#1784,.T.);
#1136=FACE_OUTER_BOUND('',#1785,.T.);
#1137=FACE_OUTER_BOUND('',#1786,.T.);
#1138=FACE_OUTER_BOUND('',#1787,.T.);
#1139=FACE_OUTER_BOUND('',#1788,.T.);
#1140=FACE_OUTER_BOUND('',#1789,.T.);
#1141=FACE_OUTER_BOUND('',#1790,.T.);
#1142=FACE_OUTER_BOUND('',#1791,.T.);
#1143=FACE_OUTER_BOUND('',#1792,.T.);
#1144=FACE_OUTER_BOUND('',#1793,.T.);
#1145=FACE_OUTER_BOUND('',#1794,.T.);
#1146=FACE_OUTER_BOUND('',#1795,.T.);
#1147=FACE_OUTER_BOUND('',#1796,.T.);
#1148=FACE_OUTER_BOUND('',#1797,.T.);
#1149=FACE_OUTER_BOUND('',#1798,.T.);
#1150=FACE_OUTER_BOUND('',#1799,.T.);
#1151=FACE_OUTER_BOUND('',#1800,.T.);
#1152=FACE_OUTER_BOUND('',#1801,.T.);
#1153=FACE_OUTER_BOUND('',#1802,.T.);
#1154=FACE_OUTER_BOUND('',#1803,.T.);
#1155=FACE_OUTER_BOUND('',#1804,.T.);
#1156=FACE_OUTER_BOUND('',#1805,.T.);
#1157=FACE_OUTER_BOUND('',#1806,.T.);
#1158=FACE_OUTER_BOUND('',#1807,.T.);
#1159=FACE_OUTER_BOUND('',#1808,.T.);
#1160=FACE_OUTER_BOUND('',#1809,.T.);
#1161=FACE_OUTER_BOUND('',#1810,.T.);
#1162=FACE_OUTER_BOUND('',#1811,.T.);
#1163=FACE_OUTER_BOUND('',#1812,.T.);
#1164=FACE_OUTER_BOUND('',#1813,.T.);
#1165=FACE_OUTER_BOUND('',#1814,.T.);
#1166=FACE_OUTER_BOUND('',#1816,.T.);
#1167=FACE_OUTER_BOUND('',#1818,.T.);
#1168=FACE_OUTER_BOUND('',#1820,.T.);
#1169=FACE_OUTER_BOUND('',#1822,.T.);
#1170=FACE_OUTER_BOUND('',#1824,.T.);
#1171=FACE_OUTER_BOUND('',#1825,.T.);
#1172=FACE_OUTER_BOUND('',#1826,.T.);
#1173=FACE_OUTER_BOUND('',#1827,.T.);
#1174=FACE_OUTER_BOUND('',#1828,.T.);
#1175=FACE_OUTER_BOUND('',#1829,.T.);
#1176=FACE_OUTER_BOUND('',#1830,.T.);
#1177=FACE_OUTER_BOUND('',#1831,.T.);
#1178=FACE_OUTER_BOUND('',#1832,.T.);
#1179=FACE_OUTER_BOUND('',#1833,.T.);
#1180=FACE_OUTER_BOUND('',#1834,.T.);
#1181=FACE_OUTER_BOUND('',#1835,.T.);
#1182=FACE_OUTER_BOUND('',#1836,.T.);
#1183=FACE_OUTER_BOUND('',#1837,.T.);
#1184=FACE_OUTER_BOUND('',#1838,.T.);
#1185=FACE_OUTER_BOUND('',#1839,.T.);
#1186=FACE_OUTER_BOUND('',#1840,.T.);
#1187=FACE_OUTER_BOUND('',#1841,.T.);
#1188=FACE_OUTER_BOUND('',#1842,.T.);
#1189=FACE_OUTER_BOUND('',#1843,.T.);
#1190=FACE_OUTER_BOUND('',#1844,.T.);
#1191=FACE_OUTER_BOUND('',#1845,.T.);
#1192=FACE_OUTER_BOUND('',#1846,.T.);
#1193=FACE_OUTER_BOUND('',#1847,.T.);
#1194=FACE_OUTER_BOUND('',#1848,.T.);
#1195=FACE_OUTER_BOUND('',#1849,.T.);
#1196=FACE_OUTER_BOUND('',#1850,.T.);
#1197=FACE_OUTER_BOUND('',#1851,.T.);
#1198=FACE_OUTER_BOUND('',#1852,.T.);
#1199=FACE_OUTER_BOUND('',#1853,.T.);
#1200=FACE_OUTER_BOUND('',#1854,.T.);
#1201=FACE_OUTER_BOUND('',#1855,.T.);
#1202=FACE_OUTER_BOUND('',#1856,.T.);
#1203=FACE_OUTER_BOUND('',#1857,.T.);
#1204=FACE_OUTER_BOUND('',#1858,.T.);
#1205=FACE_OUTER_BOUND('',#1859,.T.);
#1206=FACE_OUTER_BOUND('',#1860,.T.);
#1207=EDGE_LOOP('',(#7478,#7479,#7480,#7481));
#1208=EDGE_LOOP('',(#7482));
#1209=EDGE_LOOP('',(#7483,#7484,#7485,#7486));
#1210=EDGE_LOOP('',(#7487,#7488,#7489,#7490));
#1211=EDGE_LOOP('',(#7491,#7492,#7493,#7494));
#1212=EDGE_LOOP('',(#7495,#7496,#7497,#7498,#7499));
#1213=EDGE_LOOP('',(#7500,#7501,#7502,#7503));
#1214=EDGE_LOOP('',(#7504,#7505,#7506,#7507,#7508));
#1215=EDGE_LOOP('',(#7509,#7510,#7511,#7512));
#1216=EDGE_LOOP('',(#7513,#7514,#7515,#7516));
#1217=EDGE_LOOP('',(#7517,#7518,#7519,#7520));
#1218=EDGE_LOOP('',(#7521,#7522,#7523,#7524,#7525,#7526,#7527,#7528,#7529,
#7530,#7531,#7532,#7533,#7534,#7535,#7536,#7537,#7538,#7539,#7540,#7541,
#7542,#7543,#7544,#7545,#7546,#7547,#7548,#7549,#7550,#7551,#7552,#7553));
#1219=EDGE_LOOP('',(#7554));
#1220=EDGE_LOOP('',(#7555));
#1221=EDGE_LOOP('',(#7556,#7557,#7558,#7559,#7560,#7561,#7562,#7563,#7564,
#7565,#7566,#7567,#7568,#7569,#7570,#7571,#7572,#7573,#7574,#7575,#7576,
#7577,#7578,#7579,#7580,#7581,#7582,#7583,#7584,#7585,#7586,#7587,#7588,
#7589,#7590));
#1222=EDGE_LOOP('',(#7591));
#1223=EDGE_LOOP('',(#7592));
#1224=EDGE_LOOP('',(#7593));
#1225=EDGE_LOOP('',(#7594,#7595,#7596,#7597,#7598,#7599,#7600,#7601,#7602,
#7603,#7604,#7605,#7606,#7607,#7608,#7609,#7610,#7611,#7612,#7613,#7614,
#7615,#7616,#7617,#7618,#7619,#7620,#7621,#7622,#7623));
#1226=EDGE_LOOP('',(#7624));
#1227=EDGE_LOOP('',(#7625));
#1228=EDGE_LOOP('',(#7626));
#1229=EDGE_LOOP('',(#7627,#7628,#7629,#7630));
#1230=EDGE_LOOP('',(#7631,#7632,#7633,#7634,#7635,#7636));
#1231=EDGE_LOOP('',(#7637,#7638,#7639,#7640,#7641,#7642));
#1232=EDGE_LOOP('',(#7643,#7644,#7645,#7646,#7647,#7648,#7649,#7650,#7651,
#7652,#7653,#7654,#7655,#7656,#7657,#7658,#7659,#7660,#7661,#7662,#7663,
#7664,#7665,#7666,#7667,#7668,#7669,#7670,#7671,#7672,#7673,#7674,#7675));
#1233=EDGE_LOOP('',(#7676));
#1234=EDGE_LOOP('',(#7677,#7678,#7679,#7680));
#1235=EDGE_LOOP('',(#7681,#7682,#7683,#7684));
#1236=EDGE_LOOP('',(#7685));
#1237=EDGE_LOOP('',(#7686));
#1238=EDGE_LOOP('',(#7687));
#1239=EDGE_LOOP('',(#7688));
#1240=EDGE_LOOP('',(#7689,#7690,#7691,#7692,#7693,#7694,#7695,#7696,#7697,
#7698));
#1241=EDGE_LOOP('',(#7699,#7700,#7701,#7702));
#1242=EDGE_LOOP('',(#7703,#7704,#7705,#7706,#7707,#7708));
#1243=EDGE_LOOP('',(#7709,#7710,#7711,#7712));
#1244=EDGE_LOOP('',(#7713,#7714,#7715,#7716,#7717,#7718));
#1245=EDGE_LOOP('',(#7719,#7720,#7721,#7722,#7723,#7724,#7725,#7726,#7727,
#7728,#7729,#7730));
#1246=EDGE_LOOP('',(#7731));
#1247=EDGE_LOOP('',(#7732,#7733,#7734,#7735));
#1248=EDGE_LOOP('',(#7736,#7737,#7738,#7739));
#1249=EDGE_LOOP('',(#7740,#7741,#7742,#7743));
#1250=EDGE_LOOP('',(#7744,#7745,#7746,#7747));
#1251=EDGE_LOOP('',(#7748,#7749,#7750,#7751));
#1252=EDGE_LOOP('',(#7752,#7753,#7754,#7755));
#1253=EDGE_LOOP('',(#7756,#7757,#7758,#7759));
#1254=EDGE_LOOP('',(#7760,#7761,#7762,#7763));
#1255=EDGE_LOOP('',(#7764,#7765,#7766,#7767));
#1256=EDGE_LOOP('',(#7768,#7769,#7770,#7771));
#1257=EDGE_LOOP('',(#7772,#7773,#7774,#7775));
#1258=EDGE_LOOP('',(#7776,#7777,#7778,#7779));
#1259=EDGE_LOOP('',(#7780,#7781,#7782,#7783));
#1260=EDGE_LOOP('',(#7784,#7785,#7786,#7787));
#1261=EDGE_LOOP('',(#7788,#7789,#7790,#7791));
#1262=EDGE_LOOP('',(#7792,#7793,#7794,#7795));
#1263=EDGE_LOOP('',(#7796,#7797,#7798,#7799));
#1264=EDGE_LOOP('',(#7800,#7801,#7802,#7803));
#1265=EDGE_LOOP('',(#7804,#7805,#7806,#7807));
#1266=EDGE_LOOP('',(#7808,#7809,#7810,#7811));
#1267=EDGE_LOOP('',(#7812,#7813,#7814,#7815));
#1268=EDGE_LOOP('',(#7816,#7817,#7818,#7819));
#1269=EDGE_LOOP('',(#7820,#7821,#7822,#7823));
#1270=EDGE_LOOP('',(#7824,#7825,#7826,#7827));
#1271=EDGE_LOOP('',(#7828,#7829,#7830,#7831));
#1272=EDGE_LOOP('',(#7832,#7833,#7834,#7835));
#1273=EDGE_LOOP('',(#7836,#7837,#7838,#7839));
#1274=EDGE_LOOP('',(#7840,#7841,#7842,#7843));
#1275=EDGE_LOOP('',(#7844,#7845,#7846,#7847));
#1276=EDGE_LOOP('',(#7848,#7849,#7850,#7851));
#1277=EDGE_LOOP('',(#7852,#7853,#7854,#7855));
#1278=EDGE_LOOP('',(#7856,#7857,#7858,#7859));
#1279=EDGE_LOOP('',(#7860,#7861,#7862,#7863));
#1280=EDGE_LOOP('',(#7864,#7865,#7866,#7867));
#1281=EDGE_LOOP('',(#7868,#7869,#7870,#7871));
#1282=EDGE_LOOP('',(#7872,#7873,#7874,#7875));
#1283=EDGE_LOOP('',(#7876,#7877,#7878,#7879));
#1284=EDGE_LOOP('',(#7880,#7881,#7882,#7883));
#1285=EDGE_LOOP('',(#7884,#7885,#7886,#7887));
#1286=EDGE_LOOP('',(#7888,#7889,#7890,#7891));
#1287=EDGE_LOOP('',(#7892,#7893,#7894,#7895));
#1288=EDGE_LOOP('',(#7896,#7897,#7898,#7899));
#1289=EDGE_LOOP('',(#7900,#7901,#7902,#7903));
#1290=EDGE_LOOP('',(#7904,#7905,#7906,#7907));
#1291=EDGE_LOOP('',(#7908,#7909,#7910,#7911));
#1292=EDGE_LOOP('',(#7912,#7913,#7914,#7915));
#1293=EDGE_LOOP('',(#7916,#7917,#7918,#7919,#7920,#7921,#7922));
#1294=EDGE_LOOP('',(#7923,#7924,#7925,#7926,#7927,#7928));
#1295=EDGE_LOOP('',(#7929,#7930,#7931,#7932));
#1296=EDGE_LOOP('',(#7933,#7934,#7935,#7936));
#1297=EDGE_LOOP('',(#7937));
#1298=EDGE_LOOP('',(#7938));
#1299=EDGE_LOOP('',(#7939));
#1300=EDGE_LOOP('',(#7940,#7941,#7942,#7943,#7944));
#1301=EDGE_LOOP('',(#7945,#7946,#7947,#7948));
#1302=EDGE_LOOP('',(#7949,#7950,#7951,#7952));
#1303=EDGE_LOOP('',(#7953,#7954,#7955,#7956,#7957,#7958));
#1304=EDGE_LOOP('',(#7959,#7960,#7961,#7962,#7963,#7964));
#1305=EDGE_LOOP('',(#7965,#7966,#7967,#7968));
#1306=EDGE_LOOP('',(#7969,#7970,#7971,#7972));
#1307=EDGE_LOOP('',(#7973,#7974,#7975,#7976));
#1308=EDGE_LOOP('',(#7977,#7978,#7979,#7980,#7981));
#1309=EDGE_LOOP('',(#7982,#7983,#7984,#7985,#7986,#7987));
#1310=EDGE_LOOP('',(#7988,#7989,#7990,#7991));
#1311=EDGE_LOOP('',(#7992,#7993,#7994,#7995));
#1312=EDGE_LOOP('',(#7996,#7997,#7998,#7999));
#1313=EDGE_LOOP('',(#8000,#8001,#8002,#8003));
#1314=EDGE_LOOP('',(#8004,#8005,#8006,#8007));
#1315=EDGE_LOOP('',(#8008,#8009,#8010,#8011));
#1316=EDGE_LOOP('',(#8012,#8013,#8014,#8015));
#1317=EDGE_LOOP('',(#8016,#8017,#8018,#8019));
#1318=EDGE_LOOP('',(#8020,#8021,#8022,#8023));
#1319=EDGE_LOOP('',(#8024,#8025,#8026,#8027));
#1320=EDGE_LOOP('',(#8028,#8029,#8030,#8031));
#1321=EDGE_LOOP('',(#8032,#8033,#8034,#8035));
#1322=EDGE_LOOP('',(#8036,#8037,#8038,#8039));
#1323=EDGE_LOOP('',(#8040,#8041,#8042,#8043));
#1324=EDGE_LOOP('',(#8044,#8045,#8046,#8047));
#1325=EDGE_LOOP('',(#8048,#8049,#8050,#8051));
#1326=EDGE_LOOP('',(#8052,#8053,#8054,#8055));
#1327=EDGE_LOOP('',(#8056,#8057,#8058,#8059));
#1328=EDGE_LOOP('',(#8060,#8061,#8062,#8063));
#1329=EDGE_LOOP('',(#8064,#8065,#8066,#8067));
#1330=EDGE_LOOP('',(#8068,#8069,#8070,#8071,#8072));
#1331=EDGE_LOOP('',(#8073,#8074,#8075,#8076,#8077,#8078,#8079,#8080));
#1332=EDGE_LOOP('',(#8081,#8082,#8083,#8084));
#1333=EDGE_LOOP('',(#8085,#8086,#8087,#8088));
#1334=EDGE_LOOP('',(#8089,#8090,#8091,#8092));
#1335=EDGE_LOOP('',(#8093,#8094,#8095,#8096));
#1336=EDGE_LOOP('',(#8097,#8098,#8099,#8100));
#1337=EDGE_LOOP('',(#8101,#8102,#8103,#8104));
#1338=EDGE_LOOP('',(#8105,#8106,#8107,#8108));
#1339=EDGE_LOOP('',(#8109,#8110,#8111,#8112));
#1340=EDGE_LOOP('',(#8113,#8114,#8115,#8116));
#1341=EDGE_LOOP('',(#8117,#8118,#8119,#8120));
#1342=EDGE_LOOP('',(#8121,#8122,#8123,#8124));
#1343=EDGE_LOOP('',(#8125,#8126,#8127,#8128,#8129,#8130,#8131,#8132));
#1344=EDGE_LOOP('',(#8133,#8134,#8135,#8136,#8137,#8138));
#1345=EDGE_LOOP('',(#8139,#8140,#8141,#8142,#8143,#8144,#8145,#8146));
#1346=EDGE_LOOP('',(#8147,#8148,#8149,#8150,#8151,#8152,#8153,#8154));
#1347=EDGE_LOOP('',(#8155,#8156,#8157,#8158,#8159));
#1348=EDGE_LOOP('',(#8160,#8161,#8162,#8163,#8164));
#1349=EDGE_LOOP('',(#8165,#8166,#8167,#8168,#8169,#8170,#8171,#8172));
#1350=EDGE_LOOP('',(#8173,#8174,#8175,#8176));
#1351=EDGE_LOOP('',(#8177,#8178,#8179,#8180));
#1352=EDGE_LOOP('',(#8181,#8182,#8183,#8184,#8185,#8186,#8187,#8188));
#1353=EDGE_LOOP('',(#8189,#8190,#8191,#8192,#8193,#8194,#8195,#8196,#8197,
#8198));
#1354=EDGE_LOOP('',(#8199,#8200,#8201,#8202,#8203,#8204,#8205,#8206,#8207,
#8208,#8209,#8210));
#1355=EDGE_LOOP('',(#8211,#8212,#8213,#8214));
#1356=EDGE_LOOP('',(#8215,#8216,#8217,#8218));
#1357=EDGE_LOOP('',(#8219,#8220,#8221,#8222));
#1358=EDGE_LOOP('',(#8223,#8224,#8225,#8226,#8227));
#1359=EDGE_LOOP('',(#8228,#8229,#8230,#8231));
#1360=EDGE_LOOP('',(#8232,#8233,#8234,#8235,#8236));
#1361=EDGE_LOOP('',(#8237,#8238,#8239,#8240));
#1362=EDGE_LOOP('',(#8241,#8242,#8243,#8244,#8245));
#1363=EDGE_LOOP('',(#8246,#8247,#8248,#8249));
#1364=EDGE_LOOP('',(#8250,#8251,#8252,#8253));
#1365=EDGE_LOOP('',(#8254,#8255,#8256,#8257));
#1366=EDGE_LOOP('',(#8258,#8259,#8260,#8261));
#1367=EDGE_LOOP('',(#8262,#8263,#8264,#8265));
#1368=EDGE_LOOP('',(#8266,#8267,#8268,#8269));
#1369=EDGE_LOOP('',(#8270,#8271,#8272,#8273));
#1370=EDGE_LOOP('',(#8274,#8275,#8276,#8277));
#1371=EDGE_LOOP('',(#8278,#8279,#8280,#8281));
#1372=EDGE_LOOP('',(#8282,#8283,#8284,#8285));
#1373=EDGE_LOOP('',(#8286,#8287,#8288,#8289));
#1374=EDGE_LOOP('',(#8290,#8291,#8292,#8293));
#1375=EDGE_LOOP('',(#8294,#8295,#8296,#8297));
#1376=EDGE_LOOP('',(#8298,#8299,#8300,#8301,#8302,#8303,#8304,#8305));
#1377=EDGE_LOOP('',(#8306,#8307,#8308,#8309));
#1378=EDGE_LOOP('',(#8310,#8311,#8312,#8313));
#1379=EDGE_LOOP('',(#8314,#8315,#8316,#8317));
#1380=EDGE_LOOP('',(#8318,#8319,#8320,#8321));
#1381=EDGE_LOOP('',(#8322,#8323,#8324,#8325));
#1382=EDGE_LOOP('',(#8326,#8327,#8328,#8329));
#1383=EDGE_LOOP('',(#8330,#8331,#8332,#8333));
#1384=EDGE_LOOP('',(#8334,#8335,#8336,#8337));
#1385=EDGE_LOOP('',(#8338,#8339,#8340,#8341));
#1386=EDGE_LOOP('',(#8342,#8343,#8344,#8345));
#1387=EDGE_LOOP('',(#8346,#8347,#8348,#8349));
#1388=EDGE_LOOP('',(#8350,#8351,#8352,#8353));
#1389=EDGE_LOOP('',(#8354,#8355,#8356,#8357));
#1390=EDGE_LOOP('',(#8358,#8359,#8360,#8361));
#1391=EDGE_LOOP('',(#8362,#8363,#8364,#8365));
#1392=EDGE_LOOP('',(#8366,#8367,#8368,#8369));
#1393=EDGE_LOOP('',(#8370,#8371,#8372,#8373));
#1394=EDGE_LOOP('',(#8374,#8375,#8376,#8377,#8378,#8379,#8380,#8381));
#1395=EDGE_LOOP('',(#8382,#8383,#8384,#8385,#8386,#8387,#8388,#8389,#8390,
#8391,#8392,#8393,#8394,#8395,#8396,#8397,#8398,#8399,#8400,#8401,#8402,
#8403,#8404,#8405,#8406,#8407,#8408,#8409,#8410,#8411,#8412,#8413,#8414,
#8415,#8416,#8417,#8418,#8419,#8420,#8421,#8422,#8423,#8424,#8425,#8426,
#8427,#8428,#8429,#8430,#8431,#8432,#8433,#8434,#8435,#8436,#8437,#8438,
#8439,#8440));
#1396=EDGE_LOOP('',(#8441,#8442,#8443,#8444));
#1397=EDGE_LOOP('',(#8445,#8446,#8447,#8448));
#1398=EDGE_LOOP('',(#8449,#8450,#8451,#8452,#8453,#8454,#8455,#8456));
#1399=EDGE_LOOP('',(#8457,#8458,#8459,#8460));
#1400=EDGE_LOOP('',(#8461,#8462,#8463,#8464));
#1401=EDGE_LOOP('',(#8465,#8466,#8467,#8468));
#1402=EDGE_LOOP('',(#8469,#8470,#8471,#8472));
#1403=EDGE_LOOP('',(#8473,#8474,#8475,#8476));
#1404=EDGE_LOOP('',(#8477,#8478,#8479,#8480));
#1405=EDGE_LOOP('',(#8481,#8482,#8483,#8484,#8485,#8486,#8487,#8488));
#1406=EDGE_LOOP('',(#8489,#8490,#8491,#8492));
#1407=EDGE_LOOP('',(#8493,#8494,#8495,#8496));
#1408=EDGE_LOOP('',(#8497,#8498,#8499,#8500));
#1409=EDGE_LOOP('',(#8501,#8502,#8503,#8504));
#1410=EDGE_LOOP('',(#8505,#8506,#8507,#8508));
#1411=EDGE_LOOP('',(#8509,#8510,#8511,#8512));
#1412=EDGE_LOOP('',(#8513,#8514,#8515,#8516,#8517));
#1413=EDGE_LOOP('',(#8518));
#1414=EDGE_LOOP('',(#8519));
#1415=EDGE_LOOP('',(#8520));
#1416=EDGE_LOOP('',(#8521));
#1417=EDGE_LOOP('',(#8522));
#1418=EDGE_LOOP('',(#8523));
#1419=EDGE_LOOP('',(#8524));
#1420=EDGE_LOOP('',(#8525));
#1421=EDGE_LOOP('',(#8526));
#1422=EDGE_LOOP('',(#8527));
#1423=EDGE_LOOP('',(#8528,#8529,#8530,#8531));
#1424=EDGE_LOOP('',(#8532,#8533,#8534,#8535));
#1425=EDGE_LOOP('',(#8536,#8537,#8538,#8539));
#1426=EDGE_LOOP('',(#8540,#8541,#8542,#8543));
#1427=EDGE_LOOP('',(#8544,#8545,#8546,#8547,#8548,#8549));
#1428=EDGE_LOOP('',(#8550,#8551,#8552,#8553));
#1429=EDGE_LOOP('',(#8554,#8555,#8556,#8557));
#1430=EDGE_LOOP('',(#8558,#8559,#8560,#8561));
#1431=EDGE_LOOP('',(#8562,#8563,#8564,#8565));
#1432=EDGE_LOOP('',(#8566,#8567,#8568,#8569));
#1433=EDGE_LOOP('',(#8570,#8571,#8572,#8573,#8574,#8575));
#1434=EDGE_LOOP('',(#8576,#8577,#8578,#8579,#8580,#8581,#8582,#8583,#8584,
#8585));
#1435=EDGE_LOOP('',(#8586,#8587,#8588,#8589,#8590,#8591,#8592,#8593,#8594));
#1436=EDGE_LOOP('',(#8595,#8596,#8597,#8598));
#1437=EDGE_LOOP('',(#8599,#8600,#8601,#8602));
#1438=EDGE_LOOP('',(#8603,#8604,#8605,#8606));
#1439=EDGE_LOOP('',(#8607,#8608,#8609,#8610));
#1440=EDGE_LOOP('',(#8611,#8612,#8613,#8614));
#1441=EDGE_LOOP('',(#8615,#8616,#8617,#8618));
#1442=EDGE_LOOP('',(#8619,#8620,#8621,#8622));
#1443=EDGE_LOOP('',(#8623,#8624,#8625,#8626));
#1444=EDGE_LOOP('',(#8627));
#1445=EDGE_LOOP('',(#8628,#8629,#8630,#8631,#8632,#8633));
#1446=EDGE_LOOP('',(#8634,#8635,#8636,#8637));
#1447=EDGE_LOOP('',(#8638,#8639,#8640,#8641));
#1448=EDGE_LOOP('',(#8642,#8643,#8644,#8645));
#1449=EDGE_LOOP('',(#8646,#8647,#8648,#8649));
#1450=EDGE_LOOP('',(#8650,#8651,#8652,#8653));
#1451=EDGE_LOOP('',(#8654,#8655,#8656,#8657));
#1452=EDGE_LOOP('',(#8658,#8659,#8660,#8661));
#1453=EDGE_LOOP('',(#8662,#8663,#8664,#8665));
#1454=EDGE_LOOP('',(#8666,#8667,#8668,#8669));
#1455=EDGE_LOOP('',(#8670,#8671,#8672,#8673));
#1456=EDGE_LOOP('',(#8674,#8675,#8676,#8677));
#1457=EDGE_LOOP('',(#8678,#8679,#8680,#8681));
#1458=EDGE_LOOP('',(#8682,#8683,#8684,#8685));
#1459=EDGE_LOOP('',(#8686,#8687,#8688,#8689));
#1460=EDGE_LOOP('',(#8690,#8691,#8692,#8693,#8694));
#1461=EDGE_LOOP('',(#8695));
#1462=EDGE_LOOP('',(#8696));
#1463=EDGE_LOOP('',(#8697));
#1464=EDGE_LOOP('',(#8698));
#1465=EDGE_LOOP('',(#8699));
#1466=EDGE_LOOP('',(#8700,#8701,#8702,#8703));
#1467=EDGE_LOOP('',(#8704,#8705,#8706,#8707));
#1468=EDGE_LOOP('',(#8708,#8709,#8710,#8711));
#1469=EDGE_LOOP('',(#8712,#8713,#8714,#8715));
#1470=EDGE_LOOP('',(#8716,#8717,#8718,#8719));
#1471=EDGE_LOOP('',(#8720,#8721,#8722,#8723));
#1472=EDGE_LOOP('',(#8724,#8725,#8726,#8727));
#1473=EDGE_LOOP('',(#8728,#8729,#8730,#8731));
#1474=EDGE_LOOP('',(#8732,#8733,#8734,#8735));
#1475=EDGE_LOOP('',(#8736,#8737,#8738,#8739));
#1476=EDGE_LOOP('',(#8740,#8741,#8742,#8743));
#1477=EDGE_LOOP('',(#8744,#8745,#8746,#8747));
#1478=EDGE_LOOP('',(#8748,#8749,#8750,#8751));
#1479=EDGE_LOOP('',(#8752,#8753,#8754,#8755));
#1480=EDGE_LOOP('',(#8756,#8757,#8758,#8759));
#1481=EDGE_LOOP('',(#8760,#8761,#8762,#8763));
#1482=EDGE_LOOP('',(#8764,#8765,#8766,#8767));
#1483=EDGE_LOOP('',(#8768,#8769,#8770,#8771));
#1484=EDGE_LOOP('',(#8772,#8773,#8774,#8775,#8776,#8777,#8778,#8779));
#1485=EDGE_LOOP('',(#8780,#8781,#8782,#8783));
#1486=EDGE_LOOP('',(#8784,#8785,#8786,#8787));
#1487=EDGE_LOOP('',(#8788,#8789,#8790,#8791));
#1488=EDGE_LOOP('',(#8792,#8793,#8794,#8795));
#1489=EDGE_LOOP('',(#8796,#8797,#8798,#8799));
#1490=EDGE_LOOP('',(#8800,#8801,#8802,#8803));
#1491=EDGE_LOOP('',(#8804,#8805,#8806,#8807));
#1492=EDGE_LOOP('',(#8808,#8809,#8810,#8811));
#1493=EDGE_LOOP('',(#8812,#8813,#8814,#8815));
#1494=EDGE_LOOP('',(#8816,#8817,#8818,#8819));
#1495=EDGE_LOOP('',(#8820,#8821,#8822,#8823));
#1496=EDGE_LOOP('',(#8824,#8825,#8826,#8827));
#1497=EDGE_LOOP('',(#8828,#8829,#8830,#8831));
#1498=EDGE_LOOP('',(#8832,#8833,#8834,#8835));
#1499=EDGE_LOOP('',(#8836,#8837,#8838,#8839));
#1500=EDGE_LOOP('',(#8840,#8841,#8842,#8843));
#1501=EDGE_LOOP('',(#8844,#8845,#8846,#8847));
#1502=EDGE_LOOP('',(#8848,#8849,#8850,#8851));
#1503=EDGE_LOOP('',(#8852,#8853,#8854,#8855));
#1504=EDGE_LOOP('',(#8856,#8857,#8858,#8859));
#1505=EDGE_LOOP('',(#8860,#8861,#8862,#8863));
#1506=EDGE_LOOP('',(#8864,#8865,#8866,#8867));
#1507=EDGE_LOOP('',(#8868,#8869,#8870,#8871));
#1508=EDGE_LOOP('',(#8872,#8873,#8874,#8875));
#1509=EDGE_LOOP('',(#8876,#8877,#8878,#8879));
#1510=EDGE_LOOP('',(#8880,#8881,#8882,#8883));
#1511=EDGE_LOOP('',(#8884,#8885,#8886,#8887));
#1512=EDGE_LOOP('',(#8888,#8889,#8890,#8891,#8892,#8893,#8894,#8895));
#1513=EDGE_LOOP('',(#8896,#8897,#8898,#8899));
#1514=EDGE_LOOP('',(#8900,#8901,#8902,#8903));
#1515=EDGE_LOOP('',(#8904,#8905,#8906,#8907));
#1516=EDGE_LOOP('',(#8908,#8909,#8910,#8911));
#1517=EDGE_LOOP('',(#8912,#8913,#8914,#8915));
#1518=EDGE_LOOP('',(#8916,#8917,#8918,#8919));
#1519=EDGE_LOOP('',(#8920,#8921,#8922,#8923));
#1520=EDGE_LOOP('',(#8924,#8925,#8926,#8927));
#1521=EDGE_LOOP('',(#8928,#8929,#8930,#8931,#8932,#8933));
#1522=EDGE_LOOP('',(#8934,#8935,#8936,#8937));
#1523=EDGE_LOOP('',(#8938,#8939,#8940,#8941));
#1524=EDGE_LOOP('',(#8942,#8943,#8944,#8945,#8946,#8947,#8948,#8949,#8950,
#8951,#8952,#8953,#8954,#8955,#8956,#8957,#8958,#8959,#8960,#8961,#8962,
#8963,#8964,#8965,#8966,#8967,#8968,#8969,#8970,#8971,#8972,#8973,#8974,
#8975));
#1525=EDGE_LOOP('',(#8976,#8977,#8978,#8979));
#1526=EDGE_LOOP('',(#8980,#8981,#8982,#8983));
#1527=EDGE_LOOP('',(#8984,#8985,#8986,#8987));
#1528=EDGE_LOOP('',(#8988,#8989,#8990,#8991));
#1529=EDGE_LOOP('',(#8992,#8993,#8994,#8995));
#1530=EDGE_LOOP('',(#8996,#8997,#8998,#8999,#9000,#9001,#9002,#9003,#9004,
#9005,#9006,#9007,#9008,#9009,#9010,#9011,#9012,#9013,#9014,#9015,#9016,
#9017,#9018,#9019,#9020,#9021,#9022,#9023,#9024,#9025,#9026,#9027,#9028,
#9029,#9030,#9031,#9032,#9033,#9034,#9035,#9036,#9037,#9038,#9039,#9040,
#9041,#9042,#9043,#9044,#9045,#9046,#9047,#9048,#9049,#9050,#9051,#9052,
#9053,#9054,#9055,#9056,#9057,#9058,#9059,#9060,#9061,#9062,#9063,#9064,
#9065,#9066,#9067,#9068,#9069,#9070,#9071,#9072,#9073,#9074,#9075,#9076,
#9077,#9078,#9079));
#1531=EDGE_LOOP('',(#9080,#9081,#9082,#9083));
#1532=EDGE_LOOP('',(#9084));
#1533=EDGE_LOOP('',(#9085,#9086,#9087,#9088,#9089,#9090,#9091,#9092,#9093,
#9094));
#1534=EDGE_LOOP('',(#9095,#9096,#9097,#9098,#9099,#9100,#9101,#9102,#9103,
#9104,#9105,#9106,#9107,#9108,#9109,#9110,#9111,#9112,#9113,#9114,#9115,
#9116));
#1535=EDGE_LOOP('',(#9117));
#1536=EDGE_LOOP('',(#9118));
#1537=EDGE_LOOP('',(#9119));
#1538=EDGE_LOOP('',(#9120,#9121,#9122,#9123,#9124,#9125,#9126,#9127,#9128,
#9129,#9130,#9131,#9132,#9133,#9134,#9135,#9136,#9137,#9138,#9139,#9140,
#9141,#9142,#9143,#9144,#9145,#9146,#9147,#9148,#9149,#9150,#9151,#9152,
#9153,#9154,#9155,#9156,#9157,#9158,#9159,#9160,#9161,#9162,#9163,#9164,
#9165,#9166,#9167,#9168));
#1539=EDGE_LOOP('',(#9169));
#1540=EDGE_LOOP('',(#9170,#9171,#9172,#9173,#9174,#9175));
#1541=EDGE_LOOP('',(#9176,#9177,#9178,#9179,#9180,#9181,#9182,#9183,#9184,
#9185,#9186,#9187,#9188,#9189,#9190,#9191,#9192,#9193,#9194,#9195,#9196,
#9197,#9198,#9199,#9200,#9201,#9202,#9203,#9204,#9205,#9206));
#1542=EDGE_LOOP('',(#9207,#9208,#9209,#9210));
#1543=EDGE_LOOP('',(#9211,#9212,#9213,#9214,#9215,#9216,#9217,#9218,#9219,
#9220,#9221,#9222,#9223,#9224,#9225,#9226,#9227,#9228,#9229,#9230,#9231,
#9232,#9233,#9234,#9235,#9236,#9237,#9238,#9239,#9240,#9241,#9242,#9243,
#9244,#9245,#9246,#9247,#9248,#9249));
#1544=EDGE_LOOP('',(#9250));
#1545=EDGE_LOOP('',(#9251));
#1546=EDGE_LOOP('',(#9252));
#1547=EDGE_LOOP('',(#9253,#9254,#9255));
#1548=EDGE_LOOP('',(#9256,#9257,#9258,#9259));
#1549=EDGE_LOOP('',(#9260,#9261,#9262,#9263));
#1550=EDGE_LOOP('',(#9264,#9265,#9266,#9267,#9268));
#1551=EDGE_LOOP('',(#9269,#9270,#9271,#9272));
#1552=EDGE_LOOP('',(#9273,#9274,#9275,#9276,#9277));
#1553=EDGE_LOOP('',(#9278,#9279,#9280,#9281));
#1554=EDGE_LOOP('',(#9282,#9283,#9284,#9285));
#1555=EDGE_LOOP('',(#9286,#9287,#9288,#9289,#9290,#9291));
#1556=EDGE_LOOP('',(#9292,#9293,#9294,#9295,#9296));
#1557=EDGE_LOOP('',(#9297,#9298,#9299,#9300));
#1558=EDGE_LOOP('',(#9301,#9302,#9303,#9304));
#1559=EDGE_LOOP('',(#9305,#9306,#9307,#9308,#9309,#9310));
#1560=EDGE_LOOP('',(#9311,#9312,#9313,#9314,#9315,#9316));
#1561=EDGE_LOOP('',(#9317,#9318,#9319,#9320));
#1562=EDGE_LOOP('',(#9321,#9322,#9323,#9324,#9325,#9326,#9327,#9328,#9329,
#9330,#9331,#9332,#9333,#9334,#9335,#9336,#9337,#9338,#9339,#9340,#9341,
#9342,#9343,#9344,#9345,#9346,#9347,#9348,#9349,#9350,#9351,#9352,#9353));
#1563=EDGE_LOOP('',(#9354));
#1564=EDGE_LOOP('',(#9355));
#1565=EDGE_LOOP('',(#9356,#9357,#9358,#9359));
#1566=EDGE_LOOP('',(#9360,#9361,#9362,#9363));
#1567=EDGE_LOOP('',(#9364));
#1568=EDGE_LOOP('',(#9365));
#1569=EDGE_LOOP('',(#9366));
#1570=EDGE_LOOP('',(#9367,#9368,#9369,#9370,#9371,#9372));
#1571=EDGE_LOOP('',(#9373,#9374,#9375,#9376));
#1572=EDGE_LOOP('',(#9377,#9378,#9379,#9380,#9381,#9382));
#1573=EDGE_LOOP('',(#9383,#9384,#9385,#9386));
#1574=EDGE_LOOP('',(#9387,#9388,#9389,#9390,#9391,#9392));
#1575=EDGE_LOOP('',(#9393,#9394,#9395,#9396));
#1576=EDGE_LOOP('',(#9397));
#1577=EDGE_LOOP('',(#9398,#9399,#9400,#9401));
#1578=EDGE_LOOP('',(#9402,#9403,#9404,#9405));
#1579=EDGE_LOOP('',(#9406,#9407,#9408,#9409));
#1580=EDGE_LOOP('',(#9410,#9411,#9412,#9413));
#1581=EDGE_LOOP('',(#9414,#9415,#9416,#9417));
#1582=EDGE_LOOP('',(#9418,#9419,#9420,#9421,#9422,#9423,#9424,#9425,#9426,
#9427));
#1583=EDGE_LOOP('',(#9428,#9429,#9430,#9431));
#1584=EDGE_LOOP('',(#9432,#9433,#9434,#9435));
#1585=EDGE_LOOP('',(#9436,#9437,#9438,#9439));
#1586=EDGE_LOOP('',(#9440,#9441,#9442,#9443));
#1587=EDGE_LOOP('',(#9444,#9445,#9446,#9447));
#1588=EDGE_LOOP('',(#9448,#9449,#9450,#9451));
#1589=EDGE_LOOP('',(#9452,#9453,#9454,#9455));
#1590=EDGE_LOOP('',(#9456,#9457,#9458,#9459));
#1591=EDGE_LOOP('',(#9460,#9461,#9462,#9463));
#1592=EDGE_LOOP('',(#9464,#9465,#9466,#9467));
#1593=EDGE_LOOP('',(#9468,#9469,#9470,#9471));
#1594=EDGE_LOOP('',(#9472,#9473,#9474,#9475));
#1595=EDGE_LOOP('',(#9476,#9477,#9478,#9479));
#1596=EDGE_LOOP('',(#9480,#9481,#9482,#9483));
#1597=EDGE_LOOP('',(#9484,#9485,#9486,#9487));
#1598=EDGE_LOOP('',(#9488,#9489,#9490,#9491));
#1599=EDGE_LOOP('',(#9492,#9493,#9494,#9495));
#1600=EDGE_LOOP('',(#9496,#9497,#9498,#9499));
#1601=EDGE_LOOP('',(#9500,#9501,#9502,#9503));
#1602=EDGE_LOOP('',(#9504,#9505,#9506,#9507));
#1603=EDGE_LOOP('',(#9508,#9509,#9510,#9511,#9512,#9513,#9514,#9515,#9516,
#9517,#9518,#9519));
#1604=EDGE_LOOP('',(#9520,#9521,#9522,#9523));
#1605=EDGE_LOOP('',(#9524));
#1606=EDGE_LOOP('',(#9525));
#1607=EDGE_LOOP('',(#9526));
#1608=EDGE_LOOP('',(#9527,#9528,#9529,#9530,#9531,#9532));
#1609=EDGE_LOOP('',(#9533,#9534,#9535,#9536,#9537,#9538,#9539,#9540,#9541,
#9542));
#1610=EDGE_LOOP('',(#9543,#9544,#9545,#9546,#9547,#9548,#9549,#9550,#9551,
#9552,#9553,#9554,#9555,#9556,#9557,#9558,#9559,#9560));
#1611=EDGE_LOOP('',(#9561,#9562,#9563,#9564));
#1612=EDGE_LOOP('',(#9565,#9566,#9567,#9568));
#1613=EDGE_LOOP('',(#9569,#9570,#9571,#9572));
#1614=EDGE_LOOP('',(#9573,#9574,#9575,#9576));
#1615=EDGE_LOOP('',(#9577,#9578,#9579,#9580,#9581,#9582));
#1616=EDGE_LOOP('',(#9583,#9584,#9585,#9586,#9587,#9588));
#1617=EDGE_LOOP('',(#9589,#9590,#9591,#9592,#9593,#9594,#9595,#9596,#9597,
#9598));
#1618=EDGE_LOOP('',(#9599,#9600,#9601,#9602));
#1619=EDGE_LOOP('',(#9603,#9604,#9605,#9606));
#1620=EDGE_LOOP('',(#9607,#9608,#9609,#9610,#9611,#9612,#9613,#9614,#9615,
#9616,#9617,#9618));
#1621=EDGE_LOOP('',(#9619,#9620,#9621));
#1622=EDGE_LOOP('',(#9622,#9623,#9624,#9625));
#1623=EDGE_LOOP('',(#9626,#9627,#9628,#9629));
#1624=EDGE_LOOP('',(#9630,#9631,#9632,#9633,#9634,#9635));
#1625=EDGE_LOOP('',(#9636,#9637,#9638,#9639,#9640,#9641,#9642,#9643,#9644,
#9645));
#1626=EDGE_LOOP('',(#9646,#9647,#9648,#9649,#9650));
#1627=EDGE_LOOP('',(#9651,#9652,#9653,#9654,#9655,#9656,#9657,#9658,#9659,
#9660));
#1628=EDGE_LOOP('',(#9661,#9662,#9663,#9664));
#1629=EDGE_LOOP('',(#9665,#9666,#9667,#9668));
#1630=EDGE_LOOP('',(#9669,#9670,#9671,#9672,#9673));
#1631=EDGE_LOOP('',(#9674,#9675,#9676,#9677,#9678,#9679));
#1632=EDGE_LOOP('',(#9680,#9681,#9682,#9683));
#1633=EDGE_LOOP('',(#9684,#9685,#9686,#9687));
#1634=EDGE_LOOP('',(#9688,#9689,#9690,#9691));
#1635=EDGE_LOOP('',(#9692,#9693,#9694,#9695));
#1636=EDGE_LOOP('',(#9696,#9697,#9698,#9699));
#1637=EDGE_LOOP('',(#9700,#9701,#9702,#9703));
#1638=EDGE_LOOP('',(#9704,#9705,#9706,#9707));
#1639=EDGE_LOOP('',(#9708,#9709,#9710,#9711,#9712,#9713,#9714,#9715,#9716,
#9717,#9718,#9719));
#1640=EDGE_LOOP('',(#9720,#9721,#9722,#9723,#9724,#9725));
#1641=EDGE_LOOP('',(#9726,#9727,#9728,#9729));
#1642=EDGE_LOOP('',(#9730,#9731,#9732,#9733));
#1643=EDGE_LOOP('',(#9734,#9735,#9736,#9737));
#1644=EDGE_LOOP('',(#9738,#9739,#9740,#9741));
#1645=EDGE_LOOP('',(#9742,#9743,#9744,#9745));
#1646=EDGE_LOOP('',(#9746,#9747,#9748,#9749));
#1647=EDGE_LOOP('',(#9750,#9751,#9752,#9753));
#1648=EDGE_LOOP('',(#9754,#9755,#9756,#9757));
#1649=EDGE_LOOP('',(#9758,#9759,#9760,#9761));
#1650=EDGE_LOOP('',(#9762,#9763,#9764,#9765));
#1651=EDGE_LOOP('',(#9766,#9767,#9768,#9769,#9770,#9771,#9772,#9773,#9774,
#9775));
#1652=EDGE_LOOP('',(#9776,#9777,#9778,#9779,#9780,#9781,#9782,#9783,#9784,
#9785));
#1653=EDGE_LOOP('',(#9786,#9787,#9788,#9789));
#1654=EDGE_LOOP('',(#9790,#9791,#9792,#9793));
#1655=EDGE_LOOP('',(#9794,#9795,#9796,#9797));
#1656=EDGE_LOOP('',(#9798,#9799,#9800,#9801));
#1657=EDGE_LOOP('',(#9802,#9803,#9804,#9805));
#1658=EDGE_LOOP('',(#9806,#9807,#9808,#9809));
#1659=EDGE_LOOP('',(#9810,#9811,#9812,#9813));
#1660=EDGE_LOOP('',(#9814,#9815,#9816,#9817));
#1661=EDGE_LOOP('',(#9818,#9819,#9820,#9821,#9822,#9823));
#1662=EDGE_LOOP('',(#9824,#9825,#9826,#9827));
#1663=EDGE_LOOP('',(#9828,#9829,#9830,#9831));
#1664=EDGE_LOOP('',(#9832,#9833,#9834,#9835));
#1665=EDGE_LOOP('',(#9836,#9837,#9838,#9839));
#1666=EDGE_LOOP('',(#9840,#9841,#9842,#9843));
#1667=EDGE_LOOP('',(#9844,#9845,#9846,#9847));
#1668=EDGE_LOOP('',(#9848,#9849,#9850,#9851));
#1669=EDGE_LOOP('',(#9852,#9853,#9854,#9855));
#1670=EDGE_LOOP('',(#9856,#9857,#9858,#9859,#9860,#9861));
#1671=EDGE_LOOP('',(#9862,#9863,#9864,#9865));
#1672=EDGE_LOOP('',(#9866,#9867,#9868,#9869));
#1673=EDGE_LOOP('',(#9870,#9871,#9872,#9873));
#1674=EDGE_LOOP('',(#9874,#9875,#9876,#9877));
#1675=EDGE_LOOP('',(#9878,#9879,#9880,#9881));
#1676=EDGE_LOOP('',(#9882,#9883,#9884,#9885));
#1677=EDGE_LOOP('',(#9886,#9887,#9888,#9889));
#1678=EDGE_LOOP('',(#9890,#9891,#9892,#9893));
#1679=EDGE_LOOP('',(#9894,#9895,#9896,#9897));
#1680=EDGE_LOOP('',(#9898,#9899,#9900,#9901,#9902,#9903,#9904,#9905,#9906,
#9907));
#1681=EDGE_LOOP('',(#9908,#9909,#9910,#9911));
#1682=EDGE_LOOP('',(#9912,#9913,#9914,#9915));
#1683=EDGE_LOOP('',(#9916,#9917,#9918,#9919));
#1684=EDGE_LOOP('',(#9920,#9921,#9922,#9923));
#1685=EDGE_LOOP('',(#9924,#9925,#9926,#9927));
#1686=EDGE_LOOP('',(#9928,#9929,#9930,#9931));
#1687=EDGE_LOOP('',(#9932,#9933,#9934,#9935));
#1688=EDGE_LOOP('',(#9936,#9937,#9938,#9939));
#1689=EDGE_LOOP('',(#9940,#9941,#9942,#9943));
#1690=EDGE_LOOP('',(#9944,#9945,#9946,#9947,#9948,#9949,#9950,#9951,#9952,
#9953));
#1691=EDGE_LOOP('',(#9954,#9955,#9956,#9957,#9958,#9959,#9960,#9961));
#1692=EDGE_LOOP('',(#9962,#9963,#9964,#9965));
#1693=EDGE_LOOP('',(#9966,#9967,#9968,#9969));
#1694=EDGE_LOOP('',(#9970,#9971,#9972,#9973));
#1695=EDGE_LOOP('',(#9974,#9975,#9976,#9977));
#1696=EDGE_LOOP('',(#9978,#9979,#9980,#9981));
#1697=EDGE_LOOP('',(#9982,#9983,#9984,#9985));
#1698=EDGE_LOOP('',(#9986,#9987,#9988,#9989));
#1699=EDGE_LOOP('',(#9990,#9991,#9992,#9993));
#1700=EDGE_LOOP('',(#9994,#9995,#9996,#9997));
#1701=EDGE_LOOP('',(#9998,#9999,#10000,#10001));
#1702=EDGE_LOOP('',(#10002,#10003,#10004,#10005));
#1703=EDGE_LOOP('',(#10006,#10007,#10008,#10009));
#1704=EDGE_LOOP('',(#10010,#10011,#10012,#10013,#10014,#10015,#10016,#10017));
#1705=EDGE_LOOP('',(#10018,#10019,#10020,#10021,#10022,#10023));
#1706=EDGE_LOOP('',(#10024,#10025,#10026,#10027,#10028,#10029));
#1707=EDGE_LOOP('',(#10030,#10031,#10032,#10033,#10034,#10035));
#1708=EDGE_LOOP('',(#10036,#10037,#10038,#10039,#10040));
#1709=EDGE_LOOP('',(#10041,#10042,#10043,#10044));
#1710=EDGE_LOOP('',(#10045,#10046,#10047,#10048));
#1711=EDGE_LOOP('',(#10049,#10050,#10051,#10052,#10053,#10054));
#1712=EDGE_LOOP('',(#10055,#10056,#10057,#10058,#10059,#10060));
#1713=EDGE_LOOP('',(#10061,#10062,#10063,#10064,#10065,#10066,#10067));
#1714=EDGE_LOOP('',(#10068,#10069,#10070,#10071,#10072,#10073));
#1715=EDGE_LOOP('',(#10074,#10075,#10076,#10077));
#1716=EDGE_LOOP('',(#10078,#10079,#10080,#10081));
#1717=EDGE_LOOP('',(#10082,#10083,#10084,#10085));
#1718=EDGE_LOOP('',(#10086,#10087,#10088,#10089,#10090));
#1719=EDGE_LOOP('',(#10091,#10092,#10093,#10094,#10095,#10096));
#1720=EDGE_LOOP('',(#10097,#10098,#10099,#10100));
#1721=EDGE_LOOP('',(#10101,#10102,#10103,#10104));
#1722=EDGE_LOOP('',(#10105,#10106,#10107,#10108));
#1723=EDGE_LOOP('',(#10109,#10110,#10111,#10112));
#1724=EDGE_LOOP('',(#10113,#10114,#10115,#10116));
#1725=EDGE_LOOP('',(#10117,#10118,#10119,#10120));
#1726=EDGE_LOOP('',(#10121,#10122,#10123,#10124));
#1727=EDGE_LOOP('',(#10125,#10126,#10127,#10128));
#1728=EDGE_LOOP('',(#10129,#10130,#10131,#10132));
#1729=EDGE_LOOP('',(#10133,#10134,#10135,#10136));
#1730=EDGE_LOOP('',(#10137,#10138,#10139,#10140));
#1731=EDGE_LOOP('',(#10141,#10142,#10143,#10144));
#1732=EDGE_LOOP('',(#10145,#10146,#10147,#10148));
#1733=EDGE_LOOP('',(#10149,#10150,#10151,#10152));
#1734=EDGE_LOOP('',(#10153,#10154,#10155,#10156));
#1735=EDGE_LOOP('',(#10157,#10158,#10159,#10160));
#1736=EDGE_LOOP('',(#10161,#10162,#10163,#10164));
#1737=EDGE_LOOP('',(#10165,#10166,#10167,#10168));
#1738=EDGE_LOOP('',(#10169,#10170,#10171,#10172));
#1739=EDGE_LOOP('',(#10173,#10174,#10175,#10176));
#1740=EDGE_LOOP('',(#10177,#10178,#10179,#10180));
#1741=EDGE_LOOP('',(#10181,#10182,#10183,#10184));
#1742=EDGE_LOOP('',(#10185,#10186,#10187,#10188,#10189));
#1743=EDGE_LOOP('',(#10190,#10191,#10192,#10193,#10194,#10195,#10196,#10197));
#1744=EDGE_LOOP('',(#10198,#10199,#10200,#10201));
#1745=EDGE_LOOP('',(#10202,#10203,#10204,#10205));
#1746=EDGE_LOOP('',(#10206,#10207,#10208,#10209));
#1747=EDGE_LOOP('',(#10210,#10211,#10212,#10213));
#1748=EDGE_LOOP('',(#10214,#10215,#10216,#10217));
#1749=EDGE_LOOP('',(#10218,#10219,#10220,#10221));
#1750=EDGE_LOOP('',(#10222,#10223,#10224,#10225));
#1751=EDGE_LOOP('',(#10226,#10227,#10228,#10229));
#1752=EDGE_LOOP('',(#10230,#10231,#10232,#10233));
#1753=EDGE_LOOP('',(#10234,#10235,#10236,#10237));
#1754=EDGE_LOOP('',(#10238,#10239,#10240,#10241));
#1755=EDGE_LOOP('',(#10242,#10243,#10244,#10245));
#1756=EDGE_LOOP('',(#10246,#10247,#10248,#10249));
#1757=EDGE_LOOP('',(#10250,#10251,#10252,#10253));
#1758=EDGE_LOOP('',(#10254,#10255,#10256,#10257));
#1759=EDGE_LOOP('',(#10258,#10259,#10260,#10261));
#1760=EDGE_LOOP('',(#10262,#10263,#10264,#10265));
#1761=EDGE_LOOP('',(#10266,#10267,#10268,#10269));
#1762=EDGE_LOOP('',(#10270,#10271,#10272,#10273));
#1763=EDGE_LOOP('',(#10274,#10275,#10276,#10277));
#1764=EDGE_LOOP('',(#10278,#10279,#10280,#10281));
#1765=EDGE_LOOP('',(#10282,#10283,#10284,#10285));
#1766=EDGE_LOOP('',(#10286,#10287,#10288,#10289));
#1767=EDGE_LOOP('',(#10290,#10291,#10292,#10293));
#1768=EDGE_LOOP('',(#10294,#10295,#10296,#10297));
#1769=EDGE_LOOP('',(#10298,#10299,#10300,#10301));
#1770=EDGE_LOOP('',(#10302,#10303,#10304,#10305));
#1771=EDGE_LOOP('',(#10306,#10307,#10308,#10309));
#1772=EDGE_LOOP('',(#10310,#10311,#10312,#10313));
#1773=EDGE_LOOP('',(#10314,#10315,#10316,#10317,#10318,#10319));
#1774=EDGE_LOOP('',(#10320,#10321,#10322,#10323,#10324));
#1775=EDGE_LOOP('',(#10325,#10326,#10327,#10328,#10329));
#1776=EDGE_LOOP('',(#10330,#10331,#10332,#10333));
#1777=EDGE_LOOP('',(#10334,#10335,#10336,#10337));
#1778=EDGE_LOOP('',(#10338,#10339,#10340,#10341,#10342,#10343,#10344,#10345,
#10346,#10347));
#1779=EDGE_LOOP('',(#10348,#10349,#10350,#10351,#10352,#10353,#10354,#10355,
#10356,#10357,#10358,#10359));
#1780=EDGE_LOOP('',(#10360,#10361,#10362,#10363));
#1781=EDGE_LOOP('',(#10364,#10365,#10366,#10367,#10368));
#1782=EDGE_LOOP('',(#10369,#10370,#10371,#10372,#10373));
#1783=EDGE_LOOP('',(#10374,#10375,#10376,#10377,#10378));
#1784=EDGE_LOOP('',(#10379,#10380,#10381,#10382));
#1785=EDGE_LOOP('',(#10383,#10384,#10385,#10386));
#1786=EDGE_LOOP('',(#10387,#10388,#10389,#10390));
#1787=EDGE_LOOP('',(#10391,#10392,#10393,#10394));
#1788=EDGE_LOOP('',(#10395,#10396,#10397,#10398));
#1789=EDGE_LOOP('',(#10399,#10400,#10401,#10402));
#1790=EDGE_LOOP('',(#10403,#10404,#10405,#10406));
#1791=EDGE_LOOP('',(#10407,#10408,#10409,#10410));
#1792=EDGE_LOOP('',(#10411,#10412,#10413,#10414));
#1793=EDGE_LOOP('',(#10415,#10416,#10417,#10418));
#1794=EDGE_LOOP('',(#10419,#10420,#10421,#10422));
#1795=EDGE_LOOP('',(#10423,#10424,#10425,#10426));
#1796=EDGE_LOOP('',(#10427,#10428,#10429,#10430));
#1797=EDGE_LOOP('',(#10431,#10432,#10433,#10434));
#1798=EDGE_LOOP('',(#10435,#10436,#10437,#10438));
#1799=EDGE_LOOP('',(#10439,#10440,#10441,#10442,#10443,#10444,#10445,#10446));
#1800=EDGE_LOOP('',(#10447,#10448,#10449,#10450));
#1801=EDGE_LOOP('',(#10451,#10452,#10453,#10454));
#1802=EDGE_LOOP('',(#10455,#10456,#10457,#10458));
#1803=EDGE_LOOP('',(#10459,#10460,#10461,#10462));
#1804=EDGE_LOOP('',(#10463,#10464,#10465,#10466));
#1805=EDGE_LOOP('',(#10467,#10468,#10469,#10470,#10471,#10472,#10473,#10474,
#10475,#10476));
#1806=EDGE_LOOP('',(#10477,#10478,#10479,#10480));
#1807=EDGE_LOOP('',(#10481,#10482,#10483,#10484,#10485,#10486,#10487,#10488));
#1808=EDGE_LOOP('',(#10489,#10490,#10491,#10492,#10493,#10494,#10495,#10496,
#10497,#10498,#10499,#10500,#10501,#10502,#10503,#10504,#10505,#10506,#10507,
#10508,#10509,#10510,#10511,#10512,#10513,#10514,#10515,#10516,#10517,#10518,
#10519,#10520,#10521,#10522,#10523,#10524,#10525,#10526,#10527,#10528,#10529,
#10530,#10531,#10532,#10533,#10534,#10535,#10536,#10537,#10538,#10539,#10540,
#10541,#10542,#10543,#10544,#10545,#10546,#10547));
#1809=EDGE_LOOP('',(#10548,#10549,#10550,#10551,#10552,#10553,#10554,#10555));
#1810=EDGE_LOOP('',(#10556,#10557,#10558,#10559));
#1811=EDGE_LOOP('',(#10560,#10561,#10562,#10563));
#1812=EDGE_LOOP('',(#10564,#10565,#10566,#10567));
#1813=EDGE_LOOP('',(#10568,#10569,#10570,#10571,#10572));
#1814=EDGE_LOOP('',(#10573));
#1815=EDGE_LOOP('',(#10574));
#1816=EDGE_LOOP('',(#10575));
#1817=EDGE_LOOP('',(#10576));
#1818=EDGE_LOOP('',(#10577));
#1819=EDGE_LOOP('',(#10578));
#1820=EDGE_LOOP('',(#10579));
#1821=EDGE_LOOP('',(#10580));
#1822=EDGE_LOOP('',(#10581));
#1823=EDGE_LOOP('',(#10582));
#1824=EDGE_LOOP('',(#10583,#10584,#10585,#10586));
#1825=EDGE_LOOP('',(#10587,#10588,#10589,#10590));
#1826=EDGE_LOOP('',(#10591,#10592,#10593,#10594));
#1827=EDGE_LOOP('',(#10595,#10596,#10597,#10598,#10599,#10600));
#1828=EDGE_LOOP('',(#10601,#10602,#10603,#10604));
#1829=EDGE_LOOP('',(#10605,#10606,#10607,#10608));
#1830=EDGE_LOOP('',(#10609,#10610,#10611,#10612));
#1831=EDGE_LOOP('',(#10613,#10614,#10615,#10616));
#1832=EDGE_LOOP('',(#10617,#10618,#10619,#10620));
#1833=EDGE_LOOP('',(#10621,#10622,#10623,#10624));
#1834=EDGE_LOOP('',(#10625,#10626,#10627,#10628,#10629,#10630));
#1835=EDGE_LOOP('',(#10631,#10632,#10633,#10634,#10635,#10636,#10637,#10638,
#10639,#10640));
#1836=EDGE_LOOP('',(#10641,#10642,#10643,#10644));
#1837=EDGE_LOOP('',(#10645,#10646,#10647,#10648));
#1838=EDGE_LOOP('',(#10649,#10650,#10651,#10652));
#1839=EDGE_LOOP('',(#10653,#10654,#10655,#10656));
#1840=EDGE_LOOP('',(#10657,#10658,#10659,#10660));
#1841=EDGE_LOOP('',(#10661,#10662,#10663,#10664));
#1842=EDGE_LOOP('',(#10665,#10666,#10667,#10668));
#1843=EDGE_LOOP('',(#10669,#10670,#10671,#10672));
#1844=EDGE_LOOP('',(#10673,#10674,#10675,#10676));
#1845=EDGE_LOOP('',(#10677,#10678,#10679,#10680));
#1846=EDGE_LOOP('',(#10681,#10682,#10683,#10684));
#1847=EDGE_LOOP('',(#10685,#10686,#10687,#10688));
#1848=EDGE_LOOP('',(#10689,#10690,#10691,#10692));
#1849=EDGE_LOOP('',(#10693,#10694,#10695,#10696));
#1850=EDGE_LOOP('',(#10697,#10698,#10699,#10700));
#1851=EDGE_LOOP('',(#10701));
#1852=EDGE_LOOP('',(#10702));
#1853=EDGE_LOOP('',(#10703));
#1854=EDGE_LOOP('',(#10704));
#1855=EDGE_LOOP('',(#10705));
#1856=EDGE_LOOP('',(#10706,#10707,#10708,#10709));
#1857=EDGE_LOOP('',(#10710,#10711,#10712,#10713));
#1858=EDGE_LOOP('',(#10714,#10715,#10716,#10717));
#1859=EDGE_LOOP('',(#10718,#10719,#10720,#10721));
#1860=EDGE_LOOP('',(#10722,#10723,#10724,#10725));
#1861=LINE('',#15454,#3204);
#1862=LINE('',#15460,#3205);
#1863=LINE('',#15462,#3206);
#1864=LINE('',#15464,#3207);
#1865=LINE('',#15465,#3208);
#1866=LINE('',#15469,#3209);
#1867=LINE('',#15471,#3210);
#1868=LINE('',#15473,#3211);
#1869=LINE('',#15474,#3212);
#1870=LINE('',#15476,#3213);
#1871=LINE('',#15477,#3214);
#1872=LINE('',#15481,#3215);
#1873=LINE('',#15483,#3216);
#1874=LINE('',#15485,#3217);
#1875=LINE('',#15487,#3218);
#1876=LINE('',#15488,#3219);
#1877=LINE('',#15491,#3220);
#1878=LINE('',#15493,#3221);
#1879=LINE('',#15494,#3222);
#1880=LINE('',#15497,#3223);
#1881=LINE('',#15499,#3224);
#1882=LINE('',#15501,#3225);
#1883=LINE('',#15502,#3226);
#1884=LINE('',#15504,#3227);
#1885=LINE('',#15505,#3228);
#1886=LINE('',#15507,#3229);
#1887=LINE('',#15511,#3230);
#1888=LINE('',#15513,#3231);
#1889=LINE('',#15515,#3232);
#1890=LINE('',#15517,#3233);
#1891=LINE('',#15519,#3234);
#1892=LINE('',#15521,#3235);
#1893=LINE('',#15523,#3236);
#1894=LINE('',#15525,#3237);
#1895=LINE('',#15527,#3238);
#1896=LINE('',#15529,#3239);
#1897=LINE('',#15531,#3240);
#1898=LINE('',#15535,#3241);
#1899=LINE('',#15537,#3242);
#1900=LINE('',#15539,#3243);
#1901=LINE('',#15541,#3244);
#1902=LINE('',#15543,#3245);
#1903=LINE('',#15545,#3246);
#1904=LINE('',#15547,#3247);
#1905=LINE('',#15549,#3248);
#1906=LINE('',#15551,#3249);
#1907=LINE('',#15553,#3250);
#1908=LINE('',#15555,#3251);
#1909=LINE('',#15557,#3252);
#1910=LINE('',#15559,#3253);
#1911=LINE('',#15561,#3254);
#1912=LINE('',#15563,#3255);
#1913=LINE('',#15565,#3256);
#1914=LINE('',#15567,#3257);
#1915=LINE('',#15569,#3258);
#1916=LINE('',#15570,#3259);
#1917=LINE('',#15577,#3260);
#1918=LINE('',#15579,#3261);
#1919=LINE('',#15581,#3262);
#1920=LINE('',#15583,#3263);
#1921=LINE('',#15585,#3264);
#1922=LINE('',#15587,#3265);
#1923=LINE('',#15589,#3266);
#1924=LINE('',#15591,#3267);
#1925=LINE('',#15593,#3268);
#1926=LINE('',#15595,#3269);
#1927=LINE('',#15597,#3270);
#1928=LINE('',#15599,#3271);
#1929=LINE('',#15601,#3272);
#1930=LINE('',#15603,#3273);
#1931=LINE('',#15605,#3274);
#1932=LINE('',#15607,#3275);
#1933=LINE('',#15609,#3276);
#1934=LINE('',#15611,#3277);
#1935=LINE('',#15613,#3278);
#1936=LINE('',#15615,#3279);
#1937=LINE('',#15617,#3280);
#1938=LINE('',#15619,#3281);
#1939=LINE('',#15620,#3282);
#1940=LINE('',#15622,#3283);
#1941=LINE('',#15624,#3284);
#1942=LINE('',#15626,#3285);
#1943=LINE('',#15628,#3286);
#1944=LINE('',#15630,#3287);
#1945=LINE('',#15632,#3288);
#1946=LINE('',#15634,#3289);
#1947=LINE('',#15636,#3290);
#1948=LINE('',#15638,#3291);
#1949=LINE('',#15639,#3292);
#1950=LINE('',#15646,#3293);
#1951=LINE('',#15648,#3294);
#1952=LINE('',#15650,#3295);
#1953=LINE('',#15652,#3296);
#1954=LINE('',#15654,#3297);
#1955=LINE('',#15656,#3298);
#1956=LINE('',#15658,#3299);
#1957=LINE('',#15660,#3300);
#1958=LINE('',#15662,#3301);
#1959=LINE('',#15664,#3302);
#1960=LINE('',#15666,#3303);
#1961=LINE('',#15668,#3304);
#1962=LINE('',#15670,#3305);
#1963=LINE('',#15672,#3306);
#1964=LINE('',#15674,#3307);
#1965=LINE('',#15676,#3308);
#1966=LINE('',#15678,#3309);
#1967=LINE('',#15680,#3310);
#1968=LINE('',#15682,#3311);
#1969=LINE('',#15684,#3312);
#1970=LINE('',#15686,#3313);
#1971=LINE('',#15688,#3314);
#1972=LINE('',#15690,#3315);
#1973=LINE('',#15692,#3316);
#1974=LINE('',#15694,#3317);
#1975=LINE('',#15696,#3318);
#1976=LINE('',#15698,#3319);
#1977=LINE('',#15700,#3320);
#1978=LINE('',#15701,#3321);
#1979=LINE('',#15711,#3322);
#1980=LINE('',#15713,#3323);
#1981=LINE('',#15715,#3324);
#1982=LINE('',#15716,#3325);
#1983=LINE('',#15719,#3326);
#1984=LINE('',#15721,#3327);
#1985=LINE('',#15723,#3328);
#1986=LINE('',#15725,#3329);
#1987=LINE('',#15726,#3330);
#1988=LINE('',#15729,#3331);
#1989=LINE('',#15731,#3332);
#1990=LINE('',#15733,#3333);
#1991=LINE('',#15735,#3334);
#1992=LINE('',#15736,#3335);
#1993=LINE('',#15739,#3336);
#1994=LINE('',#15743,#3337);
#1995=LINE('',#15747,#3338);
#1996=LINE('',#15749,#3339);
#1997=LINE('',#15751,#3340);
#1998=LINE('',#15753,#3341);
#1999=LINE('',#15755,#3342);
#2000=LINE('',#15757,#3343);
#2001=LINE('',#15761,#3344);
#2002=LINE('',#15765,#3345);
#2003=LINE('',#15769,#3346);
#2004=LINE('',#15773,#3347);
#2005=LINE('',#15777,#3348);
#2006=LINE('',#15781,#3349);
#2007=LINE('',#15783,#3350);
#2008=LINE('',#15785,#3351);
#2009=LINE('',#15789,#3352);
#2010=LINE('',#15793,#3353);
#2011=LINE('',#15796,#3354);
#2012=LINE('',#15801,#3355);
#2013=LINE('',#15803,#3356);
#2014=LINE('',#15805,#3357);
#2015=LINE('',#15806,#3358);
#2016=LINE('',#15809,#3359);
#2017=LINE('',#15811,#3360);
#2018=LINE('',#15813,#3361);
#2019=LINE('',#15814,#3362);
#2020=LINE('',#15825,#3363);
#2021=LINE('',#15827,#3364);
#2022=LINE('',#15828,#3365);
#2023=LINE('',#15830,#3366);
#2024=LINE('',#15832,#3367);
#2025=LINE('',#15834,#3368);
#2026=LINE('',#15836,#3369);
#2027=LINE('',#15837,#3370);
#2028=LINE('',#15840,#3371);
#2029=LINE('',#15842,#3372);
#2030=LINE('',#15843,#3373);
#2031=LINE('',#15846,#3374);
#2032=LINE('',#15848,#3375);
#2033=LINE('',#15850,#3376);
#2034=LINE('',#15851,#3377);
#2035=LINE('',#15854,#3378);
#2036=LINE('',#15855,#3379);
#2037=LINE('',#15858,#3380);
#2038=LINE('',#15860,#3381);
#2039=LINE('',#15862,#3382);
#2040=LINE('',#15863,#3383);
#2041=LINE('',#15866,#3384);
#2042=LINE('',#15868,#3385);
#2043=LINE('',#15869,#3386);
#2044=LINE('',#15871,#3387);
#2045=LINE('',#15873,#3388);
#2046=LINE('',#15875,#3389);
#2047=LINE('',#15877,#3390);
#2048=LINE('',#15879,#3391);
#2049=LINE('',#15881,#3392);
#2050=LINE('',#15882,#3393);
#2051=LINE('',#15887,#3394);
#2052=LINE('',#15889,#3395);
#2053=LINE('',#15892,#3396);
#2054=LINE('',#15896,#3397);
#2055=LINE('',#15897,#3398);
#2056=LINE('',#15899,#3399);
#2057=LINE('',#15904,#3400);
#2058=LINE('',#15908,#3401);
#2059=LINE('',#15909,#3402);
#2060=LINE('',#15913,#3403);
#2061=LINE('',#15916,#3404);
#2062=LINE('',#15920,#3405);
#2063=LINE('',#15921,#3406);
#2064=LINE('',#15925,#3407);
#2065=LINE('',#15928,#3408);
#2066=LINE('',#15929,#3409);
#2067=LINE('',#15932,#3410);
#2068=LINE('',#15936,#3411);
#2069=LINE('',#15937,#3412);
#2070=LINE('',#15940,#3413);
#2071=LINE('',#15944,#3414);
#2072=LINE('',#15945,#3415);
#2073=LINE('',#15948,#3416);
#2074=LINE('',#15952,#3417);
#2075=LINE('',#15953,#3418);
#2076=LINE('',#15956,#3419);
#2077=LINE('',#15960,#3420);
#2078=LINE('',#15961,#3421);
#2079=LINE('',#15964,#3422);
#2080=LINE('',#15965,#3423);
#2081=LINE('',#15968,#3424);
#2082=LINE('',#15969,#3425);
#2083=LINE('',#15972,#3426);
#2084=LINE('',#15976,#3427);
#2085=LINE('',#15977,#3428);
#2086=LINE('',#15980,#3429);
#2087=LINE('',#15984,#3430);
#2088=LINE('',#15985,#3431);
#2089=LINE('',#15987,#3432);
#2090=LINE('',#15992,#3433);
#2091=LINE('',#15996,#3434);
#2092=LINE('',#15997,#3435);
#2093=LINE('',#16000,#3436);
#2094=LINE('',#16004,#3437);
#2095=LINE('',#16005,#3438);
#2096=LINE('',#16008,#3439);
#2097=LINE('',#16012,#3440);
#2098=LINE('',#16013,#3441);
#2099=LINE('',#16016,#3442);
#2100=LINE('',#16017,#3443);
#2101=LINE('',#16020,#3444);
#2102=LINE('',#16021,#3445);
#2103=LINE('',#16024,#3446);
#2104=LINE('',#16028,#3447);
#2105=LINE('',#16029,#3448);
#2106=LINE('',#16032,#3449);
#2107=LINE('',#16036,#3450);
#2108=LINE('',#16037,#3451);
#2109=LINE('',#16040,#3452);
#2110=LINE('',#16044,#3453);
#2111=LINE('',#16045,#3454);
#2112=LINE('',#16048,#3455);
#2113=LINE('',#16052,#3456);
#2114=LINE('',#16053,#3457);
#2115=LINE('',#16056,#3458);
#2116=LINE('',#16084,#3459);
#2117=LINE('',#16086,#3460);
#2118=LINE('',#16088,#3461);
#2119=LINE('',#16096,#3462);
#2120=LINE('',#16110,#3463);
#2121=LINE('',#16113,#3464);
#2122=LINE('',#16136,#3465);
#2123=LINE('',#16196,#3466);
#2124=LINE('',#16199,#3467);
#2125=LINE('',#16201,#3468);
#2126=LINE('',#16203,#3469);
#2127=LINE('',#16205,#3470);
#2128=LINE('',#16206,#3471);
#2129=LINE('',#16209,#3472);
#2130=LINE('',#16210,#3473);
#2131=LINE('',#16213,#3474);
#2132=LINE('',#16217,#3475);
#2133=LINE('',#16218,#3476);
#2134=LINE('',#16221,#3477);
#2135=LINE('',#16223,#3478);
#2136=LINE('',#16224,#3479);
#2137=LINE('',#16227,#3480);
#2138=LINE('',#16229,#3481);
#2139=LINE('',#16231,#3482);
#2140=LINE('',#16232,#3483);
#2141=LINE('',#16235,#3484);
#2142=LINE('',#16237,#3485);
#2143=LINE('',#16238,#3486);
#2144=LINE('',#16241,#3487);
#2145=LINE('',#16243,#3488);
#2146=LINE('',#16244,#3489);
#2147=LINE('',#16247,#3490);
#2148=LINE('',#16248,#3491);
#2149=LINE('',#16251,#3492);
#2150=LINE('',#16252,#3493);
#2151=LINE('',#16255,#3494);
#2152=LINE('',#16259,#3495);
#2153=LINE('',#16260,#3496);
#2154=LINE('',#16263,#3497);
#2155=LINE('',#16267,#3498);
#2156=LINE('',#16268,#3499);
#2157=LINE('',#16271,#3500);
#2158=LINE('',#16275,#3501);
#2159=LINE('',#16276,#3502);
#2160=LINE('',#16279,#3503);
#2161=LINE('',#16283,#3504);
#2162=LINE('',#16284,#3505);
#2163=LINE('',#16287,#3506);
#2164=LINE('',#16290,#3507);
#2165=LINE('',#16293,#3508);
#2166=LINE('',#16297,#3509);
#2167=LINE('',#16298,#3510);
#2168=LINE('',#16301,#3511);
#2169=LINE('',#16305,#3512);
#2170=LINE('',#16306,#3513);
#2171=LINE('',#16309,#3514);
#2172=LINE('',#16313,#3515);
#2173=LINE('',#16314,#3516);
#2174=LINE('',#16317,#3517);
#2175=LINE('',#16321,#3518);
#2176=LINE('',#16322,#3519);
#2177=LINE('',#16327,#3520);
#2178=LINE('',#16329,#3521);
#2179=LINE('',#16330,#3522);
#2180=LINE('',#16333,#3523);
#2181=LINE('',#16334,#3524);
#2182=LINE('',#16337,#3525);
#2183=LINE('',#16338,#3526);
#2184=LINE('',#16340,#3527);
#2185=LINE('',#16344,#3528);
#2186=LINE('',#16346,#3529);
#2187=LINE('',#16347,#3530);
#2188=LINE('',#16350,#3531);
#2189=LINE('',#16351,#3532);
#2190=LINE('',#16354,#3533);
#2191=LINE('',#16355,#3534);
#2192=LINE('',#16357,#3535);
#2193=LINE('',#16360,#3536);
#2194=LINE('',#16362,#3537);
#2195=LINE('',#16364,#3538);
#2196=LINE('',#16366,#3539);
#2197=LINE('',#16368,#3540);
#2198=LINE('',#16369,#3541);
#2199=LINE('',#16371,#3542);
#2200=LINE('',#16374,#3543);
#2201=LINE('',#16376,#3544);
#2202=LINE('',#16378,#3545);
#2203=LINE('',#16379,#3546);
#2204=LINE('',#16381,#3547);
#2205=LINE('',#16383,#3548);
#2206=LINE('',#16385,#3549);
#2207=LINE('',#16387,#3550);
#2208=LINE('',#16388,#3551);
#2209=LINE('',#16390,#3552);
#2210=LINE('',#16392,#3553);
#2211=LINE('',#16395,#3554);
#2212=LINE('',#16397,#3555);
#2213=LINE('',#16399,#3556);
#2214=LINE('',#16400,#3557);
#2215=LINE('',#16402,#3558);
#2216=LINE('',#16406,#3559);
#2217=LINE('',#16410,#3560);
#2218=LINE('',#16415,#3561);
#2219=LINE('',#16417,#3562);
#2220=LINE('',#16418,#3563);
#2221=LINE('',#16420,#3564);
#2222=LINE('',#16421,#3565);
#2223=LINE('',#16425,#3566);
#2224=LINE('',#16428,#3567);
#2225=LINE('',#16431,#3568);
#2226=LINE('',#16434,#3569);
#2227=LINE('',#16439,#3570);
#2228=LINE('',#16441,#3571);
#2229=LINE('',#16443,#3572);
#2230=LINE('',#16445,#3573);
#2231=LINE('',#16448,#3574);
#2232=LINE('',#16451,#3575);
#2233=LINE('',#16452,#3576);
#2234=LINE('',#16456,#3577);
#2235=LINE('',#16458,#3578);
#2236=LINE('',#16460,#3579);
#2237=LINE('',#16461,#3580);
#2238=LINE('',#16469,#3581);
#2239=LINE('',#16473,#3582);
#2240=LINE('',#16475,#3583);
#2241=LINE('',#16477,#3584);
#2242=LINE('',#16478,#3585);
#2243=LINE('',#16485,#3586);
#2244=LINE('',#16488,#3587);
#2245=LINE('',#16490,#3588);
#2246=LINE('',#16491,#3589);
#2247=LINE('',#16494,#3590);
#2248=LINE('',#16496,#3591);
#2249=LINE('',#16497,#3592);
#2250=LINE('',#16500,#3593);
#2251=LINE('',#16502,#3594);
#2252=LINE('',#16503,#3595);
#2253=LINE('',#16509,#3596);
#2254=LINE('',#16512,#3597);
#2255=LINE('',#16514,#3598);
#2256=LINE('',#16515,#3599);
#2257=LINE('',#16518,#3600);
#2258=LINE('',#16520,#3601);
#2259=LINE('',#16521,#3602);
#2260=LINE('',#16527,#3603);
#2261=LINE('',#16530,#3604);
#2262=LINE('',#16532,#3605);
#2263=LINE('',#16533,#3606);
#2264=LINE('',#16536,#3607);
#2265=LINE('',#16538,#3608);
#2266=LINE('',#16539,#3609);
#2267=LINE('',#16542,#3610);
#2268=LINE('',#16544,#3611);
#2269=LINE('',#16545,#3612);
#2270=LINE('',#16551,#3613);
#2271=LINE('',#16554,#3614);
#2272=LINE('',#16556,#3615);
#2273=LINE('',#16557,#3616);
#2274=LINE('',#16561,#3617);
#2275=LINE('',#16562,#3618);
#2276=LINE('',#16563,#3619);
#2277=LINE('',#16567,#3620);
#2278=LINE('',#16573,#3621);
#2279=LINE('',#16574,#3622);
#2280=LINE('',#16575,#3623);
#2281=LINE('',#16576,#3624);
#2282=LINE('',#16579,#3625);
#2283=LINE('',#16581,#3626);
#2284=LINE('',#16582,#3627);
#2285=LINE('',#16585,#3628);
#2286=LINE('',#16587,#3629);
#2287=LINE('',#16588,#3630);
#2288=LINE('',#16594,#3631);
#2289=LINE('',#16597,#3632);
#2290=LINE('',#16599,#3633);
#2291=LINE('',#16600,#3634);
#2292=LINE('',#16603,#3635);
#2293=LINE('',#16605,#3636);
#2294=LINE('',#16606,#3637);
#2295=LINE('',#16609,#3638);
#2296=LINE('',#16611,#3639);
#2297=LINE('',#16612,#3640);
#2298=LINE('',#16618,#3641);
#2299=LINE('',#16621,#3642);
#2300=LINE('',#16623,#3643);
#2301=LINE('',#16624,#3644);
#2302=LINE('',#16630,#3645);
#2303=LINE('',#16633,#3646);
#2304=LINE('',#16635,#3647);
#2305=LINE('',#16636,#3648);
#2306=LINE('',#16639,#3649);
#2307=LINE('',#16641,#3650);
#2308=LINE('',#16642,#3651);
#2309=LINE('',#16648,#3652);
#2310=LINE('',#16651,#3653);
#2311=LINE('',#16653,#3654);
#2312=LINE('',#16654,#3655);
#2313=LINE('',#16657,#3656);
#2314=LINE('',#16659,#3657);
#2315=LINE('',#16660,#3658);
#2316=LINE('',#16666,#3659);
#2317=LINE('',#16669,#3660);
#2318=LINE('',#16671,#3661);
#2319=LINE('',#16672,#3662);
#2320=LINE('',#16674,#3663);
#2321=LINE('',#16675,#3664);
#2322=LINE('',#16680,#3665);
#2323=LINE('',#16684,#3666);
#2324=LINE('',#16687,#3667);
#2325=LINE('',#16694,#3668);
#2326=LINE('',#16695,#3669);
#2327=LINE('',#16699,#3670);
#2328=LINE('',#16700,#3671);
#2329=LINE('',#16701,#3672);
#2330=LINE('',#16704,#3673);
#2331=LINE('',#16706,#3674);
#2332=LINE('',#16707,#3675);
#2333=LINE('',#16709,#3676);
#2334=LINE('',#16710,#3677);
#2335=LINE('',#16713,#3678);
#2336=LINE('',#16714,#3679);
#2337=LINE('',#16717,#3680);
#2338=LINE('',#16719,#3681);
#2339=LINE('',#16720,#3682);
#2340=LINE('',#16723,#3683);
#2341=LINE('',#16724,#3684);
#2342=LINE('',#16727,#3685);
#2343=LINE('',#16728,#3686);
#2344=LINE('',#16732,#3687);
#2345=LINE('',#16733,#3688);
#2346=LINE('',#16734,#3689);
#2347=LINE('',#16738,#3690);
#2348=LINE('',#16739,#3691);
#2349=LINE('',#16740,#3692);
#2350=LINE('',#16744,#3693);
#2351=LINE('',#16745,#3694);
#2352=LINE('',#16746,#3695);
#2353=LINE('',#16749,#3696);
#2354=LINE('',#16750,#3697);
#2355=LINE('',#16754,#3698);
#2356=LINE('',#16755,#3699);
#2357=LINE('',#16756,#3700);
#2358=LINE('',#16760,#3701);
#2359=LINE('',#16761,#3702);
#2360=LINE('',#16762,#3703);
#2361=LINE('',#16766,#3704);
#2362=LINE('',#16767,#3705);
#2363=LINE('',#16768,#3706);
#2364=LINE('',#16771,#3707);
#2365=LINE('',#16772,#3708);
#2366=LINE('',#16774,#3709);
#2367=LINE('',#16776,#3710);
#2368=LINE('',#16777,#3711);
#2369=LINE('',#16806,#3712);
#2370=LINE('',#16807,#3713);
#2371=LINE('',#16808,#3714);
#2372=LINE('',#16811,#3715);
#2373=LINE('',#16812,#3716);
#2374=LINE('',#16814,#3717);
#2375=LINE('',#16817,#3718);
#2376=LINE('',#16818,#3719);
#2377=LINE('',#16821,#3720);
#2378=LINE('',#16826,#3721);
#2379=LINE('',#16827,#3722);
#2380=LINE('',#16828,#3723);
#2381=LINE('',#16831,#3724);
#2382=LINE('',#16832,#3725);
#2383=LINE('',#16838,#3726);
#2384=LINE('',#16841,#3727);
#2385=LINE('',#16844,#3728);
#2386=LINE('',#16845,#3729);
#2387=LINE('',#16846,#3730);
#2388=LINE('',#16852,#3731);
#2389=LINE('',#16854,#3732);
#2390=LINE('',#16857,#3733);
#2391=LINE('',#16858,#3734);
#2392=LINE('',#16862,#3735);
#2393=LINE('',#16863,#3736);
#2394=LINE('',#16864,#3737);
#2395=LINE('',#16868,#3738);
#2396=LINE('',#16869,#3739);
#2397=LINE('',#16870,#3740);
#2398=LINE('',#16874,#3741);
#2399=LINE('',#16875,#3742);
#2400=LINE('',#16876,#3743);
#2401=LINE('',#16880,#3744);
#2402=LINE('',#16883,#3745);
#2403=LINE('',#16885,#3746);
#2404=LINE('',#16886,#3747);
#2405=LINE('',#16893,#3748);
#2406=LINE('',#16899,#3749);
#2407=LINE('',#16905,#3750);
#2408=LINE('',#16911,#3751);
#2409=LINE('',#16917,#3752);
#2410=LINE('',#16920,#3753);
#2411=LINE('',#16921,#3754);
#2412=LINE('',#16924,#3755);
#2413=LINE('',#16925,#3756);
#2414=LINE('',#16928,#3757);
#2415=LINE('',#16929,#3758);
#2416=LINE('',#16933,#3759);
#2417=LINE('',#16934,#3760);
#2418=LINE('',#16935,#3761);
#2419=LINE('',#16953,#3762);
#2420=LINE('',#16954,#3763);
#2421=LINE('',#16957,#3764);
#2422=LINE('',#16958,#3765);
#2423=LINE('',#16961,#3766);
#2424=LINE('',#16962,#3767);
#2425=LINE('',#16965,#3768);
#2426=LINE('',#16966,#3769);
#2427=LINE('',#16968,#3770);
#2428=LINE('',#16971,#3771);
#2429=LINE('',#16972,#3772);
#2430=LINE('',#16975,#3773);
#2431=LINE('',#16976,#3774);
#2432=LINE('',#16979,#3775);
#2433=LINE('',#16980,#3776);
#2434=LINE('',#16982,#3777);
#2435=LINE('',#16985,#3778);
#2436=LINE('',#16986,#3779);
#2437=LINE('',#16989,#3780);
#2438=LINE('',#16990,#3781);
#2439=LINE('',#16992,#3782);
#2440=LINE('',#16995,#3783);
#2441=LINE('',#16996,#3784);
#2442=LINE('',#16999,#3785);
#2443=LINE('',#17000,#3786);
#2444=LINE('',#17003,#3787);
#2445=LINE('',#17004,#3788);
#2446=LINE('',#17006,#3789);
#2447=LINE('',#17009,#3790);
#2448=LINE('',#17010,#3791);
#2449=LINE('',#17012,#3792);
#2450=LINE('',#17016,#3793);
#2451=LINE('',#17017,#3794);
#2452=LINE('',#17020,#3795);
#2453=LINE('',#17021,#3796);
#2454=LINE('',#17024,#3797);
#2455=LINE('',#17025,#3798);
#2456=LINE('',#17028,#3799);
#2457=LINE('',#17029,#3800);
#2458=LINE('',#17031,#3801);
#2459=LINE('',#17033,#3802);
#2460=LINE('',#17035,#3803);
#2461=LINE('',#17037,#3804);
#2462=LINE('',#17039,#3805);
#2463=LINE('',#17041,#3806);
#2464=LINE('',#17044,#3807);
#2465=LINE('',#17045,#3808);
#2466=LINE('',#17048,#3809);
#2467=LINE('',#17049,#3810);
#2468=LINE('',#17052,#3811);
#2469=LINE('',#17053,#3812);
#2470=LINE('',#17055,#3813);
#2471=LINE('',#17058,#3814);
#2472=LINE('',#17059,#3815);
#2473=LINE('',#17062,#3816);
#2474=LINE('',#17063,#3817);
#2475=LINE('',#17065,#3818);
#2476=LINE('',#17068,#3819);
#2477=LINE('',#17069,#3820);
#2478=LINE('',#17072,#3821);
#2479=LINE('',#17073,#3822);
#2480=LINE('',#17075,#3823);
#2481=LINE('',#17078,#3824);
#2482=LINE('',#17079,#3825);
#2483=LINE('',#17082,#3826);
#2484=LINE('',#17083,#3827);
#2485=LINE('',#17086,#3828);
#2486=LINE('',#17087,#3829);
#2487=LINE('',#17089,#3830);
#2488=LINE('',#17092,#3831);
#2489=LINE('',#17093,#3832);
#2490=LINE('',#17095,#3833);
#2491=LINE('',#17098,#3834);
#2492=LINE('',#17099,#3835);
#2493=LINE('',#17102,#3836);
#2494=LINE('',#17103,#3837);
#2495=LINE('',#17106,#3838);
#2496=LINE('',#17107,#3839);
#2497=LINE('',#17110,#3840);
#2498=LINE('',#17111,#3841);
#2499=LINE('',#17114,#3842);
#2500=LINE('',#17115,#3843);
#2501=LINE('',#17118,#3844);
#2502=LINE('',#17119,#3845);
#2503=LINE('',#17122,#3846);
#2504=LINE('',#17123,#3847);
#2505=LINE('',#17126,#3848);
#2506=LINE('',#17127,#3849);
#2507=LINE('',#17130,#3850);
#2508=LINE('',#17131,#3851);
#2509=LINE('',#17134,#3852);
#2510=LINE('',#17135,#3853);
#2511=LINE('',#17138,#3854);
#2512=LINE('',#17139,#3855);
#2513=LINE('',#17142,#3856);
#2514=LINE('',#17143,#3857);
#2515=LINE('',#17145,#3858);
#2516=LINE('',#17149,#3859);
#2517=LINE('',#17150,#3860);
#2518=LINE('',#17153,#3861);
#2519=LINE('',#17154,#3862);
#2520=LINE('',#17156,#3863);
#2521=LINE('',#17159,#3864);
#2522=LINE('',#17160,#3865);
#2523=LINE('',#17162,#3866);
#2524=LINE('',#17168,#3867);
#2525=LINE('',#17174,#3868);
#2526=LINE('',#17176,#3869);
#2527=LINE('',#17178,#3870);
#2528=LINE('',#17180,#3871);
#2529=LINE('',#17182,#3872);
#2530=LINE('',#17184,#3873);
#2531=LINE('',#17186,#3874);
#2532=LINE('',#17188,#3875);
#2533=LINE('',#17190,#3876);
#2534=LINE('',#17191,#3877);
#2535=LINE('',#17194,#3878);
#2536=LINE('',#17196,#3879);
#2537=LINE('',#17198,#3880);
#2538=LINE('',#17200,#3881);
#2539=LINE('',#17202,#3882);
#2540=LINE('',#17204,#3883);
#2541=LINE('',#17206,#3884);
#2542=LINE('',#17208,#3885);
#2543=LINE('',#17210,#3886);
#2544=LINE('',#17212,#3887);
#2545=LINE('',#17214,#3888);
#2546=LINE('',#17216,#3889);
#2547=LINE('',#17218,#3890);
#2548=LINE('',#17220,#3891);
#2549=LINE('',#17222,#3892);
#2550=LINE('',#17224,#3893);
#2551=LINE('',#17225,#3894);
#2552=LINE('',#17227,#3895);
#2553=LINE('',#17229,#3896);
#2554=LINE('',#17230,#3897);
#2555=LINE('',#17240,#3898);
#2556=LINE('',#17244,#3899);
#2557=LINE('',#17246,#3900);
#2558=LINE('',#17248,#3901);
#2559=LINE('',#17250,#3902);
#2560=LINE('',#17252,#3903);
#2561=LINE('',#17254,#3904);
#2562=LINE('',#17256,#3905);
#2563=LINE('',#17258,#3906);
#2564=LINE('',#17260,#3907);
#2565=LINE('',#17264,#3908);
#2566=LINE('',#17266,#3909);
#2567=LINE('',#17268,#3910);
#2568=LINE('',#17270,#3911);
#2569=LINE('',#17272,#3912);
#2570=LINE('',#17276,#3913);
#2571=LINE('',#17278,#3914);
#2572=LINE('',#17280,#3915);
#2573=LINE('',#17282,#3916);
#2574=LINE('',#17284,#3917);
#2575=LINE('',#17286,#3918);
#2576=LINE('',#17288,#3919);
#2577=LINE('',#17290,#3920);
#2578=LINE('',#17292,#3921);
#2579=LINE('',#17294,#3922);
#2580=LINE('',#17296,#3923);
#2581=LINE('',#17298,#3924);
#2582=LINE('',#17300,#3925);
#2583=LINE('',#17302,#3926);
#2584=LINE('',#17304,#3927);
#2585=LINE('',#17306,#3928);
#2586=LINE('',#17308,#3929);
#2587=LINE('',#17310,#3930);
#2588=LINE('',#17312,#3931);
#2589=LINE('',#17314,#3932);
#2590=LINE('',#17316,#3933);
#2591=LINE('',#17318,#3934);
#2592=LINE('',#17320,#3935);
#2593=LINE('',#17322,#3936);
#2594=LINE('',#17324,#3937);
#2595=LINE('',#17326,#3938);
#2596=LINE('',#17328,#3939);
#2597=LINE('',#17330,#3940);
#2598=LINE('',#17332,#3941);
#2599=LINE('',#17334,#3942);
#2600=LINE('',#17335,#3943);
#2601=LINE('',#17340,#3944);
#2602=LINE('',#17344,#3945);
#2603=LINE('',#17347,#3946);
#2604=LINE('',#17350,#3947);
#2605=LINE('',#17354,#3948);
#2606=LINE('',#17356,#3949);
#2607=LINE('',#17360,#3950);
#2608=LINE('',#17362,#3951);
#2609=LINE('',#17364,#3952);
#2610=LINE('',#17368,#3953);
#2611=LINE('',#17370,#3954);
#2612=LINE('',#17374,#3955);
#2613=LINE('',#17376,#3956);
#2614=LINE('',#17377,#3957);
#2615=LINE('',#17379,#3958);
#2616=LINE('',#17381,#3959);
#2617=LINE('',#17383,#3960);
#2618=LINE('',#17385,#3961);
#2619=LINE('',#17387,#3962);
#2620=LINE('',#17389,#3963);
#2621=LINE('',#17391,#3964);
#2622=LINE('',#17393,#3965);
#2623=LINE('',#17395,#3966);
#2624=LINE('',#17397,#3967);
#2625=LINE('',#17399,#3968);
#2626=LINE('',#17401,#3969);
#2627=LINE('',#17403,#3970);
#2628=LINE('',#17404,#3971);
#2629=LINE('',#17407,#3972);
#2630=LINE('',#17409,#3973);
#2631=LINE('',#17410,#3974);
#2632=LINE('',#17414,#3975);
#2633=LINE('',#17416,#3976);
#2634=LINE('',#17418,#3977);
#2635=LINE('',#17420,#3978);
#2636=LINE('',#17422,#3979);
#2637=LINE('',#17424,#3980);
#2638=LINE('',#17426,#3981);
#2639=LINE('',#17428,#3982);
#2640=LINE('',#17430,#3983);
#2641=LINE('',#17432,#3984);
#2642=LINE('',#17434,#3985);
#2643=LINE('',#17436,#3986);
#2644=LINE('',#17438,#3987);
#2645=LINE('',#17440,#3988);
#2646=LINE('',#17442,#3989);
#2647=LINE('',#17444,#3990);
#2648=LINE('',#17446,#3991);
#2649=LINE('',#17448,#3992);
#2650=LINE('',#17450,#3993);
#2651=LINE('',#17452,#3994);
#2652=LINE('',#17454,#3995);
#2653=LINE('',#17456,#3996);
#2654=LINE('',#17458,#3997);
#2655=LINE('',#17460,#3998);
#2656=LINE('',#17462,#3999);
#2657=LINE('',#17464,#4000);
#2658=LINE('',#17466,#4001);
#2659=LINE('',#17468,#4002);
#2660=LINE('',#17470,#4003);
#2661=LINE('',#17472,#4004);
#2662=LINE('',#17476,#4005);
#2663=LINE('',#17478,#4006);
#2664=LINE('',#17480,#4007);
#2665=LINE('',#17482,#4008);
#2666=LINE('',#17484,#4009);
#2667=LINE('',#17486,#4010);
#2668=LINE('',#17488,#4011);
#2669=LINE('',#17489,#4012);
#2670=LINE('',#17495,#4013);
#2671=LINE('',#17497,#4014);
#2672=LINE('',#17498,#4015);
#2673=LINE('',#17502,#4016);
#2674=LINE('',#17503,#4017);
#2675=LINE('',#17504,#4018);
#2676=LINE('',#17506,#4019);
#2677=LINE('',#17508,#4020);
#2678=LINE('',#17510,#4021);
#2679=LINE('',#17511,#4022);
#2680=LINE('',#17514,#4023);
#2681=LINE('',#17516,#4024);
#2682=LINE('',#17517,#4025);
#2683=LINE('',#17520,#4026);
#2684=LINE('',#17521,#4027);
#2685=LINE('',#17524,#4028);
#2686=LINE('',#17525,#4029);
#2687=LINE('',#17527,#4030);
#2688=LINE('',#17529,#4031);
#2689=LINE('',#17531,#4032);
#2690=LINE('',#17533,#4033);
#2691=LINE('',#17534,#4034);
#2692=LINE('',#17537,#4035);
#2693=LINE('',#17538,#4036);
#2694=LINE('',#17541,#4037);
#2695=LINE('',#17542,#4038);
#2696=LINE('',#17544,#4039);
#2697=LINE('',#17549,#4040);
#2698=LINE('',#17551,#4041);
#2699=LINE('',#17553,#4042);
#2700=LINE('',#17555,#4043);
#2701=LINE('',#17557,#4044);
#2702=LINE('',#17558,#4045);
#2703=LINE('',#17562,#4046);
#2704=LINE('',#17564,#4047);
#2705=LINE('',#17566,#4048);
#2706=LINE('',#17568,#4049);
#2707=LINE('',#17570,#4050);
#2708=LINE('',#17571,#4051);
#2709=LINE('',#17573,#4052);
#2710=LINE('',#17574,#4053);
#2711=LINE('',#17577,#4054);
#2712=LINE('',#17581,#4055);
#2713=LINE('',#17585,#4056);
#2714=LINE('',#17589,#4057);
#2715=LINE('',#17591,#4058);
#2716=LINE('',#17593,#4059);
#2717=LINE('',#17597,#4060);
#2718=LINE('',#17601,#4061);
#2719=LINE('',#17605,#4062);
#2720=LINE('',#17609,#4063);
#2721=LINE('',#17613,#4064);
#2722=LINE('',#17617,#4065);
#2723=LINE('',#17619,#4066);
#2724=LINE('',#17621,#4067);
#2725=LINE('',#17623,#4068);
#2726=LINE('',#17625,#4069);
#2727=LINE('',#17627,#4070);
#2728=LINE('',#17631,#4071);
#2729=LINE('',#17634,#4072);
#2730=LINE('',#17641,#4073);
#2731=LINE('',#17643,#4074);
#2732=LINE('',#17645,#4075);
#2733=LINE('',#17646,#4076);
#2734=LINE('',#17649,#4077);
#2735=LINE('',#17651,#4078);
#2736=LINE('',#17653,#4079);
#2737=LINE('',#17654,#4080);
#2738=LINE('',#17662,#4081);
#2739=LINE('',#17663,#4082);
#2740=LINE('',#17666,#4083);
#2741=LINE('',#17668,#4084);
#2742=LINE('',#17669,#4085);
#2743=LINE('',#17672,#4086);
#2744=LINE('',#17674,#4087);
#2745=LINE('',#17676,#4088);
#2746=LINE('',#17677,#4089);
#2747=LINE('',#17680,#4090);
#2748=LINE('',#17681,#4091);
#2749=LINE('',#17684,#4092);
#2750=LINE('',#17686,#4093);
#2751=LINE('',#17688,#4094);
#2752=LINE('',#17689,#4095);
#2753=LINE('',#17692,#4096);
#2754=LINE('',#17694,#4097);
#2755=LINE('',#17695,#4098);
#2756=LINE('',#17701,#4099);
#2757=LINE('',#17702,#4100);
#2758=LINE('',#17705,#4101);
#2759=LINE('',#17709,#4102);
#2760=LINE('',#17710,#4103);
#2761=LINE('',#17713,#4104);
#2762=LINE('',#17716,#4105);
#2763=LINE('',#17719,#4106);
#2764=LINE('',#17721,#4107);
#2765=LINE('',#17723,#4108);
#2766=LINE('',#17724,#4109);
#2767=LINE('',#17726,#4110);
#2768=LINE('',#17728,#4111);
#2769=LINE('',#17729,#4112);
#2770=LINE('',#17732,#4113);
#2771=LINE('',#17734,#4114);
#2772=LINE('',#17735,#4115);
#2773=LINE('',#17738,#4116);
#2774=LINE('',#17739,#4117);
#2775=LINE('',#17744,#4118);
#2776=LINE('',#17748,#4119);
#2777=LINE('',#17749,#4120);
#2778=LINE('',#17752,#4121);
#2779=LINE('',#17756,#4122);
#2780=LINE('',#17757,#4123);
#2781=LINE('',#17760,#4124);
#2782=LINE('',#17764,#4125);
#2783=LINE('',#17765,#4126);
#2784=LINE('',#17768,#4127);
#2785=LINE('',#17772,#4128);
#2786=LINE('',#17773,#4129);
#2787=LINE('',#17776,#4130);
#2788=LINE('',#17780,#4131);
#2789=LINE('',#17781,#4132);
#2790=LINE('',#17783,#4133);
#2791=LINE('',#17786,#4134);
#2792=LINE('',#17790,#4135);
#2793=LINE('',#17791,#4136);
#2794=LINE('',#17794,#4137);
#2795=LINE('',#17798,#4138);
#2796=LINE('',#17799,#4139);
#2797=LINE('',#17801,#4140);
#2798=LINE('',#17806,#4141);
#2799=LINE('',#17808,#4142);
#2800=LINE('',#17809,#4143);
#2801=LINE('',#17811,#4144);
#2802=LINE('',#17813,#4145);
#2803=LINE('',#17815,#4146);
#2804=LINE('',#17817,#4147);
#2805=LINE('',#17818,#4148);
#2806=LINE('',#17820,#4149);
#2807=LINE('',#17832,#4150);
#2808=LINE('',#17834,#4151);
#2809=LINE('',#17836,#4152);
#2810=LINE('',#17838,#4153);
#2811=LINE('',#17839,#4154);
#2812=LINE('',#17842,#4155);
#2813=LINE('',#17843,#4156);
#2814=LINE('',#17845,#4157);
#2815=LINE('',#17847,#4158);
#2816=LINE('',#17848,#4159);
#2817=LINE('',#17849,#4160);
#2818=LINE('',#17852,#4161);
#2819=LINE('',#17853,#4162);
#2820=LINE('',#17855,#4163);
#2821=LINE('',#17857,#4164);
#2822=LINE('',#17858,#4165);
#2823=LINE('',#17860,#4166);
#2824=LINE('',#17862,#4167);
#2825=LINE('',#17864,#4168);
#2826=LINE('',#17866,#4169);
#2827=LINE('',#17867,#4170);
#2828=LINE('',#17870,#4171);
#2829=LINE('',#17871,#4172);
#2830=LINE('',#17873,#4173);
#2831=LINE('',#17876,#4174);
#2832=LINE('',#17878,#4175);
#2833=LINE('',#17879,#4176);
#2834=LINE('',#17882,#4177);
#2835=LINE('',#17884,#4178);
#2836=LINE('',#17885,#4179);
#2837=LINE('',#17888,#4180);
#2838=LINE('',#17890,#4181);
#2839=LINE('',#17892,#4182);
#2840=LINE('',#17893,#4183);
#2841=LINE('',#17897,#4184);
#2842=LINE('',#17898,#4185);
#2843=LINE('',#17900,#4186);
#2844=LINE('',#17901,#4187);
#2845=LINE('',#17904,#4188);
#2846=LINE('',#17906,#4189);
#2847=LINE('',#17907,#4190);
#2848=LINE('',#17909,#4191);
#2849=LINE('',#17911,#4192);
#2850=LINE('',#17913,#4193);
#2851=LINE('',#17914,#4194);
#2852=LINE('',#17918,#4195);
#2853=LINE('',#17920,#4196);
#2854=LINE('',#17922,#4197);
#2855=LINE('',#17923,#4198);
#2856=LINE('',#17927,#4199);
#2857=LINE('',#17932,#4200);
#2858=LINE('',#17934,#4201);
#2859=LINE('',#17936,#4202);
#2860=LINE('',#17937,#4203);
#2861=LINE('',#17938,#4204);
#2862=LINE('',#17940,#4205);
#2863=LINE('',#17941,#4206);
#2864=LINE('',#17942,#4207);
#2865=LINE('',#17947,#4208);
#2866=LINE('',#17949,#4209);
#2867=LINE('',#17951,#4210);
#2868=LINE('',#17952,#4211);
#2869=LINE('',#17956,#4212);
#2870=LINE('',#17965,#4213);
#2871=LINE('',#17968,#4214);
#2872=LINE('',#17972,#4215);
#2873=LINE('',#17974,#4216);
#2874=LINE('',#17976,#4217);
#2875=LINE('',#17978,#4218);
#2876=LINE('',#17979,#4219);
#2877=LINE('',#17981,#4220);
#2878=LINE('',#17982,#4221);
#2879=LINE('',#17983,#4222);
#2880=LINE('',#17985,#4223);
#2881=LINE('',#17988,#4224);
#2882=LINE('',#17990,#4225);
#2883=LINE('',#17991,#4226);
#2884=LINE('',#17993,#4227);
#2885=LINE('',#17995,#4228);
#2886=LINE('',#17996,#4229);
#2887=LINE('',#17997,#4230);
#2888=LINE('',#18001,#4231);
#2889=LINE('',#18003,#4232);
#2890=LINE('',#18005,#4233);
#2891=LINE('',#18006,#4234);
#2892=LINE('',#18010,#4235);
#2893=LINE('',#18015,#4236);
#2894=LINE('',#18017,#4237);
#2895=LINE('',#18022,#4238);
#2896=LINE('',#18026,#4239);
#2897=LINE('',#18027,#4240);
#2898=LINE('',#18030,#4241);
#2899=LINE('',#18031,#4242);
#2900=LINE('',#18034,#4243);
#2901=LINE('',#18035,#4244);
#2902=LINE('',#18038,#4245);
#2903=LINE('',#18039,#4246);
#2904=LINE('',#18042,#4247);
#2905=LINE('',#18043,#4248);
#2906=LINE('',#18046,#4249);
#2907=LINE('',#18047,#4250);
#2908=LINE('',#18049,#4251);
#2909=LINE('',#18055,#4252);
#2910=LINE('',#18057,#4253);
#2911=LINE('',#18058,#4254);
#2912=LINE('',#18059,#4255);
#2913=LINE('',#18061,#4256);
#2914=LINE('',#18063,#4257);
#2915=LINE('',#18065,#4258);
#2916=LINE('',#18069,#4259);
#2917=LINE('',#18070,#4260);
#2918=LINE('',#18073,#4261);
#2919=LINE('',#18074,#4262);
#2920=LINE('',#18077,#4263);
#2921=LINE('',#18078,#4264);
#2922=LINE('',#18081,#4265);
#2923=LINE('',#18082,#4266);
#2924=LINE('',#18085,#4267);
#2925=LINE('',#18086,#4268);
#2926=LINE('',#18089,#4269);
#2927=LINE('',#18090,#4270);
#2928=LINE('',#18093,#4271);
#2929=LINE('',#18095,#4272);
#2930=LINE('',#18100,#4273);
#2931=LINE('',#18102,#4274);
#2932=LINE('',#18104,#4275);
#2933=LINE('',#18106,#4276);
#2934=LINE('',#18107,#4277);
#2935=LINE('',#18108,#4278);
#2936=LINE('',#18110,#4279);
#2937=LINE('',#18111,#4280);
#2938=LINE('',#18113,#4281);
#2939=LINE('',#18115,#4282);
#2940=LINE('',#18117,#4283);
#2941=LINE('',#18120,#4284);
#2942=LINE('',#18122,#4285);
#2943=LINE('',#18124,#4286);
#2944=LINE('',#18126,#4287);
#2945=LINE('',#18128,#4288);
#2946=LINE('',#18130,#4289);
#2947=LINE('',#18132,#4290);
#2948=LINE('',#18134,#4291);
#2949=LINE('',#18136,#4292);
#2950=LINE('',#18138,#4293);
#2951=LINE('',#18140,#4294);
#2952=LINE('',#18142,#4295);
#2953=LINE('',#18144,#4296);
#2954=LINE('',#18149,#4297);
#2955=LINE('',#18150,#4298);
#2956=LINE('',#18151,#4299);
#2957=LINE('',#18153,#4300);
#2958=LINE('',#18155,#4301);
#2959=LINE('',#18159,#4302);
#2960=LINE('',#18161,#4303);
#2961=LINE('',#18162,#4304);
#2962=LINE('',#18165,#4305);
#2963=LINE('',#18166,#4306);
#2964=LINE('',#18169,#4307);
#2965=LINE('',#18170,#4308);
#2966=LINE('',#18172,#4309);
#2967=LINE('',#18176,#4310);
#2968=LINE('',#18180,#4311);
#2969=LINE('',#18181,#4312);
#2970=LINE('',#18182,#4313);
#2971=LINE('',#18184,#4314);
#2972=LINE('',#18186,#4315);
#2973=LINE('',#18190,#4316);
#2974=LINE('',#18191,#4317);
#2975=LINE('',#18194,#4318);
#2976=LINE('',#18195,#4319);
#2977=LINE('',#18198,#4320);
#2978=LINE('',#18199,#4321);
#2979=LINE('',#18202,#4322);
#2980=LINE('',#18203,#4323);
#2981=LINE('',#18205,#4324);
#2982=LINE('',#18210,#4325);
#2983=LINE('',#18212,#4326);
#2984=LINE('',#18214,#4327);
#2985=LINE('',#18215,#4328);
#2986=LINE('',#18216,#4329);
#2987=LINE('',#18218,#4330);
#2988=LINE('',#18220,#4331);
#2989=LINE('',#18222,#4332);
#2990=LINE('',#18224,#4333);
#2991=LINE('',#18228,#4334);
#2992=LINE('',#18229,#4335);
#2993=LINE('',#18231,#4336);
#2994=LINE('',#18236,#4337);
#2995=LINE('',#18237,#4338);
#2996=LINE('',#18238,#4339);
#2997=LINE('',#18240,#4340);
#2998=LINE('',#18242,#4341);
#2999=LINE('',#18248,#4342);
#3000=LINE('',#18252,#4343);
#3001=LINE('',#18255,#4344);
#3002=LINE('',#18257,#4345);
#3003=LINE('',#18258,#4346);
#3004=LINE('',#18260,#4347);
#3005=LINE('',#18262,#4348);
#3006=LINE('',#18268,#4349);
#3007=LINE('',#18272,#4350);
#3008=LINE('',#18273,#4351);
#3009=LINE('',#18297,#4352);
#3010=LINE('',#18362,#4353);
#3011=LINE('',#18373,#4354);
#3012=LINE('',#18375,#4355);
#3013=LINE('',#18377,#4356);
#3014=LINE('',#18379,#4357);
#3015=LINE('',#18380,#4358);
#3016=LINE('',#18383,#4359);
#3017=LINE('',#18385,#4360);
#3018=LINE('',#18386,#4361);
#3019=LINE('',#18389,#4362);
#3020=LINE('',#18406,#4363);
#3021=LINE('',#18408,#4364);
#3022=LINE('',#18411,#4365);
#3023=LINE('',#18416,#4366);
#3024=LINE('',#18417,#4367);
#3025=LINE('',#18420,#4368);
#3026=LINE('',#18422,#4369);
#3027=LINE('',#18423,#4370);
#3028=LINE('',#18426,#4371);
#3029=LINE('',#18428,#4372);
#3030=LINE('',#18430,#4373);
#3031=LINE('',#18431,#4374);
#3032=LINE('',#18434,#4375);
#3033=LINE('',#18436,#4376);
#3034=LINE('',#18437,#4377);
#3035=LINE('',#18441,#4378);
#3036=LINE('',#18442,#4379);
#3037=LINE('',#18446,#4380);
#3038=LINE('',#18448,#4381);
#3039=LINE('',#18450,#4382);
#3040=LINE('',#18451,#4383);
#3041=LINE('',#18454,#4384);
#3042=LINE('',#18456,#4385);
#3043=LINE('',#18457,#4386);
#3044=LINE('',#18460,#4387);
#3045=LINE('',#18461,#4388);
#3046=LINE('',#18465,#4389);
#3047=LINE('',#18471,#4390);
#3048=LINE('',#18472,#4391);
#3049=LINE('',#18473,#4392);
#3050=LINE('',#18476,#4393);
#3051=LINE('',#18481,#4394);
#3052=LINE('',#18482,#4395);
#3053=LINE('',#18486,#4396);
#3054=LINE('',#18492,#4397);
#3055=LINE('',#18493,#4398);
#3056=LINE('',#18494,#4399);
#3057=LINE('',#18498,#4400);
#3058=LINE('',#18504,#4401);
#3059=LINE('',#18505,#4402);
#3060=LINE('',#18506,#4403);
#3061=LINE('',#18510,#4404);
#3062=LINE('',#18514,#4405);
#3063=LINE('',#18515,#4406);
#3064=LINE('',#18519,#4407);
#3065=LINE('',#18525,#4408);
#3066=LINE('',#18526,#4409);
#3067=LINE('',#18527,#4410);
#3068=LINE('',#18531,#4411);
#3069=LINE('',#18537,#4412);
#3070=LINE('',#18538,#4413);
#3071=LINE('',#18539,#4414);
#3072=LINE('',#18543,#4415);
#3073=LINE('',#18549,#4416);
#3074=LINE('',#18550,#4417);
#3075=LINE('',#18551,#4418);
#3076=LINE('',#18554,#4419);
#3077=LINE('',#18559,#4420);
#3078=LINE('',#18560,#4421);
#3079=LINE('',#18564,#4422);
#3080=LINE('',#18566,#4423);
#3081=LINE('',#18568,#4424);
#3082=LINE('',#18570,#4425);
#3083=LINE('',#18572,#4426);
#3084=LINE('',#18574,#4427);
#3085=LINE('',#18576,#4428);
#3086=LINE('',#18578,#4429);
#3087=LINE('',#18580,#4430);
#3088=LINE('',#18582,#4431);
#3089=LINE('',#18584,#4432);
#3090=LINE('',#18586,#4433);
#3091=LINE('',#18588,#4434);
#3092=LINE('',#18590,#4435);
#3093=LINE('',#18593,#4436);
#3094=LINE('',#18595,#4437);
#3095=LINE('',#18599,#4438);
#3096=LINE('',#18601,#4439);
#3097=LINE('',#18602,#4440);
#3098=LINE('',#18605,#4441);
#3099=LINE('',#18606,#4442);
#3100=LINE('',#18609,#4443);
#3101=LINE('',#18610,#4444);
#3102=LINE('',#18612,#4445);
#3103=LINE('',#18616,#4446);
#3104=LINE('',#18618,#4447);
#3105=LINE('',#18619,#4448);
#3106=LINE('',#18622,#4449);
#3107=LINE('',#18623,#4450);
#3108=LINE('',#18626,#4451);
#3109=LINE('',#18627,#4452);
#3110=LINE('',#18629,#4453);
#3111=LINE('',#18632,#4454);
#3112=LINE('',#18634,#4455);
#3113=LINE('',#18635,#4456);
#3114=LINE('',#18637,#4457);
#3115=LINE('',#18644,#4458);
#3116=LINE('',#18649,#4459);
#3117=LINE('',#18650,#4460);
#3118=LINE('',#18651,#4461);
#3119=LINE('',#18657,#4462);
#3120=LINE('',#18659,#4463);
#3121=LINE('',#18661,#4464);
#3122=LINE('',#18663,#4465);
#3123=LINE('',#18670,#4466);
#3124=LINE('',#18678,#4467);
#3125=LINE('',#18679,#4468);
#3126=LINE('',#18682,#4469);
#3127=LINE('',#18683,#4470);
#3128=LINE('',#18686,#4471);
#3129=LINE('',#18687,#4472);
#3130=LINE('',#18690,#4473);
#3131=LINE('',#18694,#4474);
#3132=LINE('',#18695,#4475);
#3133=LINE('',#18698,#4476);
#3134=LINE('',#18699,#4477);
#3135=LINE('',#18702,#4478);
#3136=LINE('',#18706,#4479);
#3137=LINE('',#18707,#4480);
#3138=LINE('',#18710,#4481);
#3139=LINE('',#18711,#4482);
#3140=LINE('',#18714,#4483);
#3141=LINE('',#18715,#4484);
#3142=LINE('',#18718,#4485);
#3143=LINE('',#18722,#4486);
#3144=LINE('',#18723,#4487);
#3145=LINE('',#18726,#4488);
#3146=LINE('',#18727,#4489);
#3147=LINE('',#18731,#4490);
#3148=LINE('',#18734,#4491);
#3149=LINE('',#18735,#4492);
#3150=LINE('',#18738,#4493);
#3151=LINE('',#18739,#4494);
#3152=LINE('',#18742,#4495);
#3153=LINE('',#18743,#4496);
#3154=LINE('',#18747,#4497);
#3155=LINE('',#18750,#4498);
#3156=LINE('',#18754,#4499);
#3157=LINE('',#18755,#4500);
#3158=LINE('',#18758,#4501);
#3159=LINE('',#18759,#4502);
#3160=LINE('',#18764,#4503);
#3161=LINE('',#18768,#4504);
#3162=LINE('',#18771,#4505);
#3163=LINE('',#18775,#4506);
#3164=LINE('',#18777,#4507);
#3165=LINE('',#18779,#4508);
#3166=LINE('',#18780,#4509);
#3167=LINE('',#18783,#4510);
#3168=LINE('',#18784,#4511);
#3169=LINE('',#18787,#4512);
#3170=LINE('',#18788,#4513);
#3171=LINE('',#18790,#4514);
#3172=LINE('',#18792,#4515);
#3173=LINE('',#18793,#4516);
#3174=LINE('',#18822,#4517);
#3175=LINE('',#18823,#4518);
#3176=LINE('',#18824,#4519);
#3177=LINE('',#18827,#4520);
#3178=LINE('',#18828,#4521);
#3179=LINE('',#18830,#4522);
#3180=LINE('',#18833,#4523);
#3181=LINE('',#18837,#4524);
#3182=LINE('',#18838,#4525);
#3183=LINE('',#18841,#4526);
#3184=LINE('',#18842,#4527);
#3185=LINE('',#18844,#4528);
#3186=LINE('',#18849,#4529);
#3187=LINE('',#18852,#4530);
#3188=LINE('',#18854,#4531);
#3189=LINE('',#18856,#4532);
#3190=LINE('',#18857,#4533);
#3191=LINE('',#18860,#4534);
#3192=LINE('',#18862,#4535);
#3193=LINE('',#18864,#4536);
#3194=LINE('',#18871,#4537);
#3195=LINE('',#18877,#4538);
#3196=LINE('',#18883,#4539);
#3197=LINE('',#18889,#4540);
#3198=LINE('',#18895,#4541);
#3199=LINE('',#18912,#4542);
#3200=LINE('',#18914,#4543);
#3201=LINE('',#18916,#4544);
#3202=LINE('',#18918,#4545);
#3203=LINE('',#18920,#4546);
#3204=VECTOR('',#12346,30.);
#3205=VECTOR('',#12353,10.);
#3206=VECTOR('',#12354,10.);
#3207=VECTOR('',#12355,10.);
#3208=VECTOR('',#12356,10.);
#3209=VECTOR('',#12359,10.);
#3210=VECTOR('',#12360,10.);
#3211=VECTOR('',#12361,10.);
#3212=VECTOR('',#12362,10.);
#3213=VECTOR('',#12365,10.);
#3214=VECTOR('',#12366,10.);
#3215=VECTOR('',#12369,10.);
#3216=VECTOR('',#12370,10.);
#3217=VECTOR('',#12371,10.);
#3218=VECTOR('',#12372,10.);
#3219=VECTOR('',#12373,10.);
#3220=VECTOR('',#12376,10.);
#3221=VECTOR('',#12377,10.);
#3222=VECTOR('',#12378,10.);
#3223=VECTOR('',#12381,10.);
#3224=VECTOR('',#12382,10.);
#3225=VECTOR('',#12383,10.);
#3226=VECTOR('',#12384,10.);
#3227=VECTOR('',#12387,10.);
#3228=VECTOR('',#12388,10.);
#3229=VECTOR('',#12391,10.);
#3230=VECTOR('',#12396,10.);
#3231=VECTOR('',#12397,10.);
#3232=VECTOR('',#12398,10.);
#3233=VECTOR('',#12399,10.);
#3234=VECTOR('',#12400,9.99999999999999);
#3235=VECTOR('',#12401,10.);
#3236=VECTOR('',#12402,9.99999999999999);
#3237=VECTOR('',#12403,10.);
#3238=VECTOR('',#12404,10.);
#3239=VECTOR('',#12405,10.);
#3240=VECTOR('',#12406,10.);
#3241=VECTOR('',#12409,10.);
#3242=VECTOR('',#12410,10.);
#3243=VECTOR('',#12411,10.);
#3244=VECTOR('',#12412,10.);
#3245=VECTOR('',#12413,10.);
#3246=VECTOR('',#12414,10.);
#3247=VECTOR('',#12415,10.);
#3248=VECTOR('',#12416,10.);
#3249=VECTOR('',#12417,10.);
#3250=VECTOR('',#12418,10.);
#3251=VECTOR('',#12419,10.);
#3252=VECTOR('',#12420,10.);
#3253=VECTOR('',#12421,10.);
#3254=VECTOR('',#12422,10.);
#3255=VECTOR('',#12423,10.);
#3256=VECTOR('',#12424,10.);
#3257=VECTOR('',#12425,10.);
#3258=VECTOR('',#12426,10.);
#3259=VECTOR('',#12427,10.);
#3260=VECTOR('',#12434,10.);
#3261=VECTOR('',#12435,10.);
#3262=VECTOR('',#12436,10.);
#3263=VECTOR('',#12437,10.);
#3264=VECTOR('',#12438,10.);
#3265=VECTOR('',#12439,10.);
#3266=VECTOR('',#12440,10.);
#3267=VECTOR('',#12441,10.);
#3268=VECTOR('',#12442,10.);
#3269=VECTOR('',#12443,10.);
#3270=VECTOR('',#12444,10.);
#3271=VECTOR('',#12445,10.);
#3272=VECTOR('',#12446,10.);
#3273=VECTOR('',#12447,10.);
#3274=VECTOR('',#12448,10.);
#3275=VECTOR('',#12449,10.);
#3276=VECTOR('',#12450,10.);
#3277=VECTOR('',#12451,10.);
#3278=VECTOR('',#12452,10.);
#3279=VECTOR('',#12453,10.);
#3280=VECTOR('',#12454,10.);
#3281=VECTOR('',#12455,10.);
#3282=VECTOR('',#12456,10.);
#3283=VECTOR('',#12457,10.);
#3284=VECTOR('',#12458,10.);
#3285=VECTOR('',#12459,9.99999999999999);
#3286=VECTOR('',#12460,10.);
#3287=VECTOR('',#12461,10.);
#3288=VECTOR('',#12462,10.);
#3289=VECTOR('',#12463,10.);
#3290=VECTOR('',#12464,10.);
#3291=VECTOR('',#12465,10.);
#3292=VECTOR('',#12466,10.);
#3293=VECTOR('',#12473,10.);
#3294=VECTOR('',#12474,10.);
#3295=VECTOR('',#12475,10.);
#3296=VECTOR('',#12476,10.);
#3297=VECTOR('',#12477,10.);
#3298=VECTOR('',#12478,10.);
#3299=VECTOR('',#12479,10.);
#3300=VECTOR('',#12480,10.);
#3301=VECTOR('',#12481,10.);
#3302=VECTOR('',#12482,10.);
#3303=VECTOR('',#12483,10.);
#3304=VECTOR('',#12484,10.);
#3305=VECTOR('',#12485,10.);
#3306=VECTOR('',#12486,10.);
#3307=VECTOR('',#12487,10.);
#3308=VECTOR('',#12488,10.);
#3309=VECTOR('',#12489,10.);
#3310=VECTOR('',#12490,10.);
#3311=VECTOR('',#12491,10.);
#3312=VECTOR('',#12492,10.);
#3313=VECTOR('',#12493,10.);
#3314=VECTOR('',#12494,10.);
#3315=VECTOR('',#12495,10.);
#3316=VECTOR('',#12496,10.);
#3317=VECTOR('',#12497,10.);
#3318=VECTOR('',#12498,10.);
#3319=VECTOR('',#12499,10.);
#3320=VECTOR('',#12500,10.);
#3321=VECTOR('',#12501,10.);
#3322=VECTOR('',#12510,10.);
#3323=VECTOR('',#12511,10.);
#3324=VECTOR('',#12512,10.);
#3325=VECTOR('',#12513,10.);
#3326=VECTOR('',#12516,10.);
#3327=VECTOR('',#12517,10.);
#3328=VECTOR('',#12518,10.);
#3329=VECTOR('',#12519,10.);
#3330=VECTOR('',#12520,10.);
#3331=VECTOR('',#12523,10.);
#3332=VECTOR('',#12524,10.);
#3333=VECTOR('',#12525,10.);
#3334=VECTOR('',#12526,10.);
#3335=VECTOR('',#12527,10.);
#3336=VECTOR('',#12530,10.);
#3337=VECTOR('',#12533,10.);
#3338=VECTOR('',#12536,10.);
#3339=VECTOR('',#12537,10.);
#3340=VECTOR('',#12538,10.);
#3341=VECTOR('',#12539,10.);
#3342=VECTOR('',#12540,10.);
#3343=VECTOR('',#12541,10.);
#3344=VECTOR('',#12544,10.);
#3345=VECTOR('',#12547,10.);
#3346=VECTOR('',#12550,10.);
#3347=VECTOR('',#12553,10.);
#3348=VECTOR('',#12556,10.);
#3349=VECTOR('',#12559,10.);
#3350=VECTOR('',#12560,10.);
#3351=VECTOR('',#12561,10.);
#3352=VECTOR('',#12564,10.);
#3353=VECTOR('',#12567,10.);
#3354=VECTOR('',#12570,10.);
#3355=VECTOR('',#12573,10.);
#3356=VECTOR('',#12574,10.);
#3357=VECTOR('',#12575,10.);
#3358=VECTOR('',#12576,10.);
#3359=VECTOR('',#12577,10.);
#3360=VECTOR('',#12578,10.);
#3361=VECTOR('',#12579,10.);
#3362=VECTOR('',#12580,10.);
#3363=VECTOR('',#12591,10.);
#3364=VECTOR('',#12592,10.);
#3365=VECTOR('',#12593,10.);
#3366=VECTOR('',#12594,10.);
#3367=VECTOR('',#12595,10.);
#3368=VECTOR('',#12596,10.);
#3369=VECTOR('',#12597,10.);
#3370=VECTOR('',#12598,10.);
#3371=VECTOR('',#12601,10.);
#3372=VECTOR('',#12602,10.);
#3373=VECTOR('',#12603,10.);
#3374=VECTOR('',#12606,10.);
#3375=VECTOR('',#12607,10.);
#3376=VECTOR('',#12608,10.);
#3377=VECTOR('',#12609,10.);
#3378=VECTOR('',#12612,10.);
#3379=VECTOR('',#12613,10.);
#3380=VECTOR('',#12616,10.);
#3381=VECTOR('',#12617,10.);
#3382=VECTOR('',#12618,10.);
#3383=VECTOR('',#12619,10.);
#3384=VECTOR('',#12622,10.);
#3385=VECTOR('',#12623,10.);
#3386=VECTOR('',#12624,10.);
#3387=VECTOR('',#12625,10.);
#3388=VECTOR('',#12626,10.);
#3389=VECTOR('',#12627,10.);
#3390=VECTOR('',#12628,10.);
#3391=VECTOR('',#12629,10.);
#3392=VECTOR('',#12630,10.);
#3393=VECTOR('',#12631,10.);
#3394=VECTOR('',#12638,5.);
#3395=VECTOR('',#12641,10.);
#3396=VECTOR('',#12644,10.);
#3397=VECTOR('',#12649,10.);
#3398=VECTOR('',#12650,10.);
#3399=VECTOR('',#12653,10.);
#3400=VECTOR('',#12660,10.);
#3401=VECTOR('',#12665,10.);
#3402=VECTOR('',#12666,10.);
#3403=VECTOR('',#12673,10.);
#3404=VECTOR('',#12676,10.);
#3405=VECTOR('',#12681,10.);
#3406=VECTOR('',#12682,10.);
#3407=VECTOR('',#12687,10.);
#3408=VECTOR('',#12690,10.);
#3409=VECTOR('',#12691,10.);
#3410=VECTOR('',#12694,10.);
#3411=VECTOR('',#12699,10.);
#3412=VECTOR('',#12700,10.);
#3413=VECTOR('',#12703,10.);
#3414=VECTOR('',#12708,10.);
#3415=VECTOR('',#12709,10.);
#3416=VECTOR('',#12712,10.);
#3417=VECTOR('',#12717,10.);
#3418=VECTOR('',#12718,10.);
#3419=VECTOR('',#12721,10.);
#3420=VECTOR('',#12726,10.);
#3421=VECTOR('',#12727,10.);
#3422=VECTOR('',#12730,10.);
#3423=VECTOR('',#12731,10.);
#3424=VECTOR('',#12734,10.);
#3425=VECTOR('',#12735,10.);
#3426=VECTOR('',#12738,10.);
#3427=VECTOR('',#12743,10.);
#3428=VECTOR('',#12744,10.);
#3429=VECTOR('',#12747,10.);
#3430=VECTOR('',#12752,10.);
#3431=VECTOR('',#12753,10.);
#3432=VECTOR('',#12756,10.);
#3433=VECTOR('',#12763,10.);
#3434=VECTOR('',#12768,10.);
#3435=VECTOR('',#12769,10.);
#3436=VECTOR('',#12772,10.);
#3437=VECTOR('',#12777,10.);
#3438=VECTOR('',#12778,10.);
#3439=VECTOR('',#12781,10.);
#3440=VECTOR('',#12786,10.);
#3441=VECTOR('',#12787,10.);
#3442=VECTOR('',#12790,10.);
#3443=VECTOR('',#12791,10.);
#3444=VECTOR('',#12794,10.);
#3445=VECTOR('',#12795,10.);
#3446=VECTOR('',#12798,10.);
#3447=VECTOR('',#12803,10.);
#3448=VECTOR('',#12804,10.);
#3449=VECTOR('',#12807,10.);
#3450=VECTOR('',#12812,10.);
#3451=VECTOR('',#12813,10.);
#3452=VECTOR('',#12816,10.);
#3453=VECTOR('',#12821,10.);
#3454=VECTOR('',#12822,10.);
#3455=VECTOR('',#12825,10.);
#3456=VECTOR('',#12830,10.);
#3457=VECTOR('',#12831,10.);
#3458=VECTOR('',#12834,10.);
#3459=VECTOR('',#12839,10.);
#3460=VECTOR('',#12840,10.);
#3461=VECTOR('',#12841,10.);
#3462=VECTOR('',#12848,3.5);
#3463=VECTOR('',#12865,10.);
#3464=VECTOR('',#12868,1.);
#3465=VECTOR('',#12871,10.);
#3466=VECTOR('',#12872,10.);
#3467=VECTOR('',#12875,10.);
#3468=VECTOR('',#12876,10.);
#3469=VECTOR('',#12877,10.);
#3470=VECTOR('',#12878,10.);
#3471=VECTOR('',#12879,10.);
#3472=VECTOR('',#12882,10.);
#3473=VECTOR('',#12883,10.);
#3474=VECTOR('',#12886,10.);
#3475=VECTOR('',#12891,10.);
#3476=VECTOR('',#12892,10.);
#3477=VECTOR('',#12895,10.);
#3478=VECTOR('',#12896,10.);
#3479=VECTOR('',#12897,10.);
#3480=VECTOR('',#12900,10.);
#3481=VECTOR('',#12901,10.);
#3482=VECTOR('',#12902,10.);
#3483=VECTOR('',#12903,10.);
#3484=VECTOR('',#12906,10.);
#3485=VECTOR('',#12907,10.);
#3486=VECTOR('',#12908,10.);
#3487=VECTOR('',#12911,10.);
#3488=VECTOR('',#12912,10.);
#3489=VECTOR('',#12913,10.);
#3490=VECTOR('',#12916,10.);
#3491=VECTOR('',#12917,10.);
#3492=VECTOR('',#12920,10.);
#3493=VECTOR('',#12921,10.);
#3494=VECTOR('',#12924,10.);
#3495=VECTOR('',#12929,10.);
#3496=VECTOR('',#12930,10.);
#3497=VECTOR('',#12933,10.);
#3498=VECTOR('',#12938,10.);
#3499=VECTOR('',#12939,10.);
#3500=VECTOR('',#12942,10.);
#3501=VECTOR('',#12947,10.);
#3502=VECTOR('',#12948,10.);
#3503=VECTOR('',#12951,10.);
#3504=VECTOR('',#12956,10.);
#3505=VECTOR('',#12957,10.);
#3506=VECTOR('',#12960,10.);
#3507=VECTOR('',#12965,10.);
#3508=VECTOR('',#12968,10.);
#3509=VECTOR('',#12973,10.);
#3510=VECTOR('',#12974,10.);
#3511=VECTOR('',#12977,10.);
#3512=VECTOR('',#12982,10.);
#3513=VECTOR('',#12983,10.);
#3514=VECTOR('',#12986,10.);
#3515=VECTOR('',#12991,10.);
#3516=VECTOR('',#12992,10.);
#3517=VECTOR('',#12995,10.);
#3518=VECTOR('',#13000,10.);
#3519=VECTOR('',#13001,10.);
#3520=VECTOR('',#13008,10.);
#3521=VECTOR('',#13009,10.);
#3522=VECTOR('',#13010,10.);
#3523=VECTOR('',#13013,10.);
#3524=VECTOR('',#13014,10.);
#3525=VECTOR('',#13017,10.);
#3526=VECTOR('',#13018,10.);
#3527=VECTOR('',#13021,10.);
#3528=VECTOR('',#13026,10.);
#3529=VECTOR('',#13027,10.);
#3530=VECTOR('',#13028,10.);
#3531=VECTOR('',#13031,10.);
#3532=VECTOR('',#13032,10.);
#3533=VECTOR('',#13035,10.);
#3534=VECTOR('',#13036,10.);
#3535=VECTOR('',#13039,10.);
#3536=VECTOR('',#13044,5.);
#3537=VECTOR('',#13047,10.);
#3538=VECTOR('',#13048,9.99999999999999);
#3539=VECTOR('',#13049,10.);
#3540=VECTOR('',#13050,10.);
#3541=VECTOR('',#13051,10.);
#3542=VECTOR('',#13054,10.);
#3543=VECTOR('',#13057,10.);
#3544=VECTOR('',#13058,10.);
#3545=VECTOR('',#13059,10.);
#3546=VECTOR('',#13060,10.);
#3547=VECTOR('',#13063,10.);
#3548=VECTOR('',#13064,10.);
#3549=VECTOR('',#13065,10.);
#3550=VECTOR('',#13066,10.);
#3551=VECTOR('',#13067,10.);
#3552=VECTOR('',#13070,10.);
#3553=VECTOR('',#13073,10.);
#3554=VECTOR('',#13076,10.);
#3555=VECTOR('',#13077,10.);
#3556=VECTOR('',#13078,10.);
#3557=VECTOR('',#13079,10.);
#3558=VECTOR('',#13082,10.);
#3559=VECTOR('',#13085,0.499999999999972);
#3560=VECTOR('',#13088,0.499999999999972);
#3561=VECTOR('',#13093,10.);
#3562=VECTOR('',#13094,10.);
#3563=VECTOR('',#13095,10.);
#3564=VECTOR('',#13096,10.);
#3565=VECTOR('',#13097,10.);
#3566=VECTOR('',#13100,10.);
#3567=VECTOR('',#13103,10.);
#3568=VECTOR('',#13106,10.);
#3569=VECTOR('',#13109,10.);
#3570=VECTOR('',#13114,10.);
#3571=VECTOR('',#13115,10.);
#3572=VECTOR('',#13116,10.);
#3573=VECTOR('',#13117,10.);
#3574=VECTOR('',#13122,10.);
#3575=VECTOR('',#13125,10.);
#3576=VECTOR('',#13126,10.);
#3577=VECTOR('',#13129,10.);
#3578=VECTOR('',#13130,10.);
#3579=VECTOR('',#13131,10.);
#3580=VECTOR('',#13132,10.);
#3581=VECTOR('',#13141,10.);
#3582=VECTOR('',#13144,10.);
#3583=VECTOR('',#13145,10.);
#3584=VECTOR('',#13146,10.);
#3585=VECTOR('',#13147,10.);
#3586=VECTOR('',#13158,10.);
#3587=VECTOR('',#13161,10.);
#3588=VECTOR('',#13162,10.);
#3589=VECTOR('',#13163,10.);
#3590=VECTOR('',#13166,10.);
#3591=VECTOR('',#13167,10.);
#3592=VECTOR('',#13168,10.);
#3593=VECTOR('',#13171,10.);
#3594=VECTOR('',#13172,10.);
#3595=VECTOR('',#13173,10.);
#3596=VECTOR('',#13180,10.);
#3597=VECTOR('',#13183,10.);
#3598=VECTOR('',#13184,10.);
#3599=VECTOR('',#13185,10.);
#3600=VECTOR('',#13188,10.);
#3601=VECTOR('',#13189,10.);
#3602=VECTOR('',#13190,10.);
#3603=VECTOR('',#13197,10.);
#3604=VECTOR('',#13200,10.);
#3605=VECTOR('',#13201,10.);
#3606=VECTOR('',#13202,10.);
#3607=VECTOR('',#13205,10.);
#3608=VECTOR('',#13206,10.);
#3609=VECTOR('',#13207,10.);
#3610=VECTOR('',#13210,10.);
#3611=VECTOR('',#13211,10.);
#3612=VECTOR('',#13212,10.);
#3613=VECTOR('',#13219,10.);
#3614=VECTOR('',#13222,10.);
#3615=VECTOR('',#13223,10.);
#3616=VECTOR('',#13224,10.);
#3617=VECTOR('',#13227,10.);
#3618=VECTOR('',#13228,10.);
#3619=VECTOR('',#13229,10.);
#3620=VECTOR('',#13232,10.);
#3621=VECTOR('',#13239,10.);
#3622=VECTOR('',#13240,10.);
#3623=VECTOR('',#13241,10.);
#3624=VECTOR('',#13242,10.);
#3625=VECTOR('',#13245,10.);
#3626=VECTOR('',#13246,10.);
#3627=VECTOR('',#13247,10.);
#3628=VECTOR('',#13250,10.);
#3629=VECTOR('',#13251,10.);
#3630=VECTOR('',#13252,10.);
#3631=VECTOR('',#13259,10.);
#3632=VECTOR('',#13262,10.);
#3633=VECTOR('',#13263,10.);
#3634=VECTOR('',#13264,10.);
#3635=VECTOR('',#13267,10.);
#3636=VECTOR('',#13268,10.);
#3637=VECTOR('',#13269,10.);
#3638=VECTOR('',#13272,10.);
#3639=VECTOR('',#13273,10.);
#3640=VECTOR('',#13274,10.);
#3641=VECTOR('',#13281,10.);
#3642=VECTOR('',#13284,10.);
#3643=VECTOR('',#13285,10.);
#3644=VECTOR('',#13286,10.);
#3645=VECTOR('',#13293,10.);
#3646=VECTOR('',#13296,10.);
#3647=VECTOR('',#13297,10.);
#3648=VECTOR('',#13298,10.);
#3649=VECTOR('',#13301,10.);
#3650=VECTOR('',#13302,10.);
#3651=VECTOR('',#13303,10.);
#3652=VECTOR('',#13310,10.);
#3653=VECTOR('',#13313,10.);
#3654=VECTOR('',#13314,10.);
#3655=VECTOR('',#13315,10.);
#3656=VECTOR('',#13318,10.);
#3657=VECTOR('',#13319,10.);
#3658=VECTOR('',#13320,10.);
#3659=VECTOR('',#13327,10.);
#3660=VECTOR('',#13330,10.);
#3661=VECTOR('',#13331,10.);
#3662=VECTOR('',#13332,10.);
#3663=VECTOR('',#13335,10.);
#3664=VECTOR('',#13336,10.);
#3665=VECTOR('',#13341,10.);
#3666=VECTOR('',#13344,0.499999999999972);
#3667=VECTOR('',#13347,10.);
#3668=VECTOR('',#13356,10.);
#3669=VECTOR('',#13357,10.);
#3670=VECTOR('',#13360,10.);
#3671=VECTOR('',#13361,10.);
#3672=VECTOR('',#13362,10.);
#3673=VECTOR('',#13365,10.);
#3674=VECTOR('',#13366,10.);
#3675=VECTOR('',#13367,10.);
#3676=VECTOR('',#13368,10.);
#3677=VECTOR('',#13369,10.);
#3678=VECTOR('',#13372,10.);
#3679=VECTOR('',#13373,10.);
#3680=VECTOR('',#13376,10.);
#3681=VECTOR('',#13377,10.);
#3682=VECTOR('',#13378,10.);
#3683=VECTOR('',#13381,10.);
#3684=VECTOR('',#13382,10.);
#3685=VECTOR('',#13385,10.);
#3686=VECTOR('',#13386,10.);
#3687=VECTOR('',#13389,10.);
#3688=VECTOR('',#13390,10.);
#3689=VECTOR('',#13391,10.);
#3690=VECTOR('',#13394,10.);
#3691=VECTOR('',#13395,10.);
#3692=VECTOR('',#13396,10.);
#3693=VECTOR('',#13399,10.);
#3694=VECTOR('',#13400,10.);
#3695=VECTOR('',#13401,10.);
#3696=VECTOR('',#13404,10.);
#3697=VECTOR('',#13405,10.);
#3698=VECTOR('',#13408,10.);
#3699=VECTOR('',#13409,10.);
#3700=VECTOR('',#13410,10.);
#3701=VECTOR('',#13413,10.);
#3702=VECTOR('',#13414,10.);
#3703=VECTOR('',#13415,10.);
#3704=VECTOR('',#13418,10.);
#3705=VECTOR('',#13419,10.);
#3706=VECTOR('',#13420,10.);
#3707=VECTOR('',#13423,10.);
#3708=VECTOR('',#13424,10.);
#3709=VECTOR('',#13427,10.);
#3710=VECTOR('',#13428,10.);
#3711=VECTOR('',#13429,10.);
#3712=VECTOR('',#13464,9.99999999999999);
#3713=VECTOR('',#13465,10.);
#3714=VECTOR('',#13466,10.);
#3715=VECTOR('',#13469,10.);
#3716=VECTOR('',#13470,10.);
#3717=VECTOR('',#13473,10.);
#3718=VECTOR('',#13476,10.);
#3719=VECTOR('',#13477,10.);
#3720=VECTOR('',#13482,10.);
#3721=VECTOR('',#13487,10.);
#3722=VECTOR('',#13488,10.);
#3723=VECTOR('',#13489,10.);
#3724=VECTOR('',#13492,10.);
#3725=VECTOR('',#13493,10.);
#3726=VECTOR('',#13500,0.499999999999972);
#3727=VECTOR('',#13505,10.);
#3728=VECTOR('',#13508,10.);
#3729=VECTOR('',#13509,10.);
#3730=VECTOR('',#13510,10.);
#3731=VECTOR('',#13521,5.00000000000004);
#3732=VECTOR('',#13524,5.);
#3733=VECTOR('',#13527,10.);
#3734=VECTOR('',#13528,10.);
#3735=VECTOR('',#13531,10.);
#3736=VECTOR('',#13532,10.);
#3737=VECTOR('',#13533,10.);
#3738=VECTOR('',#13536,10.);
#3739=VECTOR('',#13537,10.);
#3740=VECTOR('',#13538,10.);
#3741=VECTOR('',#13541,10.);
#3742=VECTOR('',#13542,10.);
#3743=VECTOR('',#13543,10.);
#3744=VECTOR('',#13548,1.49999999999999);
#3745=VECTOR('',#13553,10.);
#3746=VECTOR('',#13554,10.);
#3747=VECTOR('',#13555,10.);
#3748=VECTOR('',#13566,2.54999999999999);
#3749=VECTOR('',#13575,2.55000000000003);
#3750=VECTOR('',#13584,2.54999999999999);
#3751=VECTOR('',#13593,2.54999999999999);
#3752=VECTOR('',#13602,2.54999999999999);
#3753=VECTOR('',#13605,10.);
#3754=VECTOR('',#13606,10.);
#3755=VECTOR('',#13609,10.);
#3756=VECTOR('',#13610,10.);
#3757=VECTOR('',#13613,10.);
#3758=VECTOR('',#13614,10.);
#3759=VECTOR('',#13617,10.);
#3760=VECTOR('',#13618,10.);
#3761=VECTOR('',#13619,10.);
#3762=VECTOR('',#13642,10.);
#3763=VECTOR('',#13643,10.);
#3764=VECTOR('',#13646,10.);
#3765=VECTOR('',#13647,10.);
#3766=VECTOR('',#13650,10.);
#3767=VECTOR('',#13651,10.);
#3768=VECTOR('',#13654,10.);
#3769=VECTOR('',#13655,10.);
#3770=VECTOR('',#13658,10.);
#3771=VECTOR('',#13661,10.);
#3772=VECTOR('',#13662,10.);
#3773=VECTOR('',#13665,10.);
#3774=VECTOR('',#13666,10.);
#3775=VECTOR('',#13669,10.);
#3776=VECTOR('',#13670,10.);
#3777=VECTOR('',#13673,10.);
#3778=VECTOR('',#13676,10.);
#3779=VECTOR('',#13677,10.);
#3780=VECTOR('',#13680,10.);
#3781=VECTOR('',#13681,10.);
#3782=VECTOR('',#13684,10.);
#3783=VECTOR('',#13687,10.);
#3784=VECTOR('',#13688,10.);
#3785=VECTOR('',#13691,10.);
#3786=VECTOR('',#13692,10.);
#3787=VECTOR('',#13695,10.);
#3788=VECTOR('',#13696,10.);
#3789=VECTOR('',#13699,10.);
#3790=VECTOR('',#13702,10.);
#3791=VECTOR('',#13703,10.);
#3792=VECTOR('',#13706,10.);
#3793=VECTOR('',#13711,10.);
#3794=VECTOR('',#13712,10.);
#3795=VECTOR('',#13715,10.);
#3796=VECTOR('',#13716,10.);
#3797=VECTOR('',#13719,10.);
#3798=VECTOR('',#13720,10.);
#3799=VECTOR('',#13723,10.);
#3800=VECTOR('',#13724,10.);
#3801=VECTOR('',#13727,10.);
#3802=VECTOR('',#13730,1.55000000000001);
#3803=VECTOR('',#13733,1.5499110998222);
#3804=VECTOR('',#13736,1.55000000000001);
#3805=VECTOR('',#13739,1.5499110998222);
#3806=VECTOR('',#13742,1.5499110998222);
#3807=VECTOR('',#13745,10.);
#3808=VECTOR('',#13746,10.);
#3809=VECTOR('',#13749,10.);
#3810=VECTOR('',#13750,10.);
#3811=VECTOR('',#13753,10.);
#3812=VECTOR('',#13754,10.);
#3813=VECTOR('',#13757,9.99999999999999);
#3814=VECTOR('',#13760,10.);
#3815=VECTOR('',#13761,10.);
#3816=VECTOR('',#13764,10.);
#3817=VECTOR('',#13765,10.);
#3818=VECTOR('',#13768,10.);
#3819=VECTOR('',#13771,10.);
#3820=VECTOR('',#13772,10.);
#3821=VECTOR('',#13775,10.);
#3822=VECTOR('',#13776,10.);
#3823=VECTOR('',#13779,10.);
#3824=VECTOR('',#13782,10.);
#3825=VECTOR('',#13783,9.99999999999999);
#3826=VECTOR('',#13786,10.);
#3827=VECTOR('',#13787,10.);
#3828=VECTOR('',#13790,10.);
#3829=VECTOR('',#13791,10.);
#3830=VECTOR('',#13794,10.);
#3831=VECTOR('',#13797,10.);
#3832=VECTOR('',#13798,10.);
#3833=VECTOR('',#13801,10.);
#3834=VECTOR('',#13804,10.);
#3835=VECTOR('',#13805,10.);
#3836=VECTOR('',#13808,10.);
#3837=VECTOR('',#13809,10.);
#3838=VECTOR('',#13812,10.);
#3839=VECTOR('',#13813,10.);
#3840=VECTOR('',#13816,10.);
#3841=VECTOR('',#13817,10.);
#3842=VECTOR('',#13820,10.);
#3843=VECTOR('',#13821,10.);
#3844=VECTOR('',#13824,10.);
#3845=VECTOR('',#13825,10.);
#3846=VECTOR('',#13828,10.);
#3847=VECTOR('',#13829,10.);
#3848=VECTOR('',#13832,10.);
#3849=VECTOR('',#13833,10.);
#3850=VECTOR('',#13836,10.);
#3851=VECTOR('',#13837,10.);
#3852=VECTOR('',#13840,10.);
#3853=VECTOR('',#13841,10.);
#3854=VECTOR('',#13844,10.);
#3855=VECTOR('',#13845,10.);
#3856=VECTOR('',#13848,10.);
#3857=VECTOR('',#13849,10.);
#3858=VECTOR('',#13852,10.);
#3859=VECTOR('',#13857,10.);
#3860=VECTOR('',#13858,10.);
#3861=VECTOR('',#13861,10.);
#3862=VECTOR('',#13862,10.);
#3863=VECTOR('',#13865,10.);
#3864=VECTOR('',#13868,10.);
#3865=VECTOR('',#13869,10.);
#3866=VECTOR('',#13872,10.);
#3867=VECTOR('',#13879,30.);
#3868=VECTOR('',#13886,10.);
#3869=VECTOR('',#13887,10.);
#3870=VECTOR('',#13888,10.);
#3871=VECTOR('',#13889,10.);
#3872=VECTOR('',#13890,10.);
#3873=VECTOR('',#13891,10.);
#3874=VECTOR('',#13892,10.);
#3875=VECTOR('',#13893,10.);
#3876=VECTOR('',#13894,10.);
#3877=VECTOR('',#13895,10.);
#3878=VECTOR('',#13898,10.);
#3879=VECTOR('',#13899,10.);
#3880=VECTOR('',#13900,10.);
#3881=VECTOR('',#13901,10.);
#3882=VECTOR('',#13902,10.);
#3883=VECTOR('',#13903,10.);
#3884=VECTOR('',#13904,10.);
#3885=VECTOR('',#13905,10.);
#3886=VECTOR('',#13906,10.);
#3887=VECTOR('',#13907,10.);
#3888=VECTOR('',#13908,10.);
#3889=VECTOR('',#13909,10.);
#3890=VECTOR('',#13910,10.);
#3891=VECTOR('',#13911,10.);
#3892=VECTOR('',#13912,10.);
#3893=VECTOR('',#13913,10.);
#3894=VECTOR('',#13914,10.);
#3895=VECTOR('',#13915,10.);
#3896=VECTOR('',#13916,10.);
#3897=VECTOR('',#13917,10.);
#3898=VECTOR('',#13926,10.);
#3899=VECTOR('',#13929,10.);
#3900=VECTOR('',#13930,10.);
#3901=VECTOR('',#13931,10.);
#3902=VECTOR('',#13932,10.);
#3903=VECTOR('',#13933,10.);
#3904=VECTOR('',#13934,10.);
#3905=VECTOR('',#13935,10.);
#3906=VECTOR('',#13936,10.);
#3907=VECTOR('',#13937,10.);
#3908=VECTOR('',#13940,10.);
#3909=VECTOR('',#13941,10.);
#3910=VECTOR('',#13942,10.);
#3911=VECTOR('',#13943,10.);
#3912=VECTOR('',#13944,10.);
#3913=VECTOR('',#13947,10.);
#3914=VECTOR('',#13948,10.);
#3915=VECTOR('',#13949,10.);
#3916=VECTOR('',#13950,10.);
#3917=VECTOR('',#13951,10.);
#3918=VECTOR('',#13952,10.);
#3919=VECTOR('',#13953,10.);
#3920=VECTOR('',#13954,10.);
#3921=VECTOR('',#13955,10.);
#3922=VECTOR('',#13956,10.);
#3923=VECTOR('',#13957,10.);
#3924=VECTOR('',#13958,10.);
#3925=VECTOR('',#13959,10.);
#3926=VECTOR('',#13960,10.);
#3927=VECTOR('',#13961,10.);
#3928=VECTOR('',#13962,10.);
#3929=VECTOR('',#13963,10.);
#3930=VECTOR('',#13964,10.);
#3931=VECTOR('',#13965,10.);
#3932=VECTOR('',#13966,10.);
#3933=VECTOR('',#13967,10.);
#3934=VECTOR('',#13968,10.);
#3935=VECTOR('',#13969,10.);
#3936=VECTOR('',#13970,10.);
#3937=VECTOR('',#13971,10.);
#3938=VECTOR('',#13972,10.);
#3939=VECTOR('',#13973,10.);
#3940=VECTOR('',#13974,10.);
#3941=VECTOR('',#13975,10.);
#3942=VECTOR('',#13976,10.);
#3943=VECTOR('',#13977,10.);
#3944=VECTOR('',#13982,10.);
#3945=VECTOR('',#13985,10.);
#3946=VECTOR('',#13988,10.);
#3947=VECTOR('',#13991,10.);
#3948=VECTOR('',#13994,10.);
#3949=VECTOR('',#13995,10.);
#3950=VECTOR('',#13998,10.);
#3951=VECTOR('',#13999,10.);
#3952=VECTOR('',#14000,10.);
#3953=VECTOR('',#14003,10.);
#3954=VECTOR('',#14004,10.);
#3955=VECTOR('',#14007,10.);
#3956=VECTOR('',#14008,10.);
#3957=VECTOR('',#14009,10.);
#3958=VECTOR('',#14010,10.);
#3959=VECTOR('',#14011,10.);
#3960=VECTOR('',#14012,10.);
#3961=VECTOR('',#14013,10.);
#3962=VECTOR('',#14014,10.);
#3963=VECTOR('',#14015,10.);
#3964=VECTOR('',#14016,10.);
#3965=VECTOR('',#14017,10.);
#3966=VECTOR('',#14018,10.);
#3967=VECTOR('',#14019,10.);
#3968=VECTOR('',#14020,10.);
#3969=VECTOR('',#14021,10.);
#3970=VECTOR('',#14022,10.);
#3971=VECTOR('',#14023,10.);
#3972=VECTOR('',#14026,10.);
#3973=VECTOR('',#14027,10.);
#3974=VECTOR('',#14028,10.);
#3975=VECTOR('',#14031,10.);
#3976=VECTOR('',#14032,10.);
#3977=VECTOR('',#14033,10.);
#3978=VECTOR('',#14034,10.);
#3979=VECTOR('',#14035,10.);
#3980=VECTOR('',#14036,10.);
#3981=VECTOR('',#14037,10.);
#3982=VECTOR('',#14038,10.);
#3983=VECTOR('',#14039,10.);
#3984=VECTOR('',#14040,10.);
#3985=VECTOR('',#14041,10.);
#3986=VECTOR('',#14042,10.);
#3987=VECTOR('',#14043,10.);
#3988=VECTOR('',#14044,10.);
#3989=VECTOR('',#14045,10.);
#3990=VECTOR('',#14046,10.);
#3991=VECTOR('',#14047,10.);
#3992=VECTOR('',#14048,10.);
#3993=VECTOR('',#14049,10.);
#3994=VECTOR('',#14050,10.);
#3995=VECTOR('',#14051,10.);
#3996=VECTOR('',#14052,10.);
#3997=VECTOR('',#14053,10.);
#3998=VECTOR('',#14054,10.);
#3999=VECTOR('',#14055,10.);
#4000=VECTOR('',#14056,10.);
#4001=VECTOR('',#14057,10.);
#4002=VECTOR('',#14058,10.);
#4003=VECTOR('',#14059,10.);
#4004=VECTOR('',#14060,10.);
#4005=VECTOR('',#14063,10.);
#4006=VECTOR('',#14064,10.);
#4007=VECTOR('',#14065,10.);
#4008=VECTOR('',#14066,10.);
#4009=VECTOR('',#14067,10.);
#4010=VECTOR('',#14068,10.);
#4011=VECTOR('',#14069,10.);
#4012=VECTOR('',#14070,10.);
#4013=VECTOR('',#14077,10.);
#4014=VECTOR('',#14078,10.);
#4015=VECTOR('',#14079,10.);
#4016=VECTOR('',#14082,10.);
#4017=VECTOR('',#14083,10.);
#4018=VECTOR('',#14084,10.);
#4019=VECTOR('',#14087,10.);
#4020=VECTOR('',#14088,10.);
#4021=VECTOR('',#14089,10.);
#4022=VECTOR('',#14090,10.);
#4023=VECTOR('',#14093,10.);
#4024=VECTOR('',#14094,10.);
#4025=VECTOR('',#14095,10.);
#4026=VECTOR('',#14098,10.);
#4027=VECTOR('',#14099,10.);
#4028=VECTOR('',#14102,10.);
#4029=VECTOR('',#14103,10.);
#4030=VECTOR('',#14106,10.);
#4031=VECTOR('',#14109,10.);
#4032=VECTOR('',#14110,10.);
#4033=VECTOR('',#14111,10.);
#4034=VECTOR('',#14112,10.);
#4035=VECTOR('',#14115,10.);
#4036=VECTOR('',#14116,10.);
#4037=VECTOR('',#14119,10.);
#4038=VECTOR('',#14120,10.);
#4039=VECTOR('',#14123,10.);
#4040=VECTOR('',#14128,10.);
#4041=VECTOR('',#14129,10.);
#4042=VECTOR('',#14130,10.);
#4043=VECTOR('',#14131,10.);
#4044=VECTOR('',#14132,10.);
#4045=VECTOR('',#14133,10.);
#4046=VECTOR('',#14136,10.);
#4047=VECTOR('',#14137,10.);
#4048=VECTOR('',#14138,10.);
#4049=VECTOR('',#14139,10.);
#4050=VECTOR('',#14140,10.);
#4051=VECTOR('',#14141,10.);
#4052=VECTOR('',#14144,10.);
#4053=VECTOR('',#14145,10.);
#4054=VECTOR('',#14148,10.);
#4055=VECTOR('',#14151,10.);
#4056=VECTOR('',#14154,10.);
#4057=VECTOR('',#14157,10.);
#4058=VECTOR('',#14158,10.);
#4059=VECTOR('',#14159,10.);
#4060=VECTOR('',#14162,10.);
#4061=VECTOR('',#14165,10.);
#4062=VECTOR('',#14168,10.);
#4063=VECTOR('',#14171,10.);
#4064=VECTOR('',#14174,10.);
#4065=VECTOR('',#14177,10.);
#4066=VECTOR('',#14178,10.);
#4067=VECTOR('',#14179,10.);
#4068=VECTOR('',#14180,10.);
#4069=VECTOR('',#14181,10.);
#4070=VECTOR('',#14182,10.);
#4071=VECTOR('',#14185,10.);
#4072=VECTOR('',#14188,10.);
#4073=VECTOR('',#14193,10.);
#4074=VECTOR('',#14194,10.);
#4075=VECTOR('',#14195,10.);
#4076=VECTOR('',#14196,10.);
#4077=VECTOR('',#14197,10.);
#4078=VECTOR('',#14198,10.);
#4079=VECTOR('',#14199,10.);
#4080=VECTOR('',#14200,10.);
#4081=VECTOR('',#14209,10.);
#4082=VECTOR('',#14210,10.);
#4083=VECTOR('',#14213,10.);
#4084=VECTOR('',#14214,10.);
#4085=VECTOR('',#14215,10.);
#4086=VECTOR('',#14218,10.);
#4087=VECTOR('',#14219,10.);
#4088=VECTOR('',#14220,10.);
#4089=VECTOR('',#14221,10.);
#4090=VECTOR('',#14224,10.);
#4091=VECTOR('',#14225,10.);
#4092=VECTOR('',#14228,10.);
#4093=VECTOR('',#14229,10.);
#4094=VECTOR('',#14230,10.);
#4095=VECTOR('',#14231,10.);
#4096=VECTOR('',#14234,10.);
#4097=VECTOR('',#14235,10.);
#4098=VECTOR('',#14236,10.);
#4099=VECTOR('',#14243,10.);
#4100=VECTOR('',#14244,10.);
#4101=VECTOR('',#14247,10.);
#4102=VECTOR('',#14252,10.);
#4103=VECTOR('',#14253,10.);
#4104=VECTOR('',#14256,10.);
#4105=VECTOR('',#14261,10.);
#4106=VECTOR('',#14264,10.);
#4107=VECTOR('',#14265,10.);
#4108=VECTOR('',#14266,10.);
#4109=VECTOR('',#14267,10.);
#4110=VECTOR('',#14268,10.);
#4111=VECTOR('',#14269,10.);
#4112=VECTOR('',#14270,10.);
#4113=VECTOR('',#14273,10.);
#4114=VECTOR('',#14274,10.);
#4115=VECTOR('',#14275,10.);
#4116=VECTOR('',#14278,10.);
#4117=VECTOR('',#14279,10.);
#4118=VECTOR('',#14286,10.);
#4119=VECTOR('',#14291,10.);
#4120=VECTOR('',#14292,10.);
#4121=VECTOR('',#14295,10.);
#4122=VECTOR('',#14300,10.);
#4123=VECTOR('',#14301,10.);
#4124=VECTOR('',#14304,10.);
#4125=VECTOR('',#14309,10.);
#4126=VECTOR('',#14310,10.);
#4127=VECTOR('',#14313,10.);
#4128=VECTOR('',#14318,10.);
#4129=VECTOR('',#14319,10.);
#4130=VECTOR('',#14322,10.);
#4131=VECTOR('',#14327,10.);
#4132=VECTOR('',#14328,10.);
#4133=VECTOR('',#14331,10.);
#4134=VECTOR('',#14334,10.);
#4135=VECTOR('',#14339,10.);
#4136=VECTOR('',#14340,10.);
#4137=VECTOR('',#14343,10.);
#4138=VECTOR('',#14348,10.);
#4139=VECTOR('',#14349,10.);
#4140=VECTOR('',#14352,10.);
#4141=VECTOR('',#14359,10.);
#4142=VECTOR('',#14360,10.);
#4143=VECTOR('',#14361,10.);
#4144=VECTOR('',#14362,10.);
#4145=VECTOR('',#14363,10.);
#4146=VECTOR('',#14364,10.);
#4147=VECTOR('',#14365,10.);
#4148=VECTOR('',#14366,10.);
#4149=VECTOR('',#14369,3.50000000000002);
#4150=VECTOR('',#14384,10.);
#4151=VECTOR('',#14385,10.);
#4152=VECTOR('',#14386,10.);
#4153=VECTOR('',#14387,10.);
#4154=VECTOR('',#14388,10.);
#4155=VECTOR('',#14391,10.);
#4156=VECTOR('',#14392,10.);
#4157=VECTOR('',#14393,10.);
#4158=VECTOR('',#14394,10.);
#4159=VECTOR('',#14395,10.);
#4160=VECTOR('',#14396,10.);
#4161=VECTOR('',#14399,10.);
#4162=VECTOR('',#14400,10.);
#4163=VECTOR('',#14401,10.);
#4164=VECTOR('',#14402,10.);
#4165=VECTOR('',#14403,10.);
#4166=VECTOR('',#14404,10.);
#4167=VECTOR('',#14405,10.);
#4168=VECTOR('',#14406,10.);
#4169=VECTOR('',#14407,10.);
#4170=VECTOR('',#14408,10.);
#4171=VECTOR('',#14411,10.);
#4172=VECTOR('',#14412,10.);
#4173=VECTOR('',#14415,10.);
#4174=VECTOR('',#14418,10.);
#4175=VECTOR('',#14419,10.);
#4176=VECTOR('',#14420,10.);
#4177=VECTOR('',#14423,10.);
#4178=VECTOR('',#14424,10.);
#4179=VECTOR('',#14425,10.);
#4180=VECTOR('',#14428,10.);
#4181=VECTOR('',#14429,10.);
#4182=VECTOR('',#14430,10.);
#4183=VECTOR('',#14431,10.);
#4184=VECTOR('',#14434,10.);
#4185=VECTOR('',#14435,10.);
#4186=VECTOR('',#14436,10.);
#4187=VECTOR('',#14437,10.);
#4188=VECTOR('',#14440,10.);
#4189=VECTOR('',#14441,10.);
#4190=VECTOR('',#14442,10.);
#4191=VECTOR('',#14443,10.);
#4192=VECTOR('',#14444,10.);
#4193=VECTOR('',#14445,10.);
#4194=VECTOR('',#14446,10.);
#4195=VECTOR('',#14449,10.);
#4196=VECTOR('',#14450,10.);
#4197=VECTOR('',#14451,10.);
#4198=VECTOR('',#14452,10.);
#4199=VECTOR('',#14455,10.);
#4200=VECTOR('',#14462,10.);
#4201=VECTOR('',#14463,10.);
#4202=VECTOR('',#14464,10.);
#4203=VECTOR('',#14465,10.);
#4204=VECTOR('',#14466,10.);
#4205=VECTOR('',#14467,10.);
#4206=VECTOR('',#14468,10.);
#4207=VECTOR('',#14469,10.);
#4208=VECTOR('',#14474,10.);
#4209=VECTOR('',#14475,10.);
#4210=VECTOR('',#14476,10.);
#4211=VECTOR('',#14477,10.);
#4212=VECTOR('',#14480,10.);
#4213=VECTOR('',#14491,10.);
#4214=VECTOR('',#14494,10.);
#4215=VECTOR('',#14497,10.);
#4216=VECTOR('',#14498,10.);
#4217=VECTOR('',#14499,10.);
#4218=VECTOR('',#14500,10.);
#4219=VECTOR('',#14501,10.);
#4220=VECTOR('',#14502,10.);
#4221=VECTOR('',#14503,10.);
#4222=VECTOR('',#14504,10.);
#4223=VECTOR('',#14507,10.);
#4224=VECTOR('',#14510,10.);
#4225=VECTOR('',#14511,10.);
#4226=VECTOR('',#14512,10.);
#4227=VECTOR('',#14513,10.);
#4228=VECTOR('',#14514,10.);
#4229=VECTOR('',#14515,10.);
#4230=VECTOR('',#14516,10.);
#4231=VECTOR('',#14519,10.);
#4232=VECTOR('',#14520,10.);
#4233=VECTOR('',#14521,10.);
#4234=VECTOR('',#14522,10.);
#4235=VECTOR('',#14525,10.);
#4236=VECTOR('',#14532,10.);
#4237=VECTOR('',#14533,10.);
#4238=VECTOR('',#14540,10.);
#4239=VECTOR('',#14545,10.);
#4240=VECTOR('',#14546,10.);
#4241=VECTOR('',#14549,10.);
#4242=VECTOR('',#14550,10.);
#4243=VECTOR('',#14553,10.);
#4244=VECTOR('',#14554,10.);
#4245=VECTOR('',#14557,10.);
#4246=VECTOR('',#14558,10.);
#4247=VECTOR('',#14561,10.);
#4248=VECTOR('',#14562,10.);
#4249=VECTOR('',#14565,10.);
#4250=VECTOR('',#14566,10.);
#4251=VECTOR('',#14569,10.);
#4252=VECTOR('',#14576,10.);
#4253=VECTOR('',#14577,10.);
#4254=VECTOR('',#14578,10.);
#4255=VECTOR('',#14579,10.);
#4256=VECTOR('',#14582,10.);
#4257=VECTOR('',#14585,10.);
#4258=VECTOR('',#14588,10.);
#4259=VECTOR('',#14593,10.);
#4260=VECTOR('',#14594,10.);
#4261=VECTOR('',#14597,10.);
#4262=VECTOR('',#14598,10.);
#4263=VECTOR('',#14601,10.);
#4264=VECTOR('',#14602,10.);
#4265=VECTOR('',#14605,10.);
#4266=VECTOR('',#14606,10.);
#4267=VECTOR('',#14609,10.);
#4268=VECTOR('',#14610,10.);
#4269=VECTOR('',#14613,10.);
#4270=VECTOR('',#14614,10.);
#4271=VECTOR('',#14617,10.);
#4272=VECTOR('',#14618,10.);
#4273=VECTOR('',#14623,10.);
#4274=VECTOR('',#14624,10.);
#4275=VECTOR('',#14625,10.);
#4276=VECTOR('',#14626,10.);
#4277=VECTOR('',#14627,10.);
#4278=VECTOR('',#14628,10.);
#4279=VECTOR('',#14631,10.);
#4280=VECTOR('',#14632,10.);
#4281=VECTOR('',#14635,10.);
#4282=VECTOR('',#14638,10.);
#4283=VECTOR('',#14641,10.);
#4284=VECTOR('',#14646,10.);
#4285=VECTOR('',#14649,10.);
#4286=VECTOR('',#14652,10.);
#4287=VECTOR('',#14655,10.);
#4288=VECTOR('',#14658,10.);
#4289=VECTOR('',#14661,10.);
#4290=VECTOR('',#14664,10.);
#4291=VECTOR('',#14667,10.);
#4292=VECTOR('',#14670,10.);
#4293=VECTOR('',#14673,10.);
#4294=VECTOR('',#14676,10.);
#4295=VECTOR('',#14679,10.);
#4296=VECTOR('',#14682,10.);
#4297=VECTOR('',#14687,10.);
#4298=VECTOR('',#14688,10.);
#4299=VECTOR('',#14689,10.);
#4300=VECTOR('',#14692,10.);
#4301=VECTOR('',#14695,10.);
#4302=VECTOR('',#14700,10.);
#4303=VECTOR('',#14701,10.);
#4304=VECTOR('',#14702,10.);
#4305=VECTOR('',#14705,10.);
#4306=VECTOR('',#14706,10.);
#4307=VECTOR('',#14709,10.);
#4308=VECTOR('',#14710,10.);
#4309=VECTOR('',#14713,10.);
#4310=VECTOR('',#14718,10.);
#4311=VECTOR('',#14721,10.);
#4312=VECTOR('',#14722,10.);
#4313=VECTOR('',#14723,10.);
#4314=VECTOR('',#14726,10.);
#4315=VECTOR('',#14729,10.);
#4316=VECTOR('',#14734,10.);
#4317=VECTOR('',#14735,10.);
#4318=VECTOR('',#14738,10.);
#4319=VECTOR('',#14739,10.);
#4320=VECTOR('',#14742,10.);
#4321=VECTOR('',#14743,10.);
#4322=VECTOR('',#14746,10.);
#4323=VECTOR('',#14747,10.);
#4324=VECTOR('',#14750,10.);
#4325=VECTOR('',#14755,10.);
#4326=VECTOR('',#14756,10.);
#4327=VECTOR('',#14757,10.);
#4328=VECTOR('',#14758,10.);
#4329=VECTOR('',#14759,10.);
#4330=VECTOR('',#14762,10.);
#4331=VECTOR('',#14765,10.);
#4332=VECTOR('',#14768,10.);
#4333=VECTOR('',#14771,10.);
#4334=VECTOR('',#14776,10.);
#4335=VECTOR('',#14777,10.);
#4336=VECTOR('',#14780,10.);
#4337=VECTOR('',#14785,10.);
#4338=VECTOR('',#14786,10.);
#4339=VECTOR('',#14787,10.);
#4340=VECTOR('',#14790,10.);
#4341=VECTOR('',#14793,10.);
#4342=VECTOR('',#14800,10.);
#4343=VECTOR('',#14803,0.499999999999972);
#4344=VECTOR('',#14806,10.);
#4345=VECTOR('',#14809,10.);
#4346=VECTOR('',#14810,10.);
#4347=VECTOR('',#14813,10.);
#4348=VECTOR('',#14816,9.99999999999999);
#4349=VECTOR('',#14821,1.);
#4350=VECTOR('',#14824,10.);
#4351=VECTOR('',#14825,10.);
#4352=VECTOR('',#14828,10.);
#4353=VECTOR('',#14829,10.);
#4354=VECTOR('',#14832,10.);
#4355=VECTOR('',#14833,10.);
#4356=VECTOR('',#14834,10.);
#4357=VECTOR('',#14835,10.);
#4358=VECTOR('',#14836,10.);
#4359=VECTOR('',#14839,10.);
#4360=VECTOR('',#14840,10.);
#4361=VECTOR('',#14841,10.);
#4362=VECTOR('',#14844,10.);
#4363=VECTOR('',#14847,10.);
#4364=VECTOR('',#14850,10.);
#4365=VECTOR('',#14853,10.);
#4366=VECTOR('',#14860,10.);
#4367=VECTOR('',#14861,10.);
#4368=VECTOR('',#14864,10.);
#4369=VECTOR('',#14865,10.);
#4370=VECTOR('',#14866,10.);
#4371=VECTOR('',#14869,10.);
#4372=VECTOR('',#14870,10.);
#4373=VECTOR('',#14871,10.);
#4374=VECTOR('',#14872,10.);
#4375=VECTOR('',#14875,10.);
#4376=VECTOR('',#14876,10.);
#4377=VECTOR('',#14877,10.);
#4378=VECTOR('',#14882,10.);
#4379=VECTOR('',#14883,10.);
#4380=VECTOR('',#14886,10.);
#4381=VECTOR('',#14887,10.);
#4382=VECTOR('',#14888,10.);
#4383=VECTOR('',#14889,10.);
#4384=VECTOR('',#14892,10.);
#4385=VECTOR('',#14893,10.);
#4386=VECTOR('',#14894,10.);
#4387=VECTOR('',#14897,10.);
#4388=VECTOR('',#14898,10.);
#4389=VECTOR('',#14901,10.);
#4390=VECTOR('',#14908,10.);
#4391=VECTOR('',#14909,10.);
#4392=VECTOR('',#14910,10.);
#4393=VECTOR('',#14913,10.);
#4394=VECTOR('',#14920,10.);
#4395=VECTOR('',#14921,10.);
#4396=VECTOR('',#14924,10.);
#4397=VECTOR('',#14931,10.);
#4398=VECTOR('',#14932,10.);
#4399=VECTOR('',#14933,10.);
#4400=VECTOR('',#14936,10.);
#4401=VECTOR('',#14943,10.);
#4402=VECTOR('',#14944,10.);
#4403=VECTOR('',#14945,10.);
#4404=VECTOR('',#14948,10.);
#4405=VECTOR('',#14955,10.);
#4406=VECTOR('',#14956,10.);
#4407=VECTOR('',#14959,10.);
#4408=VECTOR('',#14966,10.);
#4409=VECTOR('',#14967,10.);
#4410=VECTOR('',#14968,10.);
#4411=VECTOR('',#14971,10.);
#4412=VECTOR('',#14978,10.);
#4413=VECTOR('',#14979,10.);
#4414=VECTOR('',#14980,10.);
#4415=VECTOR('',#14983,10.);
#4416=VECTOR('',#14990,10.);
#4417=VECTOR('',#14991,10.);
#4418=VECTOR('',#14992,10.);
#4419=VECTOR('',#14995,10.);
#4420=VECTOR('',#15002,10.);
#4421=VECTOR('',#15003,10.);
#4422=VECTOR('',#15010,10.);
#4423=VECTOR('',#15013,10.);
#4424=VECTOR('',#15016,10.);
#4425=VECTOR('',#15019,10.);
#4426=VECTOR('',#15022,10.);
#4427=VECTOR('',#15025,10.);
#4428=VECTOR('',#15028,10.);
#4429=VECTOR('',#15031,10.);
#4430=VECTOR('',#15034,10.);
#4431=VECTOR('',#15037,10.);
#4432=VECTOR('',#15040,10.);
#4433=VECTOR('',#15043,10.);
#4434=VECTOR('',#15046,10.);
#4435=VECTOR('',#15049,10.);
#4436=VECTOR('',#15054,10.);
#4437=VECTOR('',#15057,10.);
#4438=VECTOR('',#15062,10.);
#4439=VECTOR('',#15063,10.);
#4440=VECTOR('',#15064,10.);
#4441=VECTOR('',#15067,10.);
#4442=VECTOR('',#15068,10.);
#4443=VECTOR('',#15071,10.);
#4444=VECTOR('',#15072,10.);
#4445=VECTOR('',#15075,10.);
#4446=VECTOR('',#15080,10.);
#4447=VECTOR('',#15081,10.);
#4448=VECTOR('',#15082,10.);
#4449=VECTOR('',#15085,10.);
#4450=VECTOR('',#15086,10.);
#4451=VECTOR('',#15089,10.);
#4452=VECTOR('',#15090,10.);
#4453=VECTOR('',#15093,10.);
#4454=VECTOR('',#15098,5.);
#4455=VECTOR('',#15101,10.);
#4456=VECTOR('',#15102,10.);
#4457=VECTOR('',#15105,10.);
#4458=VECTOR('',#15114,0.499999999999972);
#4459=VECTOR('',#15119,10.);
#4460=VECTOR('',#15120,10.);
#4461=VECTOR('',#15121,10.);
#4462=VECTOR('',#15128,10.);
#4463=VECTOR('',#15129,10.);
#4464=VECTOR('',#15130,10.);
#4465=VECTOR('',#15131,10.);
#4466=VECTOR('',#15140,10.);
#4467=VECTOR('',#15151,10.);
#4468=VECTOR('',#15152,10.);
#4469=VECTOR('',#15155,10.);
#4470=VECTOR('',#15156,10.);
#4471=VECTOR('',#15159,10.);
#4472=VECTOR('',#15160,10.);
#4473=VECTOR('',#15163,10.);
#4474=VECTOR('',#15168,10.);
#4475=VECTOR('',#15169,10.);
#4476=VECTOR('',#15172,10.);
#4477=VECTOR('',#15173,10.);
#4478=VECTOR('',#15176,10.);
#4479=VECTOR('',#15181,10.);
#4480=VECTOR('',#15182,10.);
#4481=VECTOR('',#15185,10.);
#4482=VECTOR('',#15186,10.);
#4483=VECTOR('',#15189,10.);
#4484=VECTOR('',#15190,10.);
#4485=VECTOR('',#15193,10.);
#4486=VECTOR('',#15198,10.);
#4487=VECTOR('',#15199,10.);
#4488=VECTOR('',#15202,10.);
#4489=VECTOR('',#15203,10.);
#4490=VECTOR('',#15210,10.);
#4491=VECTOR('',#15213,10.);
#4492=VECTOR('',#15214,10.);
#4493=VECTOR('',#15217,10.);
#4494=VECTOR('',#15218,10.);
#4495=VECTOR('',#15221,10.);
#4496=VECTOR('',#15222,10.);
#4497=VECTOR('',#15229,10.);
#4498=VECTOR('',#15232,10.);
#4499=VECTOR('',#15237,10.);
#4500=VECTOR('',#15238,10.);
#4501=VECTOR('',#15241,10.);
#4502=VECTOR('',#15242,10.);
#4503=VECTOR('',#15249,10.);
#4504=VECTOR('',#15252,0.499999999999972);
#4505=VECTOR('',#15255,10.);
#4506=VECTOR('',#15262,10.);
#4507=VECTOR('',#15263,10.);
#4508=VECTOR('',#15264,10.);
#4509=VECTOR('',#15265,10.);
#4510=VECTOR('',#15268,10.);
#4511=VECTOR('',#15269,10.);
#4512=VECTOR('',#15272,10.);
#4513=VECTOR('',#15273,10.);
#4514=VECTOR('',#15276,10.);
#4515=VECTOR('',#15277,10.);
#4516=VECTOR('',#15278,10.);
#4517=VECTOR('',#15313,9.99999999999999);
#4518=VECTOR('',#15314,10.);
#4519=VECTOR('',#15315,10.);
#4520=VECTOR('',#15318,10.);
#4521=VECTOR('',#15319,10.);
#4522=VECTOR('',#15322,10.);
#4523=VECTOR('',#15327,10.);
#4524=VECTOR('',#15332,10.);
#4525=VECTOR('',#15333,10.);
#4526=VECTOR('',#15336,10.);
#4527=VECTOR('',#15337,10.);
#4528=VECTOR('',#15340,5.);
#4529=VECTOR('',#15345,0.499999999999972);
#4530=VECTOR('',#15350,10.);
#4531=VECTOR('',#15353,10.);
#4532=VECTOR('',#15354,10.);
#4533=VECTOR('',#15355,10.);
#4534=VECTOR('',#15360,5.00000000000004);
#4535=VECTOR('',#15363,5.);
#4536=VECTOR('',#15366,10.);
#4537=VECTOR('',#15377,2.54999999999999);
#4538=VECTOR('',#15386,2.55000000000003);
#4539=VECTOR('',#15395,2.54999999999999);
#4540=VECTOR('',#15404,2.54999999999999);
#4541=VECTOR('',#15413,2.54999999999999);
#4542=VECTOR('',#15436,1.55000000000001);
#4543=VECTOR('',#15439,1.5499110998222);
#4544=VECTOR('',#15442,1.55000000000001);
#4545=VECTOR('',#15445,1.5499110998222);
#4546=VECTOR('',#15448,1.5499110998222);
#4547=CIRCLE('',#11459,30.);
#4548=CIRCLE('',#11460,30.);
#4549=CIRCLE('',#11472,2.);
#4550=CIRCLE('',#11473,3.55000000000003);
#4551=CIRCLE('',#11474,1.49999999999999);
#4552=CIRCLE('',#11476,3.54999999999999);
#4553=CIRCLE('',#11477,3.54999999999999);
#4554=CIRCLE('',#11479,3.54999999999999);
#4555=CIRCLE('',#11480,3.54999999999999);
#4556=CIRCLE('',#11481,2.5);
#4557=CIRCLE('',#11486,6.);
#4558=CIRCLE('',#11487,6.00000000000001);
#4559=CIRCLE('',#11488,2.99999999999998);
#4560=CIRCLE('',#11489,1.4);
#4561=CIRCLE('',#11490,2.99999999999996);
#4562=CIRCLE('',#11491,3.);
#4563=CIRCLE('',#11492,3.00000000000005);
#4564=CIRCLE('',#11493,3.);
#4565=CIRCLE('',#11494,5.);
#4566=CIRCLE('',#11495,3.);
#4567=CIRCLE('',#11496,3.);
#4568=CIRCLE('',#11497,5.00000000000004);
#4569=CIRCLE('',#11498,5.);
#4570=CIRCLE('',#11499,5.);
#4571=CIRCLE('',#11500,4.49999999999999);
#4572=CIRCLE('',#11501,5.);
#4573=CIRCLE('',#11509,5.);
#4574=CIRCLE('',#11513,6.4);
#4575=CIRCLE('',#11516,6.4);
#4576=CIRCLE('',#11519,6.4);
#4577=CIRCLE('',#11522,6.4);
#4578=CIRCLE('',#11525,3.4);
#4579=CIRCLE('',#11528,1.);
#4580=CIRCLE('',#11531,3.4);
#4581=CIRCLE('',#11534,3.4);
#4582=CIRCLE('',#11537,2.6);
#4583=CIRCLE('',#11540,2.6);
#4584=CIRCLE('',#11545,5.4);
#4585=CIRCLE('',#11548,3.4);
#4586=CIRCLE('',#11551,3.4);
#4587=CIRCLE('',#11554,3.4);
#4588=CIRCLE('',#11557,3.4);
#4589=CIRCLE('',#11560,5.4);
#4590=CIRCLE('',#11565,2.6);
#4591=CIRCLE('',#11568,2.6);
#4592=CIRCLE('',#11571,3.4);
#4593=CIRCLE('',#11574,3.4);
#4594=CIRCLE('',#11580,3.4);
#4595=CIRCLE('',#11583,5.00000000000004);
#4596=CIRCLE('',#11585,5.);
#4597=CIRCLE('',#11587,5.);
#4598=CIRCLE('',#11589,1.00000000000004);
#4599=CIRCLE('',#11591,1.00000000000002);
#4600=CIRCLE('',#11595,2.40000000000003);
#4601=CIRCLE('',#11604,5.40000000000001);
#4602=CIRCLE('',#11607,5.4);
#4603=CIRCLE('',#11610,2.39999999999998);
#4604=CIRCLE('',#11613,2.40000000000002);
#4605=CIRCLE('',#11616,4.40000000000001);
#4606=CIRCLE('',#11619,3.60000000000001);
#4607=CIRCLE('',#11622,3.6);
#4608=CIRCLE('',#11625,2.4);
#4609=CIRCLE('',#11628,2.39999999999998);
#4610=CIRCLE('',#11631,1.6);
#4611=CIRCLE('',#11652,0.499999999999972);
#4612=CIRCLE('',#11653,0.499999999999972);
#4613=CIRCLE('',#11656,0.6);
#4614=CIRCLE('',#11657,0.399999999988049);
#4615=CIRCLE('',#11658,0.5);
#4616=CIRCLE('',#11660,0.6);
#4617=CIRCLE('',#11661,1.);
#4618=CIRCLE('',#11666,0.5);
#4619=CIRCLE('',#11667,1.79999999998805);
#4620=CIRCLE('',#11668,1.);
#4621=CIRCLE('',#11671,1.79999999998805);
#4622=CIRCLE('',#11672,1.79999999998805);
#4623=CIRCLE('',#11674,0.399999999988049);
#4624=CIRCLE('',#11679,0.399999999988049);
#4625=CIRCLE('',#11680,0.399999999988049);
#4626=CIRCLE('',#11684,0.399999999988049);
#4627=CIRCLE('',#11685,0.399999999988049);
#4628=CIRCLE('',#11690,0.399999999988049);
#4629=CIRCLE('',#11691,0.399999999988049);
#4630=CIRCLE('',#11695,0.399999999988049);
#4631=CIRCLE('',#11696,0.399999999988049);
#4632=CIRCLE('',#11701,0.399999999988049);
#4633=CIRCLE('',#11702,0.399999999988049);
#4634=CIRCLE('',#11707,0.399999999988049);
#4635=CIRCLE('',#11708,0.399999999988049);
#4636=CIRCLE('',#11711,0.399999999988049);
#4637=CIRCLE('',#11712,0.399999999988049);
#4638=CIRCLE('',#11716,0.399999999988049);
#4639=CIRCLE('',#11717,0.399999999988049);
#4640=CIRCLE('',#11721,2.79999999998805);
#4641=CIRCLE('',#11722,2.79999999998805);
#4642=CIRCLE('',#11726,0.5);
#4643=CIRCLE('',#11727,0.5);
#4644=CIRCLE('',#11728,0.5);
#4645=CIRCLE('',#11730,1.);
#4646=CIRCLE('',#11732,2.);
#4647=CIRCLE('',#11750,2.54999999999999);
#4648=CIRCLE('',#11751,1.55000000000001);
#4649=CIRCLE('',#11753,2.54999999999999);
#4650=CIRCLE('',#11754,1.5499110998222);
#4651=CIRCLE('',#11756,2.54999999999999);
#4652=CIRCLE('',#11757,1.5499110998222);
#4653=CIRCLE('',#11759,2.54999999999999);
#4654=CIRCLE('',#11760,1.5499110998222);
#4655=CIRCLE('',#11762,2.55000000000003);
#4656=CIRCLE('',#11763,1.55000000000001);
#4657=CIRCLE('',#11774,0.499999999999972);
#4658=CIRCLE('',#11775,0.499999999999972);
#4659=CIRCLE('',#11777,0.5);
#4660=CIRCLE('',#11779,0.5);
#4661=CIRCLE('',#11781,0.5);
#4662=CIRCLE('',#11790,1.49999999999999);
#4663=CIRCLE('',#11795,2.54999999999999);
#4664=CIRCLE('',#11796,1.);
#4665=CIRCLE('',#11799,2.55000000000003);
#4666=CIRCLE('',#11800,1.);
#4667=CIRCLE('',#11803,2.54999999999999);
#4668=CIRCLE('',#11804,1.);
#4669=CIRCLE('',#11807,2.54999999999999);
#4670=CIRCLE('',#11808,1.);
#4671=CIRCLE('',#11811,2.54999999999999);
#4672=CIRCLE('',#11812,1.);
#4673=CIRCLE('',#11819,1.55000000000001);
#4674=CIRCLE('',#11821,1.5499110998222);
#4675=CIRCLE('',#11823,1.55000000000001);
#4676=CIRCLE('',#11825,1.5499110998222);
#4677=CIRCLE('',#11827,1.5499110998222);
#4678=CIRCLE('',#11894,30.);
#4679=CIRCLE('',#11895,30.);
#4680=CIRCLE('',#11899,3.54999999999999);
#4681=CIRCLE('',#11900,3.54999999999999);
#4682=CIRCLE('',#11901,2.5);
#4683=CIRCLE('',#11903,0.399999999988049);
#4684=CIRCLE('',#11904,0.5);
#4685=CIRCLE('',#11905,0.5);
#4686=CIRCLE('',#11906,3.55000000000003);
#4687=CIRCLE('',#11908,0.399999999988049);
#4688=CIRCLE('',#11909,0.399999999988049);
#4689=CIRCLE('',#11911,0.399999999988049);
#4690=CIRCLE('',#11912,0.399999999988049);
#4691=CIRCLE('',#11913,0.399999999988049);
#4692=CIRCLE('',#11914,0.399999999988049);
#4693=CIRCLE('',#11917,0.399999999988049);
#4694=CIRCLE('',#11918,3.54999999999999);
#4695=CIRCLE('',#11919,3.54999999999999);
#4696=CIRCLE('',#11936,2.74999999999997);
#4697=CIRCLE('',#11937,2.74999999999997);
#4698=CIRCLE('',#11938,4.75);
#4699=CIRCLE('',#11939,3.25);
#4700=CIRCLE('',#11940,3.25);
#4701=CIRCLE('',#11941,2.75);
#4702=CIRCLE('',#11942,2.74999999999998);
#4703=CIRCLE('',#11943,1.64999999999997);
#4704=CIRCLE('',#11944,2.74999999999999);
#4705=CIRCLE('',#11945,5.75000000000001);
#4706=CIRCLE('',#11946,5.75);
#4707=CIRCLE('',#11947,5.00000000000004);
#4708=CIRCLE('',#11948,5.);
#4709=CIRCLE('',#11949,5.);
#4710=CIRCLE('',#11950,5.);
#4711=CIRCLE('',#11951,4.50000000000003);
#4712=CIRCLE('',#11959,5.);
#4713=CIRCLE('',#11962,6.4);
#4714=CIRCLE('',#11965,6.4);
#4715=CIRCLE('',#11971,3.4);
#4716=CIRCLE('',#11973,1.);
#4717=CIRCLE('',#11976,3.4);
#4718=CIRCLE('',#11979,3.4);
#4719=CIRCLE('',#11982,2.6);
#4720=CIRCLE('',#11985,2.6);
#4721=CIRCLE('',#11989,5.4);
#4722=CIRCLE('',#11992,3.4);
#4723=CIRCLE('',#11995,3.4);
#4724=CIRCLE('',#12000,5.00000000000004);
#4725=CIRCLE('',#12002,5.);
#4726=CIRCLE('',#12004,5.);
#4727=CIRCLE('',#12017,2.8);
#4728=CIRCLE('',#12018,2.8);
#4729=CIRCLE('',#12023,0.4);
#4730=CIRCLE('',#12024,0.4);
#4731=CIRCLE('',#12026,0.399999999988049);
#4732=CIRCLE('',#12027,0.399999999988049);
#4733=CIRCLE('',#12028,0.399999999988049);
#4734=CIRCLE('',#12034,0.4);
#4735=CIRCLE('',#12035,0.4);
#4736=CIRCLE('',#12037,0.399999999988049);
#4737=CIRCLE('',#12039,0.399999999988049);
#4738=CIRCLE('',#12040,0.399999999988049);
#4739=CIRCLE('',#12049,1.79999999998805);
#4740=CIRCLE('',#12062,0.399999999988049);
#4741=CIRCLE('',#12092,2.79999999998805);
#4742=CIRCLE('',#12117,0.5);
#4743=CIRCLE('',#12118,0.5);
#4744=CIRCLE('',#12119,0.5);
#4745=CIRCLE('',#12124,1.00000000000004);
#4746=CIRCLE('',#12126,1.00000000000002);
#4747=CIRCLE('',#12133,3.4);
#4748=CIRCLE('',#12134,2.40000000000003);
#4749=CIRCLE('',#12145,6.4);
#4750=CIRCLE('',#12146,5.40000000000001);
#4751=CIRCLE('',#12149,6.4);
#4752=CIRCLE('',#12150,5.4);
#4753=CIRCLE('',#12153,3.4);
#4754=CIRCLE('',#12154,2.39999999999998);
#4755=CIRCLE('',#12157,3.4);
#4756=CIRCLE('',#12158,2.40000000000002);
#4757=CIRCLE('',#12161,5.4);
#4758=CIRCLE('',#12162,4.40000000000001);
#4759=CIRCLE('',#12165,2.6);
#4760=CIRCLE('',#12166,3.60000000000001);
#4761=CIRCLE('',#12169,2.6);
#4762=CIRCLE('',#12170,3.6);
#4763=CIRCLE('',#12173,3.4);
#4764=CIRCLE('',#12174,2.4);
#4765=CIRCLE('',#12177,3.4);
#4766=CIRCLE('',#12178,2.39999999999998);
#4767=CIRCLE('',#12181,1.6);
#4768=CIRCLE('',#12216,0.499999999999972);
#4769=CIRCLE('',#12217,0.499999999999972);
#4770=CIRCLE('',#12219,0.6);
#4771=CIRCLE('',#12221,1.);
#4772=CIRCLE('',#12222,0.6);
#4773=CIRCLE('',#12225,0.5);
#4774=CIRCLE('',#12226,1.);
#4775=CIRCLE('',#12227,1.79999999998805);
#4776=CIRCLE('',#12229,1.79999999998805);
#4777=CIRCLE('',#12234,0.399999999988049);
#4778=CIRCLE('',#12238,0.399999999988049);
#4779=CIRCLE('',#12243,0.399999999988049);
#4780=CIRCLE('',#12247,0.399999999988049);
#4781=CIRCLE('',#12253,0.399999999988049);
#4782=CIRCLE('',#12256,0.399999999988049);
#4783=CIRCLE('',#12260,2.79999999998805);
#4784=CIRCLE('',#12262,0.5);
#4785=CIRCLE('',#12263,0.5);
#4786=CIRCLE('',#12265,1.);
#4787=CIRCLE('',#12272,2.54999999999999);
#4788=CIRCLE('',#12273,1.55000000000001);
#4789=CIRCLE('',#12275,2.54999999999999);
#4790=CIRCLE('',#12276,1.5499110998222);
#4791=CIRCLE('',#12278,2.54999999999999);
#4792=CIRCLE('',#12279,1.5499110998222);
#4793=CIRCLE('',#12281,2.54999999999999);
#4794=CIRCLE('',#12282,1.5499110998222);
#4795=CIRCLE('',#12284,2.55000000000003);
#4796=CIRCLE('',#12285,1.55000000000001);
#4797=CIRCLE('',#12296,0.499999999999972);
#4798=CIRCLE('',#12297,0.499999999999972);
#4799=CIRCLE('',#12306,2.54999999999999);
#4800=CIRCLE('',#12307,1.);
#4801=CIRCLE('',#12310,2.55000000000003);
#4802=CIRCLE('',#12311,1.);
#4803=CIRCLE('',#12314,2.54999999999999);
#4804=CIRCLE('',#12315,1.);
#4805=CIRCLE('',#12318,2.54999999999999);
#4806=CIRCLE('',#12319,1.);
#4807=CIRCLE('',#12322,2.54999999999999);
#4808=CIRCLE('',#12323,1.);
#4809=CIRCLE('',#12326,1.55000000000001);
#4810=CIRCLE('',#12328,1.5499110998222);
#4811=CIRCLE('',#12330,1.55000000000001);
#4812=CIRCLE('',#12332,1.5499110998222);
#4813=CIRCLE('',#12334,1.5499110998222);
#4814=VERTEX_POINT('',#15451);
#4815=VERTEX_POINT('',#15453);
#4816=VERTEX_POINT('',#15458);
#4817=VERTEX_POINT('',#15459);
#4818=VERTEX_POINT('',#15461);
#4819=VERTEX_POINT('',#15463);
#4820=VERTEX_POINT('',#15467);
#4821=VERTEX_POINT('',#15468);
#4822=VERTEX_POINT('',#15470);
#4823=VERTEX_POINT('',#15472);
#4824=VERTEX_POINT('',#15479);
#4825=VERTEX_POINT('',#15480);
#4826=VERTEX_POINT('',#15482);
#4827=VERTEX_POINT('',#15484);
#4828=VERTEX_POINT('',#15486);
#4829=VERTEX_POINT('',#15490);
#4830=VERTEX_POINT('',#15492);
#4831=VERTEX_POINT('',#15496);
#4832=VERTEX_POINT('',#15498);
#4833=VERTEX_POINT('',#15500);
#4834=VERTEX_POINT('',#15510);
#4835=VERTEX_POINT('',#15512);
#4836=VERTEX_POINT('',#15514);
#4837=VERTEX_POINT('',#15516);
#4838=VERTEX_POINT('',#15518);
#4839=VERTEX_POINT('',#15520);
#4840=VERTEX_POINT('',#15522);
#4841=VERTEX_POINT('',#15524);
#4842=VERTEX_POINT('',#15526);
#4843=VERTEX_POINT('',#15528);
#4844=VERTEX_POINT('',#15530);
#4845=VERTEX_POINT('',#15532);
#4846=VERTEX_POINT('',#15534);
#4847=VERTEX_POINT('',#15536);
#4848=VERTEX_POINT('',#15538);
#4849=VERTEX_POINT('',#15540);
#4850=VERTEX_POINT('',#15542);
#4851=VERTEX_POINT('',#15544);
#4852=VERTEX_POINT('',#15546);
#4853=VERTEX_POINT('',#15548);
#4854=VERTEX_POINT('',#15550);
#4855=VERTEX_POINT('',#15552);
#4856=VERTEX_POINT('',#15554);
#4857=VERTEX_POINT('',#15556);
#4858=VERTEX_POINT('',#15558);
#4859=VERTEX_POINT('',#15560);
#4860=VERTEX_POINT('',#15562);
#4861=VERTEX_POINT('',#15564);
#4862=VERTEX_POINT('',#15566);
#4863=VERTEX_POINT('',#15568);
#4864=VERTEX_POINT('',#15571);
#4865=VERTEX_POINT('',#15573);
#4866=VERTEX_POINT('',#15576);
#4867=VERTEX_POINT('',#15578);
#4868=VERTEX_POINT('',#15580);
#4869=VERTEX_POINT('',#15582);
#4870=VERTEX_POINT('',#15584);
#4871=VERTEX_POINT('',#15586);
#4872=VERTEX_POINT('',#15588);
#4873=VERTEX_POINT('',#15590);
#4874=VERTEX_POINT('',#15592);
#4875=VERTEX_POINT('',#15594);
#4876=VERTEX_POINT('',#15596);
#4877=VERTEX_POINT('',#15598);
#4878=VERTEX_POINT('',#15600);
#4879=VERTEX_POINT('',#15602);
#4880=VERTEX_POINT('',#15604);
#4881=VERTEX_POINT('',#15606);
#4882=VERTEX_POINT('',#15608);
#4883=VERTEX_POINT('',#15610);
#4884=VERTEX_POINT('',#15612);
#4885=VERTEX_POINT('',#15614);
#4886=VERTEX_POINT('',#15616);
#4887=VERTEX_POINT('',#15618);
#4888=VERTEX_POINT('',#15621);
#4889=VERTEX_POINT('',#15623);
#4890=VERTEX_POINT('',#15625);
#4891=VERTEX_POINT('',#15627);
#4892=VERTEX_POINT('',#15629);
#4893=VERTEX_POINT('',#15631);
#4894=VERTEX_POINT('',#15633);
#4895=VERTEX_POINT('',#15635);
#4896=VERTEX_POINT('',#15637);
#4897=VERTEX_POINT('',#15640);
#4898=VERTEX_POINT('',#15642);
#4899=VERTEX_POINT('',#15645);
#4900=VERTEX_POINT('',#15647);
#4901=VERTEX_POINT('',#15649);
#4902=VERTEX_POINT('',#15651);
#4903=VERTEX_POINT('',#15653);
#4904=VERTEX_POINT('',#15655);
#4905=VERTEX_POINT('',#15657);
#4906=VERTEX_POINT('',#15659);
#4907=VERTEX_POINT('',#15661);
#4908=VERTEX_POINT('',#15663);
#4909=VERTEX_POINT('',#15665);
#4910=VERTEX_POINT('',#15667);
#4911=VERTEX_POINT('',#15669);
#4912=VERTEX_POINT('',#15671);
#4913=VERTEX_POINT('',#15673);
#4914=VERTEX_POINT('',#15675);
#4915=VERTEX_POINT('',#15677);
#4916=VERTEX_POINT('',#15679);
#4917=VERTEX_POINT('',#15681);
#4918=VERTEX_POINT('',#15683);
#4919=VERTEX_POINT('',#15685);
#4920=VERTEX_POINT('',#15687);
#4921=VERTEX_POINT('',#15689);
#4922=VERTEX_POINT('',#15691);
#4923=VERTEX_POINT('',#15693);
#4924=VERTEX_POINT('',#15695);
#4925=VERTEX_POINT('',#15697);
#4926=VERTEX_POINT('',#15699);
#4927=VERTEX_POINT('',#15702);
#4928=VERTEX_POINT('',#15704);
#4929=VERTEX_POINT('',#15706);
#4930=VERTEX_POINT('',#15709);
#4931=VERTEX_POINT('',#15710);
#4932=VERTEX_POINT('',#15712);
#4933=VERTEX_POINT('',#15714);
#4934=VERTEX_POINT('',#15718);
#4935=VERTEX_POINT('',#15720);
#4936=VERTEX_POINT('',#15722);
#4937=VERTEX_POINT('',#15724);
#4938=VERTEX_POINT('',#15728);
#4939=VERTEX_POINT('',#15730);
#4940=VERTEX_POINT('',#15732);
#4941=VERTEX_POINT('',#15734);
#4942=VERTEX_POINT('',#15738);
#4943=VERTEX_POINT('',#15740);
#4944=VERTEX_POINT('',#15742);
#4945=VERTEX_POINT('',#15744);
#4946=VERTEX_POINT('',#15746);
#4947=VERTEX_POINT('',#15748);
#4948=VERTEX_POINT('',#15750);
#4949=VERTEX_POINT('',#15752);
#4950=VERTEX_POINT('',#15754);
#4951=VERTEX_POINT('',#15756);
#4952=VERTEX_POINT('',#15758);
#4953=VERTEX_POINT('',#15760);
#4954=VERTEX_POINT('',#15762);
#4955=VERTEX_POINT('',#15764);
#4956=VERTEX_POINT('',#15766);
#4957=VERTEX_POINT('',#15768);
#4958=VERTEX_POINT('',#15770);
#4959=VERTEX_POINT('',#15772);
#4960=VERTEX_POINT('',#15774);
#4961=VERTEX_POINT('',#15776);
#4962=VERTEX_POINT('',#15778);
#4963=VERTEX_POINT('',#15780);
#4964=VERTEX_POINT('',#15782);
#4965=VERTEX_POINT('',#15784);
#4966=VERTEX_POINT('',#15786);
#4967=VERTEX_POINT('',#15788);
#4968=VERTEX_POINT('',#15790);
#4969=VERTEX_POINT('',#15792);
#4970=VERTEX_POINT('',#15794);
#4971=VERTEX_POINT('',#15797);
#4972=VERTEX_POINT('',#15799);
#4973=VERTEX_POINT('',#15800);
#4974=VERTEX_POINT('',#15802);
#4975=VERTEX_POINT('',#15804);
#4976=VERTEX_POINT('',#15807);
#4977=VERTEX_POINT('',#15808);
#4978=VERTEX_POINT('',#15810);
#4979=VERTEX_POINT('',#15812);
#4980=VERTEX_POINT('',#15815);
#4981=VERTEX_POINT('',#15817);
#4982=VERTEX_POINT('',#15819);
#4983=VERTEX_POINT('',#15821);
#4984=VERTEX_POINT('',#15824);
#4985=VERTEX_POINT('',#15826);
#4986=VERTEX_POINT('',#15829);
#4987=VERTEX_POINT('',#15831);
#4988=VERTEX_POINT('',#15833);
#4989=VERTEX_POINT('',#15835);
#4990=VERTEX_POINT('',#15839);
#4991=VERTEX_POINT('',#15841);
#4992=VERTEX_POINT('',#15845);
#4993=VERTEX_POINT('',#15847);
#4994=VERTEX_POINT('',#15849);
#4995=VERTEX_POINT('',#15853);
#4996=VERTEX_POINT('',#15857);
#4997=VERTEX_POINT('',#15859);
#4998=VERTEX_POINT('',#15861);
#4999=VERTEX_POINT('',#15865);
#5000=VERTEX_POINT('',#15867);
#5001=VERTEX_POINT('',#15870);
#5002=VERTEX_POINT('',#15872);
#5003=VERTEX_POINT('',#15874);
#5004=VERTEX_POINT('',#15876);
#5005=VERTEX_POINT('',#15878);
#5006=VERTEX_POINT('',#15880);
#5007=VERTEX_POINT('',#15884);
#5008=VERTEX_POINT('',#15891);
#5009=VERTEX_POINT('',#15895);
#5010=VERTEX_POINT('',#15903);
#5011=VERTEX_POINT('',#15907);
#5012=VERTEX_POINT('',#15915);
#5013=VERTEX_POINT('',#15919);
#5014=VERTEX_POINT('',#15923);
#5015=VERTEX_POINT('',#15927);
#5016=VERTEX_POINT('',#15931);
#5017=VERTEX_POINT('',#15935);
#5018=VERTEX_POINT('',#15939);
#5019=VERTEX_POINT('',#15943);
#5020=VERTEX_POINT('',#15947);
#5021=VERTEX_POINT('',#15951);
#5022=VERTEX_POINT('',#15955);
#5023=VERTEX_POINT('',#15959);
#5024=VERTEX_POINT('',#15963);
#5025=VERTEX_POINT('',#15967);
#5026=VERTEX_POINT('',#15971);
#5027=VERTEX_POINT('',#15975);
#5028=VERTEX_POINT('',#15979);
#5029=VERTEX_POINT('',#15983);
#5030=VERTEX_POINT('',#15991);
#5031=VERTEX_POINT('',#15995);
#5032=VERTEX_POINT('',#15999);
#5033=VERTEX_POINT('',#16003);
#5034=VERTEX_POINT('',#16007);
#5035=VERTEX_POINT('',#16011);
#5036=VERTEX_POINT('',#16015);
#5037=VERTEX_POINT('',#16019);
#5038=VERTEX_POINT('',#16023);
#5039=VERTEX_POINT('',#16027);
#5040=VERTEX_POINT('',#16031);
#5041=VERTEX_POINT('',#16035);
#5042=VERTEX_POINT('',#16039);
#5043=VERTEX_POINT('',#16043);
#5044=VERTEX_POINT('',#16047);
#5045=VERTEX_POINT('',#16051);
#5046=VERTEX_POINT('',#16055);
#5047=VERTEX_POINT('',#16057);
#5048=VERTEX_POINT('',#16066);
#5049=VERTEX_POINT('',#16076);
#5050=VERTEX_POINT('',#16083);
#5051=VERTEX_POINT('',#16085);
#5052=VERTEX_POINT('',#16087);
#5053=VERTEX_POINT('',#16098);
#5054=VERTEX_POINT('',#16101);
#5055=VERTEX_POINT('',#16104);
#5056=VERTEX_POINT('',#16107);
#5057=VERTEX_POINT('',#16109);
#5058=VERTEX_POINT('',#16111);
#5059=VERTEX_POINT('',#16134);
#5060=VERTEX_POINT('',#16177);
#5061=VERTEX_POINT('',#16198);
#5062=VERTEX_POINT('',#16200);
#5063=VERTEX_POINT('',#16202);
#5064=VERTEX_POINT('',#16204);
#5065=VERTEX_POINT('',#16208);
#5066=VERTEX_POINT('',#16212);
#5067=VERTEX_POINT('',#16216);
#5068=VERTEX_POINT('',#16220);
#5069=VERTEX_POINT('',#16222);
#5070=VERTEX_POINT('',#16226);
#5071=VERTEX_POINT('',#16228);
#5072=VERTEX_POINT('',#16230);
#5073=VERTEX_POINT('',#16234);
#5074=VERTEX_POINT('',#16236);
#5075=VERTEX_POINT('',#16240);
#5076=VERTEX_POINT('',#16242);
#5077=VERTEX_POINT('',#16246);
#5078=VERTEX_POINT('',#16250);
#5079=VERTEX_POINT('',#16254);
#5080=VERTEX_POINT('',#16258);
#5081=VERTEX_POINT('',#16262);
#5082=VERTEX_POINT('',#16266);
#5083=VERTEX_POINT('',#16270);
#5084=VERTEX_POINT('',#16274);
#5085=VERTEX_POINT('',#16278);
#5086=VERTEX_POINT('',#16282);
#5087=VERTEX_POINT('',#16286);
#5088=VERTEX_POINT('',#16292);
#5089=VERTEX_POINT('',#16296);
#5090=VERTEX_POINT('',#16300);
#5091=VERTEX_POINT('',#16304);
#5092=VERTEX_POINT('',#16308);
#5093=VERTEX_POINT('',#16312);
#5094=VERTEX_POINT('',#16316);
#5095=VERTEX_POINT('',#16320);
#5096=VERTEX_POINT('',#16326);
#5097=VERTEX_POINT('',#16328);
#5098=VERTEX_POINT('',#16332);
#5099=VERTEX_POINT('',#16336);
#5100=VERTEX_POINT('',#16343);
#5101=VERTEX_POINT('',#16345);
#5102=VERTEX_POINT('',#16349);
#5103=VERTEX_POINT('',#16353);
#5104=VERTEX_POINT('',#16363);
#5105=VERTEX_POINT('',#16365);
#5106=VERTEX_POINT('',#16367);
#5107=VERTEX_POINT('',#16373);
#5108=VERTEX_POINT('',#16375);
#5109=VERTEX_POINT('',#16377);
#5110=VERTEX_POINT('',#16382);
#5111=VERTEX_POINT('',#16384);
#5112=VERTEX_POINT('',#16386);
#5113=VERTEX_POINT('',#16394);
#5114=VERTEX_POINT('',#16396);
#5115=VERTEX_POINT('',#16398);
#5116=VERTEX_POINT('',#16404);
#5117=VERTEX_POINT('',#16405);
#5118=VERTEX_POINT('',#16407);
#5119=VERTEX_POINT('',#16409);
#5120=VERTEX_POINT('',#16413);
#5121=VERTEX_POINT('',#16414);
#5122=VERTEX_POINT('',#16416);
#5123=VERTEX_POINT('',#16419);
#5124=VERTEX_POINT('',#16423);
#5125=VERTEX_POINT('',#16424);
#5126=VERTEX_POINT('',#16427);
#5127=VERTEX_POINT('',#16430);
#5128=VERTEX_POINT('',#16432);
#5129=VERTEX_POINT('',#16436);
#5130=VERTEX_POINT('',#16438);
#5131=VERTEX_POINT('',#16440);
#5132=VERTEX_POINT('',#16442);
#5133=VERTEX_POINT('',#16444);
#5134=VERTEX_POINT('',#16450);
#5135=VERTEX_POINT('',#16454);
#5136=VERTEX_POINT('',#16455);
#5137=VERTEX_POINT('',#16457);
#5138=VERTEX_POINT('',#16459);
#5139=VERTEX_POINT('',#16463);
#5140=VERTEX_POINT('',#16465);
#5141=VERTEX_POINT('',#16467);
#5142=VERTEX_POINT('',#16471);
#5143=VERTEX_POINT('',#16472);
#5144=VERTEX_POINT('',#16474);
#5145=VERTEX_POINT('',#16476);
#5146=VERTEX_POINT('',#16483);
#5147=VERTEX_POINT('',#16487);
#5148=VERTEX_POINT('',#16489);
#5149=VERTEX_POINT('',#16493);
#5150=VERTEX_POINT('',#16495);
#5151=VERTEX_POINT('',#16499);
#5152=VERTEX_POINT('',#16501);
#5153=VERTEX_POINT('',#16505);
#5154=VERTEX_POINT('',#16507);
#5155=VERTEX_POINT('',#16511);
#5156=VERTEX_POINT('',#16513);
#5157=VERTEX_POINT('',#16517);
#5158=VERTEX_POINT('',#16519);
#5159=VERTEX_POINT('',#16523);
#5160=VERTEX_POINT('',#16525);
#5161=VERTEX_POINT('',#16529);
#5162=VERTEX_POINT('',#16531);
#5163=VERTEX_POINT('',#16535);
#5164=VERTEX_POINT('',#16537);
#5165=VERTEX_POINT('',#16541);
#5166=VERTEX_POINT('',#16543);
#5167=VERTEX_POINT('',#16547);
#5168=VERTEX_POINT('',#16549);
#5169=VERTEX_POINT('',#16553);
#5170=VERTEX_POINT('',#16555);
#5171=VERTEX_POINT('',#16559);
#5172=VERTEX_POINT('',#16560);
#5173=VERTEX_POINT('',#16565);
#5174=VERTEX_POINT('',#16566);
#5175=VERTEX_POINT('',#16571);
#5176=VERTEX_POINT('',#16572);
#5177=VERTEX_POINT('',#16578);
#5178=VERTEX_POINT('',#16580);
#5179=VERTEX_POINT('',#16584);
#5180=VERTEX_POINT('',#16586);
#5181=VERTEX_POINT('',#16590);
#5182=VERTEX_POINT('',#16592);
#5183=VERTEX_POINT('',#16596);
#5184=VERTEX_POINT('',#16598);
#5185=VERTEX_POINT('',#16602);
#5186=VERTEX_POINT('',#16604);
#5187=VERTEX_POINT('',#16608);
#5188=VERTEX_POINT('',#16610);
#5189=VERTEX_POINT('',#16614);
#5190=VERTEX_POINT('',#16616);
#5191=VERTEX_POINT('',#16620);
#5192=VERTEX_POINT('',#16622);
#5193=VERTEX_POINT('',#16626);
#5194=VERTEX_POINT('',#16628);
#5195=VERTEX_POINT('',#16632);
#5196=VERTEX_POINT('',#16634);
#5197=VERTEX_POINT('',#16638);
#5198=VERTEX_POINT('',#16640);
#5199=VERTEX_POINT('',#16644);
#5200=VERTEX_POINT('',#16646);
#5201=VERTEX_POINT('',#16650);
#5202=VERTEX_POINT('',#16652);
#5203=VERTEX_POINT('',#16656);
#5204=VERTEX_POINT('',#16658);
#5205=VERTEX_POINT('',#16662);
#5206=VERTEX_POINT('',#16664);
#5207=VERTEX_POINT('',#16668);
#5208=VERTEX_POINT('',#16670);
#5209=VERTEX_POINT('',#16677);
#5210=VERTEX_POINT('',#16679);
#5211=VERTEX_POINT('',#16681);
#5212=VERTEX_POINT('',#16683);
#5213=VERTEX_POINT('',#16685);
#5214=VERTEX_POINT('',#16691);
#5215=VERTEX_POINT('',#16692);
#5216=VERTEX_POINT('',#16697);
#5217=VERTEX_POINT('',#16698);
#5218=VERTEX_POINT('',#16703);
#5219=VERTEX_POINT('',#16705);
#5220=VERTEX_POINT('',#16708);
#5221=VERTEX_POINT('',#16712);
#5222=VERTEX_POINT('',#16716);
#5223=VERTEX_POINT('',#16718);
#5224=VERTEX_POINT('',#16722);
#5225=VERTEX_POINT('',#16726);
#5226=VERTEX_POINT('',#16730);
#5227=VERTEX_POINT('',#16731);
#5228=VERTEX_POINT('',#16736);
#5229=VERTEX_POINT('',#16737);
#5230=VERTEX_POINT('',#16742);
#5231=VERTEX_POINT('',#16743);
#5232=VERTEX_POINT('',#16748);
#5233=VERTEX_POINT('',#16752);
#5234=VERTEX_POINT('',#16753);
#5235=VERTEX_POINT('',#16758);
#5236=VERTEX_POINT('',#16759);
#5237=VERTEX_POINT('',#16764);
#5238=VERTEX_POINT('',#16765);
#5239=VERTEX_POINT('',#16770);
#5240=VERTEX_POINT('',#16775);
#5241=VERTEX_POINT('',#16780);
#5242=VERTEX_POINT('',#16782);
#5243=VERTEX_POINT('',#16785);
#5244=VERTEX_POINT('',#16787);
#5245=VERTEX_POINT('',#16790);
#5246=VERTEX_POINT('',#16792);
#5247=VERTEX_POINT('',#16795);
#5248=VERTEX_POINT('',#16797);
#5249=VERTEX_POINT('',#16800);
#5250=VERTEX_POINT('',#16802);
#5251=VERTEX_POINT('',#16805);
#5252=VERTEX_POINT('',#16810);
#5253=VERTEX_POINT('',#16816);
#5254=VERTEX_POINT('',#16824);
#5255=VERTEX_POINT('',#16825);
#5256=VERTEX_POINT('',#16830);
#5257=VERTEX_POINT('',#16834);
#5258=VERTEX_POINT('',#16836);
#5259=VERTEX_POINT('',#16843);
#5260=VERTEX_POINT('',#16856);
#5261=VERTEX_POINT('',#16860);
#5262=VERTEX_POINT('',#16861);
#5263=VERTEX_POINT('',#16866);
#5264=VERTEX_POINT('',#16867);
#5265=VERTEX_POINT('',#16872);
#5266=VERTEX_POINT('',#16873);
#5267=VERTEX_POINT('',#16878);
#5268=VERTEX_POINT('',#16884);
#5269=VERTEX_POINT('',#16889);
#5270=VERTEX_POINT('',#16895);
#5271=VERTEX_POINT('',#16901);
#5272=VERTEX_POINT('',#16907);
#5273=VERTEX_POINT('',#16913);
#5274=VERTEX_POINT('',#16919);
#5275=VERTEX_POINT('',#16923);
#5276=VERTEX_POINT('',#16927);
#5277=VERTEX_POINT('',#16931);
#5278=VERTEX_POINT('',#16932);
#5279=VERTEX_POINT('',#16937);
#5280=VERTEX_POINT('',#16940);
#5281=VERTEX_POINT('',#16943);
#5282=VERTEX_POINT('',#16946);
#5283=VERTEX_POINT('',#16949);
#5284=VERTEX_POINT('',#16952);
#5285=VERTEX_POINT('',#16956);
#5286=VERTEX_POINT('',#16960);
#5287=VERTEX_POINT('',#16964);
#5288=VERTEX_POINT('',#16970);
#5289=VERTEX_POINT('',#16974);
#5290=VERTEX_POINT('',#16978);
#5291=VERTEX_POINT('',#16984);
#5292=VERTEX_POINT('',#16988);
#5293=VERTEX_POINT('',#16994);
#5294=VERTEX_POINT('',#16998);
#5295=VERTEX_POINT('',#17002);
#5296=VERTEX_POINT('',#17008);
#5297=VERTEX_POINT('',#17015);
#5298=VERTEX_POINT('',#17019);
#5299=VERTEX_POINT('',#17023);
#5300=VERTEX_POINT('',#17027);
#5301=VERTEX_POINT('',#17043);
#5302=VERTEX_POINT('',#17047);
#5303=VERTEX_POINT('',#17051);
#5304=VERTEX_POINT('',#17057);
#5305=VERTEX_POINT('',#17061);
#5306=VERTEX_POINT('',#17067);
#5307=VERTEX_POINT('',#17071);
#5308=VERTEX_POINT('',#17077);
#5309=VERTEX_POINT('',#17081);
#5310=VERTEX_POINT('',#17085);
#5311=VERTEX_POINT('',#17091);
#5312=VERTEX_POINT('',#17097);
#5313=VERTEX_POINT('',#17101);
#5314=VERTEX_POINT('',#17105);
#5315=VERTEX_POINT('',#17109);
#5316=VERTEX_POINT('',#17113);
#5317=VERTEX_POINT('',#17117);
#5318=VERTEX_POINT('',#17121);
#5319=VERTEX_POINT('',#17125);
#5320=VERTEX_POINT('',#17129);
#5321=VERTEX_POINT('',#17133);
#5322=VERTEX_POINT('',#17137);
#5323=VERTEX_POINT('',#17141);
#5324=VERTEX_POINT('',#17148);
#5325=VERTEX_POINT('',#17152);
#5326=VERTEX_POINT('',#17158);
#5327=VERTEX_POINT('',#17165);
#5328=VERTEX_POINT('',#17167);
#5329=VERTEX_POINT('',#17172);
#5330=VERTEX_POINT('',#17173);
#5331=VERTEX_POINT('',#17175);
#5332=VERTEX_POINT('',#17177);
#5333=VERTEX_POINT('',#17179);
#5334=VERTEX_POINT('',#17181);
#5335=VERTEX_POINT('',#17183);
#5336=VERTEX_POINT('',#17185);
#5337=VERTEX_POINT('',#17187);
#5338=VERTEX_POINT('',#17189);
#5339=VERTEX_POINT('',#17193);
#5340=VERTEX_POINT('',#17195);
#5341=VERTEX_POINT('',#17197);
#5342=VERTEX_POINT('',#17199);
#5343=VERTEX_POINT('',#17201);
#5344=VERTEX_POINT('',#17203);
#5345=VERTEX_POINT('',#17205);
#5346=VERTEX_POINT('',#17207);
#5347=VERTEX_POINT('',#17209);
#5348=VERTEX_POINT('',#17211);
#5349=VERTEX_POINT('',#17213);
#5350=VERTEX_POINT('',#17215);
#5351=VERTEX_POINT('',#17217);
#5352=VERTEX_POINT('',#17219);
#5353=VERTEX_POINT('',#17221);
#5354=VERTEX_POINT('',#17223);
#5355=VERTEX_POINT('',#17226);
#5356=VERTEX_POINT('',#17228);
#5357=VERTEX_POINT('',#17231);
#5358=VERTEX_POINT('',#17233);
#5359=VERTEX_POINT('',#17235);
#5360=VERTEX_POINT('',#17238);
#5361=VERTEX_POINT('',#17239);
#5362=VERTEX_POINT('',#17241);
#5363=VERTEX_POINT('',#17243);
#5364=VERTEX_POINT('',#17245);
#5365=VERTEX_POINT('',#17247);
#5366=VERTEX_POINT('',#17249);
#5367=VERTEX_POINT('',#17251);
#5368=VERTEX_POINT('',#17253);
#5369=VERTEX_POINT('',#17255);
#5370=VERTEX_POINT('',#17257);
#5371=VERTEX_POINT('',#17259);
#5372=VERTEX_POINT('',#17261);
#5373=VERTEX_POINT('',#17263);
#5374=VERTEX_POINT('',#17265);
#5375=VERTEX_POINT('',#17267);
#5376=VERTEX_POINT('',#17269);
#5377=VERTEX_POINT('',#17271);
#5378=VERTEX_POINT('',#17273);
#5379=VERTEX_POINT('',#17275);
#5380=VERTEX_POINT('',#17277);
#5381=VERTEX_POINT('',#17279);
#5382=VERTEX_POINT('',#17281);
#5383=VERTEX_POINT('',#17283);
#5384=VERTEX_POINT('',#17285);
#5385=VERTEX_POINT('',#17287);
#5386=VERTEX_POINT('',#17289);
#5387=VERTEX_POINT('',#17291);
#5388=VERTEX_POINT('',#17293);
#5389=VERTEX_POINT('',#17295);
#5390=VERTEX_POINT('',#17297);
#5391=VERTEX_POINT('',#17299);
#5392=VERTEX_POINT('',#17301);
#5393=VERTEX_POINT('',#17303);
#5394=VERTEX_POINT('',#17305);
#5395=VERTEX_POINT('',#17307);
#5396=VERTEX_POINT('',#17309);
#5397=VERTEX_POINT('',#17311);
#5398=VERTEX_POINT('',#17313);
#5399=VERTEX_POINT('',#17315);
#5400=VERTEX_POINT('',#17317);
#5401=VERTEX_POINT('',#17319);
#5402=VERTEX_POINT('',#17321);
#5403=VERTEX_POINT('',#17323);
#5404=VERTEX_POINT('',#17325);
#5405=VERTEX_POINT('',#17327);
#5406=VERTEX_POINT('',#17329);
#5407=VERTEX_POINT('',#17331);
#5408=VERTEX_POINT('',#17333);
#5409=VERTEX_POINT('',#17336);
#5410=VERTEX_POINT('',#17339);
#5411=VERTEX_POINT('',#17341);
#5412=VERTEX_POINT('',#17343);
#5413=VERTEX_POINT('',#17345);
#5414=VERTEX_POINT('',#17349);
#5415=VERTEX_POINT('',#17351);
#5416=VERTEX_POINT('',#17353);
#5417=VERTEX_POINT('',#17355);
#5418=VERTEX_POINT('',#17357);
#5419=VERTEX_POINT('',#17359);
#5420=VERTEX_POINT('',#17361);
#5421=VERTEX_POINT('',#17363);
#5422=VERTEX_POINT('',#17365);
#5423=VERTEX_POINT('',#17367);
#5424=VERTEX_POINT('',#17369);
#5425=VERTEX_POINT('',#17371);
#5426=VERTEX_POINT('',#17373);
#5427=VERTEX_POINT('',#17375);
#5428=VERTEX_POINT('',#17378);
#5429=VERTEX_POINT('',#17380);
#5430=VERTEX_POINT('',#17382);
#5431=VERTEX_POINT('',#17384);
#5432=VERTEX_POINT('',#17386);
#5433=VERTEX_POINT('',#17388);
#5434=VERTEX_POINT('',#17390);
#5435=VERTEX_POINT('',#17392);
#5436=VERTEX_POINT('',#17394);
#5437=VERTEX_POINT('',#17396);
#5438=VERTEX_POINT('',#17398);
#5439=VERTEX_POINT('',#17400);
#5440=VERTEX_POINT('',#17402);
#5441=VERTEX_POINT('',#17406);
#5442=VERTEX_POINT('',#17408);
#5443=VERTEX_POINT('',#17412);
#5444=VERTEX_POINT('',#17413);
#5445=VERTEX_POINT('',#17415);
#5446=VERTEX_POINT('',#17417);
#5447=VERTEX_POINT('',#17419);
#5448=VERTEX_POINT('',#17421);
#5449=VERTEX_POINT('',#17423);
#5450=VERTEX_POINT('',#17425);
#5451=VERTEX_POINT('',#17427);
#5452=VERTEX_POINT('',#17429);
#5453=VERTEX_POINT('',#17431);
#5454=VERTEX_POINT('',#17433);
#5455=VERTEX_POINT('',#17435);
#5456=VERTEX_POINT('',#17437);
#5457=VERTEX_POINT('',#17439);
#5458=VERTEX_POINT('',#17441);
#5459=VERTEX_POINT('',#17443);
#5460=VERTEX_POINT('',#17445);
#5461=VERTEX_POINT('',#17447);
#5462=VERTEX_POINT('',#17449);
#5463=VERTEX_POINT('',#17451);
#5464=VERTEX_POINT('',#17453);
#5465=VERTEX_POINT('',#17455);
#5466=VERTEX_POINT('',#17457);
#5467=VERTEX_POINT('',#17459);
#5468=VERTEX_POINT('',#17461);
#5469=VERTEX_POINT('',#17463);
#5470=VERTEX_POINT('',#17465);
#5471=VERTEX_POINT('',#17467);
#5472=VERTEX_POINT('',#17469);
#5473=VERTEX_POINT('',#17471);
#5474=VERTEX_POINT('',#17473);
#5475=VERTEX_POINT('',#17475);
#5476=VERTEX_POINT('',#17477);
#5477=VERTEX_POINT('',#17479);
#5478=VERTEX_POINT('',#17481);
#5479=VERTEX_POINT('',#17483);
#5480=VERTEX_POINT('',#17485);
#5481=VERTEX_POINT('',#17487);
#5482=VERTEX_POINT('',#17490);
#5483=VERTEX_POINT('',#17492);
#5484=VERTEX_POINT('',#17496);
#5485=VERTEX_POINT('',#17500);
#5486=VERTEX_POINT('',#17501);
#5487=VERTEX_POINT('',#17507);
#5488=VERTEX_POINT('',#17509);
#5489=VERTEX_POINT('',#17513);
#5490=VERTEX_POINT('',#17515);
#5491=VERTEX_POINT('',#17519);
#5492=VERTEX_POINT('',#17523);
#5493=VERTEX_POINT('',#17530);
#5494=VERTEX_POINT('',#17532);
#5495=VERTEX_POINT('',#17536);
#5496=VERTEX_POINT('',#17540);
#5497=VERTEX_POINT('',#17547);
#5498=VERTEX_POINT('',#17548);
#5499=VERTEX_POINT('',#17550);
#5500=VERTEX_POINT('',#17552);
#5501=VERTEX_POINT('',#17554);
#5502=VERTEX_POINT('',#17556);
#5503=VERTEX_POINT('',#17560);
#5504=VERTEX_POINT('',#17561);
#5505=VERTEX_POINT('',#17563);
#5506=VERTEX_POINT('',#17565);
#5507=VERTEX_POINT('',#17567);
#5508=VERTEX_POINT('',#17569);
#5509=VERTEX_POINT('',#17576);
#5510=VERTEX_POINT('',#17578);
#5511=VERTEX_POINT('',#17580);
#5512=VERTEX_POINT('',#17582);
#5513=VERTEX_POINT('',#17584);
#5514=VERTEX_POINT('',#17586);
#5515=VERTEX_POINT('',#17588);
#5516=VERTEX_POINT('',#17590);
#5517=VERTEX_POINT('',#17592);
#5518=VERTEX_POINT('',#17594);
#5519=VERTEX_POINT('',#17596);
#5520=VERTEX_POINT('',#17598);
#5521=VERTEX_POINT('',#17600);
#5522=VERTEX_POINT('',#17602);
#5523=VERTEX_POINT('',#17604);
#5524=VERTEX_POINT('',#17606);
#5525=VERTEX_POINT('',#17608);
#5526=VERTEX_POINT('',#17610);
#5527=VERTEX_POINT('',#17612);
#5528=VERTEX_POINT('',#17614);
#5529=VERTEX_POINT('',#17616);
#5530=VERTEX_POINT('',#17618);
#5531=VERTEX_POINT('',#17620);
#5532=VERTEX_POINT('',#17622);
#5533=VERTEX_POINT('',#17624);
#5534=VERTEX_POINT('',#17626);
#5535=VERTEX_POINT('',#17628);
#5536=VERTEX_POINT('',#17630);
#5537=VERTEX_POINT('',#17632);
#5538=VERTEX_POINT('',#17635);
#5539=VERTEX_POINT('',#17637);
#5540=VERTEX_POINT('',#17639);
#5541=VERTEX_POINT('',#17640);
#5542=VERTEX_POINT('',#17642);
#5543=VERTEX_POINT('',#17644);
#5544=VERTEX_POINT('',#17647);
#5545=VERTEX_POINT('',#17648);
#5546=VERTEX_POINT('',#17650);
#5547=VERTEX_POINT('',#17652);
#5548=VERTEX_POINT('',#17655);
#5549=VERTEX_POINT('',#17657);
#5550=VERTEX_POINT('',#17659);
#5551=VERTEX_POINT('',#17665);
#5552=VERTEX_POINT('',#17667);
#5553=VERTEX_POINT('',#17671);
#5554=VERTEX_POINT('',#17673);
#5555=VERTEX_POINT('',#17675);
#5556=VERTEX_POINT('',#17679);
#5557=VERTEX_POINT('',#17683);
#5558=VERTEX_POINT('',#17685);
#5559=VERTEX_POINT('',#17687);
#5560=VERTEX_POINT('',#17691);
#5561=VERTEX_POINT('',#17693);
#5562=VERTEX_POINT('',#17697);
#5563=VERTEX_POINT('',#17700);
#5564=VERTEX_POINT('',#17704);
#5565=VERTEX_POINT('',#17708);
#5566=VERTEX_POINT('',#17712);
#5567=VERTEX_POINT('',#17718);
#5568=VERTEX_POINT('',#17720);
#5569=VERTEX_POINT('',#17722);
#5570=VERTEX_POINT('',#17725);
#5571=VERTEX_POINT('',#17727);
#5572=VERTEX_POINT('',#17731);
#5573=VERTEX_POINT('',#17733);
#5574=VERTEX_POINT('',#17737);
#5575=VERTEX_POINT('',#17743);
#5576=VERTEX_POINT('',#17747);
#5577=VERTEX_POINT('',#17751);
#5578=VERTEX_POINT('',#17755);
#5579=VERTEX_POINT('',#17759);
#5580=VERTEX_POINT('',#17763);
#5581=VERTEX_POINT('',#17767);
#5582=VERTEX_POINT('',#17771);
#5583=VERTEX_POINT('',#17775);
#5584=VERTEX_POINT('',#17779);
#5585=VERTEX_POINT('',#17785);
#5586=VERTEX_POINT('',#17789);
#5587=VERTEX_POINT('',#17793);
#5588=VERTEX_POINT('',#17797);
#5589=VERTEX_POINT('',#17805);
#5590=VERTEX_POINT('',#17807);
#5591=VERTEX_POINT('',#17810);
#5592=VERTEX_POINT('',#17812);
#5593=VERTEX_POINT('',#17814);
#5594=VERTEX_POINT('',#17816);
#5595=VERTEX_POINT('',#17822);
#5596=VERTEX_POINT('',#17825);
#5597=VERTEX_POINT('',#17828);
#5598=VERTEX_POINT('',#17831);
#5599=VERTEX_POINT('',#17833);
#5600=VERTEX_POINT('',#17835);
#5601=VERTEX_POINT('',#17837);
#5602=VERTEX_POINT('',#17841);
#5603=VERTEX_POINT('',#17844);
#5604=VERTEX_POINT('',#17846);
#5605=VERTEX_POINT('',#17851);
#5606=VERTEX_POINT('',#17854);
#5607=VERTEX_POINT('',#17856);
#5608=VERTEX_POINT('',#17859);
#5609=VERTEX_POINT('',#17861);
#5610=VERTEX_POINT('',#17863);
#5611=VERTEX_POINT('',#17865);
#5612=VERTEX_POINT('',#17869);
#5613=VERTEX_POINT('',#17875);
#5614=VERTEX_POINT('',#17877);
#5615=VERTEX_POINT('',#17881);
#5616=VERTEX_POINT('',#17883);
#5617=VERTEX_POINT('',#17887);
#5618=VERTEX_POINT('',#17889);
#5619=VERTEX_POINT('',#17891);
#5620=VERTEX_POINT('',#17895);
#5621=VERTEX_POINT('',#17896);
#5622=VERTEX_POINT('',#17899);
#5623=VERTEX_POINT('',#17903);
#5624=VERTEX_POINT('',#17905);
#5625=VERTEX_POINT('',#17908);
#5626=VERTEX_POINT('',#17910);
#5627=VERTEX_POINT('',#17912);
#5628=VERTEX_POINT('',#17916);
#5629=VERTEX_POINT('',#17917);
#5630=VERTEX_POINT('',#17919);
#5631=VERTEX_POINT('',#17921);
#5632=VERTEX_POINT('',#17925);
#5633=VERTEX_POINT('',#17926);
#5634=VERTEX_POINT('',#17931);
#5635=VERTEX_POINT('',#17933);
#5636=VERTEX_POINT('',#17935);
#5637=VERTEX_POINT('',#17939);
#5638=VERTEX_POINT('',#17945);
#5639=VERTEX_POINT('',#17946);
#5640=VERTEX_POINT('',#17948);
#5641=VERTEX_POINT('',#17950);
#5642=VERTEX_POINT('',#17954);
#5643=VERTEX_POINT('',#17955);
#5644=VERTEX_POINT('',#17960);
#5645=VERTEX_POINT('',#17962);
#5646=VERTEX_POINT('',#17964);
#5647=VERTEX_POINT('',#17966);
#5648=VERTEX_POINT('',#17970);
#5649=VERTEX_POINT('',#17971);
#5650=VERTEX_POINT('',#17973);
#5651=VERTEX_POINT('',#17975);
#5652=VERTEX_POINT('',#17977);
#5653=VERTEX_POINT('',#17980);
#5654=VERTEX_POINT('',#17987);
#5655=VERTEX_POINT('',#17989);
#5656=VERTEX_POINT('',#17992);
#5657=VERTEX_POINT('',#17994);
#5658=VERTEX_POINT('',#17999);
#5659=VERTEX_POINT('',#18000);
#5660=VERTEX_POINT('',#18002);
#5661=VERTEX_POINT('',#18004);
#5662=VERTEX_POINT('',#18008);
#5663=VERTEX_POINT('',#18009);
#5664=VERTEX_POINT('',#18014);
#5665=VERTEX_POINT('',#18016);
#5666=VERTEX_POINT('',#18021);
#5667=VERTEX_POINT('',#18025);
#5668=VERTEX_POINT('',#18029);
#5669=VERTEX_POINT('',#18033);
#5670=VERTEX_POINT('',#18037);
#5671=VERTEX_POINT('',#18041);
#5672=VERTEX_POINT('',#18045);
#5673=VERTEX_POINT('',#18053);
#5674=VERTEX_POINT('',#18054);
#5675=VERTEX_POINT('',#18056);
#5676=VERTEX_POINT('',#18068);
#5677=VERTEX_POINT('',#18072);
#5678=VERTEX_POINT('',#18076);
#5679=VERTEX_POINT('',#18080);
#5680=VERTEX_POINT('',#18084);
#5681=VERTEX_POINT('',#18088);
#5682=VERTEX_POINT('',#18092);
#5683=VERTEX_POINT('',#18094);
#5684=VERTEX_POINT('',#18098);
#5685=VERTEX_POINT('',#18099);
#5686=VERTEX_POINT('',#18101);
#5687=VERTEX_POINT('',#18103);
#5688=VERTEX_POINT('',#18105);
#5689=VERTEX_POINT('',#18147);
#5690=VERTEX_POINT('',#18148);
#5691=VERTEX_POINT('',#18158);
#5692=VERTEX_POINT('',#18160);
#5693=VERTEX_POINT('',#18164);
#5694=VERTEX_POINT('',#18168);
#5695=VERTEX_POINT('',#18174);
#5696=VERTEX_POINT('',#18178);
#5697=VERTEX_POINT('',#18179);
#5698=VERTEX_POINT('',#18189);
#5699=VERTEX_POINT('',#18193);
#5700=VERTEX_POINT('',#18197);
#5701=VERTEX_POINT('',#18201);
#5702=VERTEX_POINT('',#18208);
#5703=VERTEX_POINT('',#18209);
#5704=VERTEX_POINT('',#18211);
#5705=VERTEX_POINT('',#18213);
#5706=VERTEX_POINT('',#18227);
#5707=VERTEX_POINT('',#18234);
#5708=VERTEX_POINT('',#18235);
#5709=VERTEX_POINT('',#18245);
#5710=VERTEX_POINT('',#18247);
#5711=VERTEX_POINT('',#18249);
#5712=VERTEX_POINT('',#18251);
#5713=VERTEX_POINT('',#18253);
#5714=VERTEX_POINT('',#18264);
#5715=VERTEX_POINT('',#18265);
#5716=VERTEX_POINT('',#18267);
#5717=VERTEX_POINT('',#18269);
#5718=VERTEX_POINT('',#18271);
#5719=VERTEX_POINT('',#18294);
#5720=VERTEX_POINT('',#18295);
#5721=VERTEX_POINT('',#18342);
#5722=VERTEX_POINT('',#18343);
#5723=VERTEX_POINT('',#18372);
#5724=VERTEX_POINT('',#18374);
#5725=VERTEX_POINT('',#18376);
#5726=VERTEX_POINT('',#18378);
#5727=VERTEX_POINT('',#18382);
#5728=VERTEX_POINT('',#18384);
#5729=VERTEX_POINT('',#18388);
#5730=VERTEX_POINT('',#18390);
#5731=VERTEX_POINT('',#18392);
#5732=VERTEX_POINT('',#18410);
#5733=VERTEX_POINT('',#18415);
#5734=VERTEX_POINT('',#18419);
#5735=VERTEX_POINT('',#18421);
#5736=VERTEX_POINT('',#18425);
#5737=VERTEX_POINT('',#18427);
#5738=VERTEX_POINT('',#18429);
#5739=VERTEX_POINT('',#18433);
#5740=VERTEX_POINT('',#18435);
#5741=VERTEX_POINT('',#18440);
#5742=VERTEX_POINT('',#18444);
#5743=VERTEX_POINT('',#18445);
#5744=VERTEX_POINT('',#18447);
#5745=VERTEX_POINT('',#18449);
#5746=VERTEX_POINT('',#18453);
#5747=VERTEX_POINT('',#18455);
#5748=VERTEX_POINT('',#18459);
#5749=VERTEX_POINT('',#18463);
#5750=VERTEX_POINT('',#18464);
#5751=VERTEX_POINT('',#18469);
#5752=VERTEX_POINT('',#18470);
#5753=VERTEX_POINT('',#18475);
#5754=VERTEX_POINT('',#18480);
#5755=VERTEX_POINT('',#18484);
#5756=VERTEX_POINT('',#18485);
#5757=VERTEX_POINT('',#18490);
#5758=VERTEX_POINT('',#18491);
#5759=VERTEX_POINT('',#18496);
#5760=VERTEX_POINT('',#18497);
#5761=VERTEX_POINT('',#18502);
#5762=VERTEX_POINT('',#18503);
#5763=VERTEX_POINT('',#18508);
#5764=VERTEX_POINT('',#18509);
#5765=VERTEX_POINT('',#18517);
#5766=VERTEX_POINT('',#18518);
#5767=VERTEX_POINT('',#18523);
#5768=VERTEX_POINT('',#18524);
#5769=VERTEX_POINT('',#18529);
#5770=VERTEX_POINT('',#18530);
#5771=VERTEX_POINT('',#18535);
#5772=VERTEX_POINT('',#18536);
#5773=VERTEX_POINT('',#18541);
#5774=VERTEX_POINT('',#18542);
#5775=VERTEX_POINT('',#18547);
#5776=VERTEX_POINT('',#18548);
#5777=VERTEX_POINT('',#18553);
#5778=VERTEX_POINT('',#18558);
#5779=VERTEX_POINT('',#18598);
#5780=VERTEX_POINT('',#18600);
#5781=VERTEX_POINT('',#18604);
#5782=VERTEX_POINT('',#18608);
#5783=VERTEX_POINT('',#18615);
#5784=VERTEX_POINT('',#18617);
#5785=VERTEX_POINT('',#18621);
#5786=VERTEX_POINT('',#18625);
#5787=VERTEX_POINT('',#18641);
#5788=VERTEX_POINT('',#18643);
#5789=VERTEX_POINT('',#18647);
#5790=VERTEX_POINT('',#18648);
#5791=VERTEX_POINT('',#18654);
#5792=VERTEX_POINT('',#18656);
#5793=VERTEX_POINT('',#18658);
#5794=VERTEX_POINT('',#18660);
#5795=VERTEX_POINT('',#18662);
#5796=VERTEX_POINT('',#18667);
#5797=VERTEX_POINT('',#18669);
#5798=VERTEX_POINT('',#18671);
#5799=VERTEX_POINT('',#18677);
#5800=VERTEX_POINT('',#18681);
#5801=VERTEX_POINT('',#18685);
#5802=VERTEX_POINT('',#18689);
#5803=VERTEX_POINT('',#18693);
#5804=VERTEX_POINT('',#18697);
#5805=VERTEX_POINT('',#18701);
#5806=VERTEX_POINT('',#18705);
#5807=VERTEX_POINT('',#18709);
#5808=VERTEX_POINT('',#18713);
#5809=VERTEX_POINT('',#18717);
#5810=VERTEX_POINT('',#18721);
#5811=VERTEX_POINT('',#18725);
#5812=VERTEX_POINT('',#18733);
#5813=VERTEX_POINT('',#18737);
#5814=VERTEX_POINT('',#18741);
#5815=VERTEX_POINT('',#18749);
#5816=VERTEX_POINT('',#18753);
#5817=VERTEX_POINT('',#18757);
#5818=VERTEX_POINT('',#18763);
#5819=VERTEX_POINT('',#18765);
#5820=VERTEX_POINT('',#18767);
#5821=VERTEX_POINT('',#18769);
#5822=VERTEX_POINT('',#18776);
#5823=VERTEX_POINT('',#18778);
#5824=VERTEX_POINT('',#18782);
#5825=VERTEX_POINT('',#18786);
#5826=VERTEX_POINT('',#18791);
#5827=VERTEX_POINT('',#18796);
#5828=VERTEX_POINT('',#18798);
#5829=VERTEX_POINT('',#18801);
#5830=VERTEX_POINT('',#18803);
#5831=VERTEX_POINT('',#18806);
#5832=VERTEX_POINT('',#18808);
#5833=VERTEX_POINT('',#18811);
#5834=VERTEX_POINT('',#18813);
#5835=VERTEX_POINT('',#18816);
#5836=VERTEX_POINT('',#18818);
#5837=VERTEX_POINT('',#18821);
#5838=VERTEX_POINT('',#18826);
#5839=VERTEX_POINT('',#18836);
#5840=VERTEX_POINT('',#18840);
#5841=VERTEX_POINT('',#18846);
#5842=VERTEX_POINT('',#18848);
#5843=VERTEX_POINT('',#18855);
#5844=VERTEX_POINT('',#18867);
#5845=VERTEX_POINT('',#18873);
#5846=VERTEX_POINT('',#18879);
#5847=VERTEX_POINT('',#18885);
#5848=VERTEX_POINT('',#18891);
#5849=VERTEX_POINT('',#18897);
#5850=VERTEX_POINT('',#18900);
#5851=VERTEX_POINT('',#18903);
#5852=VERTEX_POINT('',#18906);
#5853=VERTEX_POINT('',#18909);
#5854=EDGE_CURVE('',#4814,#4814,#4547,.T.);
#5855=EDGE_CURVE('',#4814,#4815,#1861,.T.);
#5856=EDGE_CURVE('',#4815,#4815,#4548,.T.);
#5857=EDGE_CURVE('',#4816,#4817,#1862,.T.);
#5858=EDGE_CURVE('',#4816,#4818,#1863,.T.);
#5859=EDGE_CURVE('',#4818,#4819,#1864,.T.);
#5860=EDGE_CURVE('',#4817,#4819,#1865,.T.);
#5861=EDGE_CURVE('',#4820,#4821,#1866,.T.);
#5862=EDGE_CURVE('',#4820,#4822,#1867,.T.);
#5863=EDGE_CURVE('',#4822,#4823,#1868,.T.);
#5864=EDGE_CURVE('',#4821,#4823,#1869,.T.);
#5865=EDGE_CURVE('',#4819,#4822,#1870,.T.);
#5866=EDGE_CURVE('',#4823,#4818,#1871,.T.);
#5867=EDGE_CURVE('',#4824,#4825,#1872,.T.);
#5868=EDGE_CURVE('',#4826,#4825,#1873,.T.);
#5869=EDGE_CURVE('',#4826,#4827,#1874,.T.);
#5870=EDGE_CURVE('',#4827,#4828,#1875,.T.);
#5871=EDGE_CURVE('',#4824,#4828,#1876,.T.);
#5872=EDGE_CURVE('',#4829,#4826,#1877,.T.);
#5873=EDGE_CURVE('',#4829,#4830,#1878,.T.);
#5874=EDGE_CURVE('',#4830,#4827,#1879,.T.);
#5875=EDGE_CURVE('',#4831,#4829,#1880,.T.);
#5876=EDGE_CURVE('',#4831,#4832,#1881,.T.);
#5877=EDGE_CURVE('',#4832,#4833,#1882,.T.);
#5878=EDGE_CURVE('',#4833,#4830,#1883,.T.);
#5879=EDGE_CURVE('',#4832,#4824,#1884,.T.);
#5880=EDGE_CURVE('',#4828,#4833,#1885,.T.);
#5881=EDGE_CURVE('',#4825,#4831,#1886,.T.);
#5882=EDGE_CURVE('',#4826,#4834,#1887,.T.);
#5883=EDGE_CURVE('',#4835,#4834,#1888,.T.);
#5884=EDGE_CURVE('',#4836,#4835,#1889,.T.);
#5885=EDGE_CURVE('',#4837,#4836,#1890,.T.);
#5886=EDGE_CURVE('',#4838,#4837,#1891,.T.);
#5887=EDGE_CURVE('',#4838,#4839,#1892,.T.);
#5888=EDGE_CURVE('',#4840,#4839,#1893,.T.);
#5889=EDGE_CURVE('',#4841,#4840,#1894,.T.);
#5890=EDGE_CURVE('',#4842,#4841,#1895,.T.);
#5891=EDGE_CURVE('',#4843,#4842,#1896,.T.);
#5892=EDGE_CURVE('',#4844,#4843,#1897,.T.);
#5893=EDGE_CURVE('',#4845,#4844,#4549,.F.);
#5894=EDGE_CURVE('',#4845,#4846,#1898,.T.);
#5895=EDGE_CURVE('',#4847,#4846,#1899,.T.);
#5896=EDGE_CURVE('',#4848,#4847,#1900,.T.);
#5897=EDGE_CURVE('',#4848,#4849,#1901,.T.);
#5898=EDGE_CURVE('',#4849,#4850,#1902,.T.);
#5899=EDGE_CURVE('',#4850,#4851,#1903,.T.);
#5900=EDGE_CURVE('',#4851,#4852,#1904,.T.);
#5901=EDGE_CURVE('',#4852,#4853,#1905,.T.);
#5902=EDGE_CURVE('',#4854,#4853,#1906,.T.);
#5903=EDGE_CURVE('',#4855,#4854,#1907,.T.);
#5904=EDGE_CURVE('',#4855,#4856,#1908,.T.);
#5905=EDGE_CURVE('',#4856,#4857,#1909,.T.);
#5906=EDGE_CURVE('',#4857,#4858,#1910,.T.);
#5907=EDGE_CURVE('',#4858,#4859,#1911,.T.);
#5908=EDGE_CURVE('',#4859,#4860,#1912,.T.);
#5909=EDGE_CURVE('',#4860,#4861,#1913,.T.);
#5910=EDGE_CURVE('',#4862,#4861,#1914,.T.);
#5911=EDGE_CURVE('',#4863,#4862,#1915,.T.);
#5912=EDGE_CURVE('',#4831,#4863,#1916,.T.);
#5913=EDGE_CURVE('',#4864,#4864,#4550,.T.);
#5914=EDGE_CURVE('',#4865,#4865,#4551,.T.);
#5915=EDGE_CURVE('',#4817,#4866,#1917,.T.);
#5916=EDGE_CURVE('',#4867,#4866,#1918,.T.);
#5917=EDGE_CURVE('',#4868,#4867,#1919,.T.);
#5918=EDGE_CURVE('',#4869,#4868,#1920,.T.);
#5919=EDGE_CURVE('',#4870,#4869,#1921,.T.);
#5920=EDGE_CURVE('',#4870,#4871,#1922,.T.);
#5921=EDGE_CURVE('',#4871,#4872,#1923,.T.);
#5922=EDGE_CURVE('',#4873,#4872,#1924,.T.);
#5923=EDGE_CURVE('',#4874,#4873,#1925,.T.);
#5924=EDGE_CURVE('',#4875,#4874,#1926,.T.);
#5925=EDGE_CURVE('',#4876,#4875,#1927,.T.);
#5926=EDGE_CURVE('',#4877,#4876,#1928,.T.);
#5927=EDGE_CURVE('',#4877,#4878,#1929,.T.);
#5928=EDGE_CURVE('',#4879,#4878,#1930,.T.);
#5929=EDGE_CURVE('',#4880,#4879,#1931,.T.);
#5930=EDGE_CURVE('',#4881,#4880,#1932,.T.);
#5931=EDGE_CURVE('',#4881,#4882,#1933,.T.);
#5932=EDGE_CURVE('',#4883,#4882,#1934,.T.);
#5933=EDGE_CURVE('',#4884,#4883,#1935,.T.);
#5934=EDGE_CURVE('',#4885,#4884,#1936,.T.);
#5935=EDGE_CURVE('',#4886,#4885,#1937,.T.);
#5936=EDGE_CURVE('',#4887,#4886,#1938,.T.);
#5937=EDGE_CURVE('',#4887,#4826,#1939,.T.);
#5938=EDGE_CURVE('',#4888,#4825,#1940,.T.);
#5939=EDGE_CURVE('',#4889,#4888,#1941,.T.);
#5940=EDGE_CURVE('',#4890,#4889,#1942,.T.);
#5941=EDGE_CURVE('',#4891,#4890,#1943,.T.);
#5942=EDGE_CURVE('',#4892,#4891,#1944,.T.);
#5943=EDGE_CURVE('',#4893,#4892,#1945,.T.);
#5944=EDGE_CURVE('',#4894,#4893,#1946,.T.);
#5945=EDGE_CURVE('',#4895,#4894,#1947,.T.);
#5946=EDGE_CURVE('',#4896,#4895,#1948,.T.);
#5947=EDGE_CURVE('',#4816,#4896,#1949,.T.);
#5948=EDGE_CURVE('',#4897,#4897,#4552,.T.);
#5949=EDGE_CURVE('',#4898,#4898,#4553,.T.);
#5950=EDGE_CURVE('',#4899,#4821,#1950,.T.);
#5951=EDGE_CURVE('',#4900,#4899,#1951,.T.);
#5952=EDGE_CURVE('',#4900,#4901,#1952,.T.);
#5953=EDGE_CURVE('',#4901,#4902,#1953,.T.);
#5954=EDGE_CURVE('',#4902,#4903,#1954,.T.);
#5955=EDGE_CURVE('',#4903,#4904,#1955,.T.);
#5956=EDGE_CURVE('',#4904,#4905,#1956,.T.);
#5957=EDGE_CURVE('',#4906,#4905,#1957,.T.);
#5958=EDGE_CURVE('',#4907,#4906,#1958,.T.);
#5959=EDGE_CURVE('',#4908,#4907,#1959,.T.);
#5960=EDGE_CURVE('',#4909,#4908,#1960,.T.);
#5961=EDGE_CURVE('',#4909,#4910,#1961,.T.);
#5962=EDGE_CURVE('',#4911,#4910,#1962,.T.);
#5963=EDGE_CURVE('',#4912,#4911,#1963,.T.);
#5964=EDGE_CURVE('',#4913,#4912,#1964,.T.);
#5965=EDGE_CURVE('',#4913,#4914,#1965,.T.);
#5966=EDGE_CURVE('',#4915,#4914,#1966,.T.);
#5967=EDGE_CURVE('',#4916,#4915,#1967,.T.);
#5968=EDGE_CURVE('',#4917,#4916,#1968,.T.);
#5969=EDGE_CURVE('',#4917,#4918,#1969,.T.);
#5970=EDGE_CURVE('',#4919,#4918,#1970,.T.);
#5971=EDGE_CURVE('',#4920,#4919,#1971,.T.);
#5972=EDGE_CURVE('',#4921,#4920,#1972,.T.);
#5973=EDGE_CURVE('',#4921,#4922,#1973,.T.);
#5974=EDGE_CURVE('',#4922,#4923,#1974,.T.);
#5975=EDGE_CURVE('',#4924,#4923,#1975,.T.);
#5976=EDGE_CURVE('',#4925,#4924,#1976,.T.);
#5977=EDGE_CURVE('',#4926,#4925,#1977,.T.);
#5978=EDGE_CURVE('',#4926,#4820,#1978,.T.);
#5979=EDGE_CURVE('',#4927,#4927,#4554,.T.);
#5980=EDGE_CURVE('',#4928,#4928,#4555,.T.);
#5981=EDGE_CURVE('',#4929,#4929,#4556,.T.);
#5982=EDGE_CURVE('',#4930,#4931,#1979,.F.);
#5983=EDGE_CURVE('',#4932,#4931,#1980,.T.);
#5984=EDGE_CURVE('',#4932,#4933,#1981,.F.);
#5985=EDGE_CURVE('',#4933,#4930,#1982,.T.);
#5986=EDGE_CURVE('',#4930,#4934,#1983,.F.);
#5987=EDGE_CURVE('',#4934,#4935,#1984,.T.);
#5988=EDGE_CURVE('',#4935,#4936,#1985,.T.);
#5989=EDGE_CURVE('',#4937,#4936,#1986,.T.);
#5990=EDGE_CURVE('',#4931,#4937,#1987,.T.);
#5991=EDGE_CURVE('',#4932,#4938,#1988,.T.);
#5992=EDGE_CURVE('',#4939,#4938,#1989,.T.);
#5993=EDGE_CURVE('',#4939,#4940,#1990,.T.);
#5994=EDGE_CURVE('',#4940,#4941,#1991,.T.);
#5995=EDGE_CURVE('',#4941,#4933,#1992,.F.);
#5996=EDGE_CURVE('',#4942,#4937,#1993,.T.);
#5997=EDGE_CURVE('',#4943,#4942,#4557,.T.);
#5998=EDGE_CURVE('',#4944,#4943,#1994,.T.);
#5999=EDGE_CURVE('',#4945,#4944,#4558,.T.);
#6000=EDGE_CURVE('',#4946,#4945,#1995,.T.);
#6001=EDGE_CURVE('',#4947,#4946,#1996,.T.);
#6002=EDGE_CURVE('',#4947,#4948,#1997,.T.);
#6003=EDGE_CURVE('',#4948,#4949,#1998,.T.);
#6004=EDGE_CURVE('',#4949,#4950,#1999,.T.);
#6005=EDGE_CURVE('',#4951,#4950,#2000,.T.);
#6006=EDGE_CURVE('',#4952,#4951,#4559,.T.);
#6007=EDGE_CURVE('',#4953,#4952,#2001,.T.);
#6008=EDGE_CURVE('',#4954,#4953,#4560,.T.);
#6009=EDGE_CURVE('',#4955,#4954,#2002,.T.);
#6010=EDGE_CURVE('',#4956,#4955,#4561,.T.);
#6011=EDGE_CURVE('',#4957,#4956,#2003,.T.);
#6012=EDGE_CURVE('',#4958,#4957,#4562,.T.);
#6013=EDGE_CURVE('',#4959,#4958,#2004,.T.);
#6014=EDGE_CURVE('',#4960,#4959,#4563,.T.);
#6015=EDGE_CURVE('',#4961,#4960,#2005,.T.);
#6016=EDGE_CURVE('',#4962,#4961,#4564,.T.);
#6017=EDGE_CURVE('',#4963,#4962,#2006,.T.);
#6018=EDGE_CURVE('',#4964,#4963,#2007,.T.);
#6019=EDGE_CURVE('',#4965,#4964,#2008,.T.);
#6020=EDGE_CURVE('',#4966,#4965,#4565,.T.);
#6021=EDGE_CURVE('',#4967,#4966,#2009,.T.);
#6022=EDGE_CURVE('',#4968,#4967,#4566,.T.);
#6023=EDGE_CURVE('',#4969,#4968,#2010,.T.);
#6024=EDGE_CURVE('',#4970,#4969,#4567,.T.);
#6025=EDGE_CURVE('',#4938,#4970,#2011,.T.);
#6026=EDGE_CURVE('',#4971,#4971,#4568,.T.);
#6027=EDGE_CURVE('',#4972,#4973,#2012,.T.);
#6028=EDGE_CURVE('',#4973,#4974,#2013,.T.);
#6029=EDGE_CURVE('',#4974,#4975,#2014,.T.);
#6030=EDGE_CURVE('',#4975,#4972,#2015,.T.);
#6031=EDGE_CURVE('',#4976,#4977,#2016,.T.);
#6032=EDGE_CURVE('',#4977,#4978,#2017,.T.);
#6033=EDGE_CURVE('',#4978,#4979,#2018,.T.);
#6034=EDGE_CURVE('',#4979,#4976,#2019,.T.);
#6035=EDGE_CURVE('',#4980,#4980,#4569,.T.);
#6036=EDGE_CURVE('',#4981,#4981,#4570,.T.);
#6037=EDGE_CURVE('',#4982,#4982,#4571,.T.);
#6038=EDGE_CURVE('',#4983,#4983,#4572,.T.);
#6039=EDGE_CURVE('',#4984,#4935,#2020,.T.);
#6040=EDGE_CURVE('',#4985,#4984,#2021,.T.);
#6041=EDGE_CURVE('',#4940,#4985,#2022,.T.);
#6042=EDGE_CURVE('',#4986,#4939,#2023,.T.);
#6043=EDGE_CURVE('',#4987,#4986,#2024,.T.);
#6044=EDGE_CURVE('',#4988,#4987,#2025,.T.);
#6045=EDGE_CURVE('',#4988,#4989,#2026,.T.);
#6046=EDGE_CURVE('',#4936,#4989,#2027,.T.);
#6047=EDGE_CURVE('',#4990,#4949,#2028,.F.);
#6048=EDGE_CURVE('',#4991,#4948,#2029,.T.);
#6049=EDGE_CURVE('',#4991,#4990,#2030,.T.);
#6050=EDGE_CURVE('',#4990,#4992,#2031,.F.);
#6051=EDGE_CURVE('',#4992,#4993,#2032,.T.);
#6052=EDGE_CURVE('',#4993,#4994,#2033,.T.);
#6053=EDGE_CURVE('',#4950,#4994,#2034,.T.);
#6054=EDGE_CURVE('',#4947,#4995,#2035,.F.);
#6055=EDGE_CURVE('',#4995,#4991,#2036,.T.);
#6056=EDGE_CURVE('',#4996,#4946,#2037,.T.);
#6057=EDGE_CURVE('',#4996,#4997,#2038,.T.);
#6058=EDGE_CURVE('',#4997,#4998,#2039,.T.);
#6059=EDGE_CURVE('',#4998,#4995,#2040,.F.);
#6060=EDGE_CURVE('',#4993,#4999,#2041,.T.);
#6061=EDGE_CURVE('',#4999,#5000,#2042,.T.);
#6062=EDGE_CURVE('',#5000,#4997,#2043,.T.);
#6063=EDGE_CURVE('',#5001,#4996,#2044,.T.);
#6064=EDGE_CURVE('',#5002,#5001,#2045,.T.);
#6065=EDGE_CURVE('',#5003,#5002,#2046,.T.);
#6066=EDGE_CURVE('',#5004,#5003,#2047,.T.);
#6067=EDGE_CURVE('',#5005,#5004,#2048,.T.);
#6068=EDGE_CURVE('',#5005,#5006,#2049,.T.);
#6069=EDGE_CURVE('',#4994,#5006,#2050,.T.);
#6070=EDGE_CURVE('',#5007,#5007,#4573,.T.);
#6071=EDGE_CURVE('',#4983,#5007,#2051,.T.);
#6072=EDGE_CURVE('',#4989,#4942,#2052,.T.);
#6073=EDGE_CURVE('',#5008,#4943,#2053,.T.);
#6074=EDGE_CURVE('',#4989,#5008,#4574,.T.);
#6075=EDGE_CURVE('',#5009,#4944,#2054,.T.);
#6076=EDGE_CURVE('',#5008,#5009,#2055,.T.);
#6077=EDGE_CURVE('',#5001,#4945,#2056,.T.);
#6078=EDGE_CURVE('',#5009,#5001,#4575,.T.);
#6079=EDGE_CURVE('',#5010,#5009,#2057,.T.);
#6080=EDGE_CURVE('',#5002,#5010,#4576,.T.);
#6081=EDGE_CURVE('',#5011,#5008,#2058,.T.);
#6082=EDGE_CURVE('',#5010,#5011,#2059,.T.);
#6083=EDGE_CURVE('',#5011,#4988,#4577,.T.);
#6084=EDGE_CURVE('',#5006,#4951,#2060,.T.);
#6085=EDGE_CURVE('',#5012,#4952,#2061,.T.);
#6086=EDGE_CURVE('',#5006,#5012,#4578,.T.);
#6087=EDGE_CURVE('',#5012,#5013,#2062,.T.);
#6088=EDGE_CURVE('',#5013,#4953,#2063,.T.);
#6089=EDGE_CURVE('',#5013,#5014,#4579,.T.);
#6090=EDGE_CURVE('',#5014,#4954,#2064,.T.);
#6091=EDGE_CURVE('',#5015,#4955,#2065,.T.);
#6092=EDGE_CURVE('',#5014,#5015,#2066,.T.);
#6093=EDGE_CURVE('',#5016,#4956,#2067,.T.);
#6094=EDGE_CURVE('',#5015,#5016,#4580,.T.);
#6095=EDGE_CURVE('',#5017,#4957,#2068,.T.);
#6096=EDGE_CURVE('',#5016,#5017,#2069,.T.);
#6097=EDGE_CURVE('',#5018,#4958,#2070,.T.);
#6098=EDGE_CURVE('',#5017,#5018,#4581,.T.);
#6099=EDGE_CURVE('',#5019,#4959,#2071,.T.);
#6100=EDGE_CURVE('',#5018,#5019,#2072,.T.);
#6101=EDGE_CURVE('',#5020,#4960,#2073,.T.);
#6102=EDGE_CURVE('',#5019,#5020,#4582,.T.);
#6103=EDGE_CURVE('',#5021,#4961,#2074,.T.);
#6104=EDGE_CURVE('',#5020,#5021,#2075,.T.);
#6105=EDGE_CURVE('',#5022,#4962,#2076,.T.);
#6106=EDGE_CURVE('',#5021,#5022,#4583,.T.);
#6107=EDGE_CURVE('',#5022,#5023,#2077,.T.);
#6108=EDGE_CURVE('',#5023,#4963,#2078,.T.);
#6109=EDGE_CURVE('',#5023,#5024,#2079,.T.);
#6110=EDGE_CURVE('',#5024,#4964,#2080,.T.);
#6111=EDGE_CURVE('',#5024,#5025,#2081,.T.);
#6112=EDGE_CURVE('',#5025,#4965,#2082,.T.);
#6113=EDGE_CURVE('',#5026,#4966,#2083,.T.);
#6114=EDGE_CURVE('',#5025,#5026,#4584,.T.);
#6115=EDGE_CURVE('',#5027,#4967,#2084,.T.);
#6116=EDGE_CURVE('',#5026,#5027,#2085,.T.);
#6117=EDGE_CURVE('',#5028,#4968,#2086,.T.);
#6118=EDGE_CURVE('',#5027,#5028,#4585,.T.);
#6119=EDGE_CURVE('',#5029,#4969,#2087,.T.);
#6120=EDGE_CURVE('',#5028,#5029,#2088,.T.);
#6121=EDGE_CURVE('',#4986,#4970,#2089,.T.);
#6122=EDGE_CURVE('',#5029,#4986,#4586,.T.);
#6123=EDGE_CURVE('',#5030,#5029,#2090,.T.);
#6124=EDGE_CURVE('',#4987,#5030,#4587,.T.);
#6125=EDGE_CURVE('',#5031,#5028,#2091,.T.);
#6126=EDGE_CURVE('',#5030,#5031,#2092,.T.);
#6127=EDGE_CURVE('',#5032,#5027,#2093,.T.);
#6128=EDGE_CURVE('',#5031,#5032,#4588,.T.);
#6129=EDGE_CURVE('',#5033,#5026,#2094,.T.);
#6130=EDGE_CURVE('',#5032,#5033,#2095,.T.);
#6131=EDGE_CURVE('',#5034,#5025,#2096,.T.);
#6132=EDGE_CURVE('',#5033,#5034,#4589,.T.);
#6133=EDGE_CURVE('',#5035,#5024,#2097,.T.);
#6134=EDGE_CURVE('',#5034,#5035,#2098,.T.);
#6135=EDGE_CURVE('',#5036,#5023,#2099,.T.);
#6136=EDGE_CURVE('',#5035,#5036,#2100,.T.);
#6137=EDGE_CURVE('',#5037,#5022,#2101,.T.);
#6138=EDGE_CURVE('',#5036,#5037,#2102,.T.);
#6139=EDGE_CURVE('',#5038,#5021,#2103,.T.);
#6140=EDGE_CURVE('',#5037,#5038,#4590,.T.);
#6141=EDGE_CURVE('',#5039,#5020,#2104,.T.);
#6142=EDGE_CURVE('',#5038,#5039,#2105,.T.);
#6143=EDGE_CURVE('',#5040,#5019,#2106,.T.);
#6144=EDGE_CURVE('',#5039,#5040,#4591,.T.);
#6145=EDGE_CURVE('',#5041,#5018,#2107,.T.);
#6146=EDGE_CURVE('',#5040,#5041,#2108,.T.);
#6147=EDGE_CURVE('',#5042,#5017,#2109,.T.);
#6148=EDGE_CURVE('',#5041,#5042,#4592,.T.);
#6149=EDGE_CURVE('',#5043,#5016,#2110,.T.);
#6150=EDGE_CURVE('',#5042,#5043,#2111,.T.);
#6151=EDGE_CURVE('',#5044,#5015,#2112,.T.);
#6152=EDGE_CURVE('',#5043,#5044,#4593,.T.);
#6153=EDGE_CURVE('',#5045,#5014,#2113,.T.);
#6154=EDGE_CURVE('',#5044,#5045,#2114,.T.);
#6155=EDGE_CURVE('',#5013,#5046,#2115,.T.);
#6156=EDGE_CURVE('',#5047,#5046,#35,.T.);
#6157=EDGE_CURVE('',#5048,#5047,#36,.T.);
#6158=EDGE_CURVE('',#5048,#5049,#37,.T.);
#6159=EDGE_CURVE('',#5049,#5045,#31,.T.);
#6160=EDGE_CURVE('',#5050,#5012,#2116,.T.);
#6161=EDGE_CURVE('',#5051,#5050,#2117,.T.);
#6162=EDGE_CURVE('',#5052,#5051,#2118,.T.);
#6163=EDGE_CURVE('',#5046,#5052,#38,.T.);
#6164=EDGE_CURVE('',#5050,#5005,#4594,.T.);
#6165=EDGE_CURVE('',#4982,#4929,#2119,.T.);
#6166=EDGE_CURVE('',#5053,#5053,#4595,.T.);
#6167=EDGE_CURVE('',#5054,#5054,#4596,.T.);
#6168=EDGE_CURVE('',#5055,#5055,#4597,.T.);
#6169=EDGE_CURVE('',#5056,#5052,#4598,.T.);
#6170=EDGE_CURVE('',#5057,#5051,#2120,.T.);
#6171=EDGE_CURVE('',#5057,#5058,#32,.T.);
#6172=EDGE_CURVE('',#5058,#5056,#2121,.T.);
#6173=EDGE_CURVE('',#5059,#5046,#4599,.T.);
#6174=EDGE_CURVE('',#5056,#5059,#2122,.F.);
#6175=EDGE_CURVE('',#5047,#5060,#39,.T.);
#6176=EDGE_CURVE('',#5059,#5060,#2123,.F.);
#6177=EDGE_CURVE('',#5058,#5061,#2124,.F.);
#6178=EDGE_CURVE('',#5062,#5061,#2125,.T.);
#6179=EDGE_CURVE('',#5063,#5062,#2126,.T.);
#6180=EDGE_CURVE('',#5064,#5063,#2127,.T.);
#6181=EDGE_CURVE('',#5064,#5056,#2128,.F.);
#6182=EDGE_CURVE('',#5050,#5065,#2129,.T.);
#6183=EDGE_CURVE('',#5065,#5061,#2130,.T.);
#6184=EDGE_CURVE('',#5005,#5066,#2131,.T.);
#6185=EDGE_CURVE('',#5066,#5065,#4600,.T.);
#6186=EDGE_CURVE('',#5067,#5066,#2132,.T.);
#6187=EDGE_CURVE('',#5004,#5067,#2133,.T.);
#6188=EDGE_CURVE('',#5004,#5068,#2134,.T.);
#6189=EDGE_CURVE('',#5068,#5069,#2135,.T.);
#6190=EDGE_CURVE('',#5069,#5067,#2136,.T.);
#6191=EDGE_CURVE('',#5068,#5070,#2137,.T.);
#6192=EDGE_CURVE('',#5070,#5071,#2138,.T.);
#6193=EDGE_CURVE('',#5072,#5071,#2139,.T.);
#6194=EDGE_CURVE('',#5069,#5072,#2140,.T.);
#6195=EDGE_CURVE('',#5073,#5003,#2141,.F.);
#6196=EDGE_CURVE('',#5074,#5073,#2142,.T.);
#6197=EDGE_CURVE('',#5070,#5074,#2143,.T.);
#6198=EDGE_CURVE('',#5075,#5036,#2144,.T.);
#6199=EDGE_CURVE('',#5037,#5076,#2145,.T.);
#6200=EDGE_CURVE('',#5076,#5075,#2146,.T.);
#6201=EDGE_CURVE('',#5075,#5077,#2147,.T.);
#6202=EDGE_CURVE('',#5077,#5035,#2148,.T.);
#6203=EDGE_CURVE('',#5002,#5078,#2149,.T.);
#6204=EDGE_CURVE('',#5078,#5073,#2150,.T.);
#6205=EDGE_CURVE('',#5010,#5079,#2151,.T.);
#6206=EDGE_CURVE('',#5079,#5078,#4601,.T.);
#6207=EDGE_CURVE('',#5011,#5080,#2152,.T.);
#6208=EDGE_CURVE('',#5080,#5079,#2153,.T.);
#6209=EDGE_CURVE('',#4988,#5081,#2154,.T.);
#6210=EDGE_CURVE('',#5081,#5080,#4602,.T.);
#6211=EDGE_CURVE('',#4987,#5082,#2155,.T.);
#6212=EDGE_CURVE('',#5082,#5081,#2156,.T.);
#6213=EDGE_CURVE('',#5030,#5083,#2157,.T.);
#6214=EDGE_CURVE('',#5083,#5082,#4603,.T.);
#6215=EDGE_CURVE('',#5031,#5084,#2158,.T.);
#6216=EDGE_CURVE('',#5084,#5083,#2159,.T.);
#6217=EDGE_CURVE('',#5032,#5085,#2160,.T.);
#6218=EDGE_CURVE('',#5085,#5084,#4604,.T.);
#6219=EDGE_CURVE('',#5033,#5086,#2161,.T.);
#6220=EDGE_CURVE('',#5086,#5085,#2162,.T.);
#6221=EDGE_CURVE('',#5034,#5087,#2163,.T.);
#6222=EDGE_CURVE('',#5087,#5086,#4605,.T.);
#6223=EDGE_CURVE('',#5077,#5087,#2164,.T.);
#6224=EDGE_CURVE('',#5038,#5088,#2165,.T.);
#6225=EDGE_CURVE('',#5088,#5076,#4606,.T.);
#6226=EDGE_CURVE('',#5039,#5089,#2166,.T.);
#6227=EDGE_CURVE('',#5089,#5088,#2167,.T.);
#6228=EDGE_CURVE('',#5040,#5090,#2168,.T.);
#6229=EDGE_CURVE('',#5090,#5089,#4607,.T.);
#6230=EDGE_CURVE('',#5041,#5091,#2169,.T.);
#6231=EDGE_CURVE('',#5091,#5090,#2170,.T.);
#6232=EDGE_CURVE('',#5042,#5092,#2171,.T.);
#6233=EDGE_CURVE('',#5092,#5091,#4608,.T.);
#6234=EDGE_CURVE('',#5043,#5093,#2172,.T.);
#6235=EDGE_CURVE('',#5093,#5092,#2173,.T.);
#6236=EDGE_CURVE('',#5044,#5094,#2174,.T.);
#6237=EDGE_CURVE('',#5094,#5093,#4609,.T.);
#6238=EDGE_CURVE('',#5095,#5094,#2175,.T.);
#6239=EDGE_CURVE('',#5049,#5095,#2176,.T.);
#6240=EDGE_CURVE('',#5064,#5095,#4610,.T.);
#6241=EDGE_CURVE('',#4972,#5096,#2177,.T.);
#6242=EDGE_CURVE('',#5096,#5097,#2178,.T.);
#6243=EDGE_CURVE('',#5097,#4973,#2179,.T.);
#6244=EDGE_CURVE('',#4975,#5098,#2180,.T.);
#6245=EDGE_CURVE('',#5098,#5096,#2181,.T.);
#6246=EDGE_CURVE('',#4974,#5099,#2182,.T.);
#6247=EDGE_CURVE('',#5099,#5098,#2183,.T.);
#6248=EDGE_CURVE('',#5097,#5099,#2184,.T.);
#6249=EDGE_CURVE('',#4976,#5100,#2185,.T.);
#6250=EDGE_CURVE('',#5100,#5101,#2186,.T.);
#6251=EDGE_CURVE('',#5101,#4977,#2187,.T.);
#6252=EDGE_CURVE('',#4979,#5102,#2188,.T.);
#6253=EDGE_CURVE('',#5102,#5100,#2189,.T.);
#6254=EDGE_CURVE('',#4978,#5103,#2190,.T.);
#6255=EDGE_CURVE('',#5103,#5102,#2191,.T.);
#6256=EDGE_CURVE('',#5101,#5103,#2192,.T.);
#6257=EDGE_CURVE('',#4980,#5055,#2193,.T.);
#6258=EDGE_CURVE('',#4941,#4903,#2194,.T.);
#6259=EDGE_CURVE('',#4985,#5104,#2195,.T.);
#6260=EDGE_CURVE('',#5104,#5105,#2196,.T.);
#6261=EDGE_CURVE('',#5105,#5106,#2197,.T.);
#6262=EDGE_CURVE('',#4904,#5106,#2198,.T.);
#6263=EDGE_CURVE('',#4934,#4902,#2199,.T.);
#6264=EDGE_CURVE('',#5107,#4901,#2200,.T.);
#6265=EDGE_CURVE('',#5107,#5108,#2201,.T.);
#6266=EDGE_CURVE('',#5108,#5109,#2202,.T.);
#6267=EDGE_CURVE('',#5109,#4984,#2203,.T.);
#6268=EDGE_CURVE('',#4998,#4859,#2204,.T.);
#6269=EDGE_CURVE('',#5000,#5110,#2205,.T.);
#6270=EDGE_CURVE('',#5110,#5111,#2206,.T.);
#6271=EDGE_CURVE('',#5111,#5112,#2207,.T.);
#6272=EDGE_CURVE('',#4860,#5112,#2208,.T.);
#6273=EDGE_CURVE('',#4991,#4858,#2209,.T.);
#6274=EDGE_CURVE('',#4992,#4857,#2210,.T.);
#6275=EDGE_CURVE('',#5113,#4856,#2211,.T.);
#6276=EDGE_CURVE('',#5113,#5114,#2212,.T.);
#6277=EDGE_CURVE('',#5114,#5115,#2213,.T.);
#6278=EDGE_CURVE('',#5115,#4999,#2214,.T.);
#6279=EDGE_CURVE('',#5115,#5110,#2215,.T.);
#6280=EDGE_CURVE('',#5116,#5117,#2216,.T.);
#6281=EDGE_CURVE('',#5118,#5117,#4611,.T.);
#6282=EDGE_CURVE('',#5118,#5119,#2217,.T.);
#6283=EDGE_CURVE('',#5116,#5119,#4612,.T.);
#6284=EDGE_CURVE('',#5120,#5121,#2218,.T.);
#6285=EDGE_CURVE('',#5121,#5122,#2219,.T.);
#6286=EDGE_CURVE('',#5122,#5111,#2220,.T.);
#6287=EDGE_CURVE('',#5114,#5123,#2221,.T.);
#6288=EDGE_CURVE('',#5120,#5123,#2222,.T.);
#6289=EDGE_CURVE('',#5124,#5125,#2223,.T.);
#6290=EDGE_CURVE('',#5071,#5124,#4613,.T.);
#6291=EDGE_CURVE('',#5126,#5074,#2224,.T.);
#6292=EDGE_CURVE('',#5121,#5126,#4614,.T.);
#6293=EDGE_CURVE('',#5127,#5120,#2225,.T.);
#6294=EDGE_CURVE('',#5128,#5127,#4615,.T.);
#6295=EDGE_CURVE('',#5125,#5128,#2226,.T.);
#6296=EDGE_CURVE('',#5072,#5129,#4616,.T.);
#6297=EDGE_CURVE('',#5129,#5130,#2227,.T.);
#6298=EDGE_CURVE('',#5130,#5131,#2228,.T.);
#6299=EDGE_CURVE('',#5131,#5132,#2229,.T.);
#6300=EDGE_CURVE('',#5133,#5132,#2230,.T.);
#6301=EDGE_CURVE('',#5133,#5062,#4617,.T.);
#6302=EDGE_CURVE('',#5109,#5104,#2231,.T.);
#6303=EDGE_CURVE('',#5123,#5134,#2232,.T.);
#6304=EDGE_CURVE('',#5127,#5134,#2233,.T.);
#6305=EDGE_CURVE('',#5135,#5136,#2234,.T.);
#6306=EDGE_CURVE('',#5135,#5137,#2235,.T.);
#6307=EDGE_CURVE('',#5138,#5137,#2236,.T.);
#6308=EDGE_CURVE('',#5138,#5136,#2237,.T.);
#6309=EDGE_CURVE('',#5136,#5139,#4618,.T.);
#6310=EDGE_CURVE('',#5140,#5138,#4619,.T.);
#6311=EDGE_CURVE('',#5141,#5140,#4620,.F.);
#6312=EDGE_CURVE('',#5139,#5141,#2238,.T.);
#6313=EDGE_CURVE('',#5142,#5143,#2239,.T.);
#6314=EDGE_CURVE('',#5144,#5143,#2240,.T.);
#6315=EDGE_CURVE('',#5145,#5144,#2241,.T.);
#6316=EDGE_CURVE('',#5145,#5142,#2242,.T.);
#6317=EDGE_CURVE('',#5137,#5142,#4621,.T.);
#6318=EDGE_CURVE('',#5140,#5145,#4622,.T.);
#6319=EDGE_CURVE('',#5146,#5122,#4623,.T.);
#6320=EDGE_CURVE('',#5126,#5146,#2243,.T.);
#6321=EDGE_CURVE('',#5147,#5146,#2244,.T.);
#6322=EDGE_CURVE('',#5148,#5074,#2245,.T.);
#6323=EDGE_CURVE('',#5148,#5147,#2246,.T.);
#6324=EDGE_CURVE('',#5149,#5147,#2247,.T.);
#6325=EDGE_CURVE('',#5150,#5148,#2248,.T.);
#6326=EDGE_CURVE('',#5150,#5149,#2249,.T.);
#6327=EDGE_CURVE('',#5151,#5149,#2250,.T.);
#6328=EDGE_CURVE('',#5152,#5150,#2251,.T.);
#6329=EDGE_CURVE('',#5152,#5151,#2252,.T.);
#6330=EDGE_CURVE('',#5153,#5151,#4624,.T.);
#6331=EDGE_CURVE('',#5154,#5152,#4625,.T.);
#6332=EDGE_CURVE('',#5154,#5153,#2253,.T.);
#6333=EDGE_CURVE('',#5155,#5153,#2254,.T.);
#6334=EDGE_CURVE('',#5156,#5154,#2255,.T.);
#6335=EDGE_CURVE('',#5156,#5155,#2256,.T.);
#6336=EDGE_CURVE('',#5157,#5155,#2257,.T.);
#6337=EDGE_CURVE('',#5158,#5156,#2258,.T.);
#6338=EDGE_CURVE('',#5158,#5157,#2259,.T.);
#6339=EDGE_CURVE('',#5159,#5157,#4626,.T.);
#6340=EDGE_CURVE('',#5160,#5158,#4627,.T.);
#6341=EDGE_CURVE('',#5160,#5159,#2260,.T.);
#6342=EDGE_CURVE('',#5161,#5159,#2261,.T.);
#6343=EDGE_CURVE('',#5162,#5160,#2262,.T.);
#6344=EDGE_CURVE('',#5162,#5161,#2263,.T.);
#6345=EDGE_CURVE('',#5163,#5161,#2264,.T.);
#6346=EDGE_CURVE('',#5164,#5162,#2265,.T.);
#6347=EDGE_CURVE('',#5164,#5163,#2266,.T.);
#6348=EDGE_CURVE('',#5165,#5163,#2267,.T.);
#6349=EDGE_CURVE('',#5166,#5164,#2268,.T.);
#6350=EDGE_CURVE('',#5166,#5165,#2269,.T.);
#6351=EDGE_CURVE('',#5167,#5165,#4628,.T.);
#6352=EDGE_CURVE('',#5168,#5166,#4629,.T.);
#6353=EDGE_CURVE('',#5168,#5167,#2270,.T.);
#6354=EDGE_CURVE('',#5169,#5167,#2271,.T.);
#6355=EDGE_CURVE('',#5170,#5168,#2272,.T.);
#6356=EDGE_CURVE('',#5170,#5169,#2273,.T.);
#6357=EDGE_CURVE('',#5171,#5172,#2274,.T.);
#6358=EDGE_CURVE('',#5172,#5169,#2275,.T.);
#6359=EDGE_CURVE('',#5171,#5170,#2276,.T.);
#6360=EDGE_CURVE('',#5173,#5174,#2277,.T.);
#6361=EDGE_CURVE('',#5174,#5172,#4630,.T.);
#6362=EDGE_CURVE('',#5173,#5171,#4631,.T.);
#6363=EDGE_CURVE('',#5175,#5176,#2278,.T.);
#6364=EDGE_CURVE('',#5176,#5105,#2279,.T.);
#6365=EDGE_CURVE('',#5108,#5174,#2280,.T.);
#6366=EDGE_CURVE('',#5175,#5173,#2281,.T.);
#6367=EDGE_CURVE('',#5177,#5176,#2282,.T.);
#6368=EDGE_CURVE('',#5178,#5175,#2283,.T.);
#6369=EDGE_CURVE('',#5178,#5177,#2284,.T.);
#6370=EDGE_CURVE('',#5179,#5177,#2285,.T.);
#6371=EDGE_CURVE('',#5180,#5178,#2286,.T.);
#6372=EDGE_CURVE('',#5180,#5179,#2287,.T.);
#6373=EDGE_CURVE('',#5181,#5179,#4632,.T.);
#6374=EDGE_CURVE('',#5182,#5180,#4633,.T.);
#6375=EDGE_CURVE('',#5182,#5181,#2288,.T.);
#6376=EDGE_CURVE('',#5183,#5181,#2289,.T.);
#6377=EDGE_CURVE('',#5184,#5182,#2290,.T.);
#6378=EDGE_CURVE('',#5184,#5183,#2291,.T.);
#6379=EDGE_CURVE('',#5185,#5183,#2292,.T.);
#6380=EDGE_CURVE('',#5186,#5184,#2293,.T.);
#6381=EDGE_CURVE('',#5186,#5185,#2294,.T.);
#6382=EDGE_CURVE('',#5187,#5185,#2295,.T.);
#6383=EDGE_CURVE('',#5188,#5186,#2296,.T.);
#6384=EDGE_CURVE('',#5188,#5187,#2297,.T.);
#6385=EDGE_CURVE('',#5189,#5187,#4634,.T.);
#6386=EDGE_CURVE('',#5190,#5188,#4635,.T.);
#6387=EDGE_CURVE('',#5190,#5189,#2298,.T.);
#6388=EDGE_CURVE('',#5191,#5189,#2299,.T.);
#6389=EDGE_CURVE('',#5192,#5190,#2300,.T.);
#6390=EDGE_CURVE('',#5192,#5191,#2301,.T.);
#6391=EDGE_CURVE('',#5193,#5191,#4636,.T.);
#6392=EDGE_CURVE('',#5194,#5192,#4637,.T.);
#6393=EDGE_CURVE('',#5194,#5193,#2302,.T.);
#6394=EDGE_CURVE('',#5195,#5193,#2303,.T.);
#6395=EDGE_CURVE('',#5196,#5194,#2304,.T.);
#6396=EDGE_CURVE('',#5196,#5195,#2305,.T.);
#6397=EDGE_CURVE('',#5197,#5195,#2306,.T.);
#6398=EDGE_CURVE('',#5198,#5196,#2307,.T.);
#6399=EDGE_CURVE('',#5198,#5197,#2308,.T.);
#6400=EDGE_CURVE('',#5199,#5197,#4638,.T.);
#6401=EDGE_CURVE('',#5200,#5198,#4639,.T.);
#6402=EDGE_CURVE('',#5200,#5199,#2309,.T.);
#6403=EDGE_CURVE('',#5201,#5199,#2310,.T.);
#6404=EDGE_CURVE('',#5202,#5200,#2311,.T.);
#6405=EDGE_CURVE('',#5202,#5201,#2312,.T.);
#6406=EDGE_CURVE('',#5203,#5201,#2313,.T.);
#6407=EDGE_CURVE('',#5204,#5202,#2314,.T.);
#6408=EDGE_CURVE('',#5204,#5203,#2315,.T.);
#6409=EDGE_CURVE('',#5205,#5203,#4640,.T.);
#6410=EDGE_CURVE('',#5206,#5204,#4641,.T.);
#6411=EDGE_CURVE('',#5206,#5205,#2316,.T.);
#6412=EDGE_CURVE('',#5207,#5205,#2317,.T.);
#6413=EDGE_CURVE('',#5208,#5206,#2318,.T.);
#6414=EDGE_CURVE('',#5208,#5207,#2319,.T.);
#6415=EDGE_CURVE('',#5143,#5207,#2320,.T.);
#6416=EDGE_CURVE('',#5144,#5208,#2321,.T.);
#6417=EDGE_CURVE('',#5209,#5135,#4642,.T.);
#6418=EDGE_CURVE('',#5139,#5210,#2322,.T.);
#6419=EDGE_CURVE('',#5210,#5211,#4643,.F.);
#6420=EDGE_CURVE('',#5212,#5211,#2323,.T.);
#6421=EDGE_CURVE('',#5212,#5213,#4644,.F.);
#6422=EDGE_CURVE('',#5213,#5209,#2324,.T.);
#6423=EDGE_CURVE('',#5140,#5063,#4645,.F.);
#6424=EDGE_CURVE('',#5214,#5215,#4646,.T.);
#6425=EDGE_CURVE('',#5215,#4845,#2325,.T.);
#6426=EDGE_CURVE('',#5214,#4844,#2326,.T.);
#6427=EDGE_CURVE('',#5216,#5217,#2327,.T.);
#6428=EDGE_CURVE('',#4853,#5217,#2328,.T.);
#6429=EDGE_CURVE('',#5216,#4852,#2329,.T.);
#6430=EDGE_CURVE('',#5218,#5141,#2330,.T.);
#6431=EDGE_CURVE('',#5219,#5218,#2331,.T.);
#6432=EDGE_CURVE('',#5125,#5219,#2332,.T.);
#6433=EDGE_CURVE('',#5220,#5128,#2333,.T.);
#6434=EDGE_CURVE('',#5220,#5210,#2334,.T.);
#6435=EDGE_CURVE('',#5215,#5221,#2335,.T.);
#6436=EDGE_CURVE('',#4846,#5221,#2336,.T.);
#6437=EDGE_CURVE('',#5222,#5209,#2337,.T.);
#6438=EDGE_CURVE('',#5213,#5223,#2338,.T.);
#6439=EDGE_CURVE('',#5223,#5222,#2339,.T.);
#6440=EDGE_CURVE('',#5112,#5224,#2340,.T.);
#6441=EDGE_CURVE('',#4861,#5224,#2341,.T.);
#6442=EDGE_CURVE('',#5225,#5219,#2342,.T.);
#6443=EDGE_CURVE('',#5124,#5225,#2343,.T.);
#6444=EDGE_CURVE('',#5226,#5227,#2344,.T.);
#6445=EDGE_CURVE('',#4871,#5227,#2345,.T.);
#6446=EDGE_CURVE('',#4870,#5226,#2346,.T.);
#6447=EDGE_CURVE('',#5228,#5229,#2347,.T.);
#6448=EDGE_CURVE('',#4923,#5229,#2348,.T.);
#6449=EDGE_CURVE('',#4922,#5228,#2349,.T.);
#6450=EDGE_CURVE('',#5230,#5231,#2350,.T.);
#6451=EDGE_CURVE('',#4866,#5231,#2351,.T.);
#6452=EDGE_CURVE('',#4926,#5230,#2352,.T.);
#6453=EDGE_CURVE('',#5232,#5228,#2353,.T.);
#6454=EDGE_CURVE('',#4921,#5232,#2354,.T.);
#6455=EDGE_CURVE('',#5233,#5234,#2355,.T.);
#6456=EDGE_CURVE('',#4910,#5234,#2356,.T.);
#6457=EDGE_CURVE('',#4909,#5233,#2357,.T.);
#6458=EDGE_CURVE('',#5235,#5236,#2358,.T.);
#6459=EDGE_CURVE('',#4914,#5236,#2359,.T.);
#6460=EDGE_CURVE('',#4913,#5235,#2360,.T.);
#6461=EDGE_CURVE('',#5237,#5238,#2361,.T.);
#6462=EDGE_CURVE('',#4918,#5238,#2362,.T.);
#6463=EDGE_CURVE('',#4917,#5237,#2363,.T.);
#6464=EDGE_CURVE('',#5239,#5107,#2364,.T.);
#6465=EDGE_CURVE('',#4900,#5239,#2365,.T.);
#6466=EDGE_CURVE('',#5129,#5225,#2366,.T.);
#6467=EDGE_CURVE('',#5225,#5240,#2367,.F.);
#6468=EDGE_CURVE('',#5130,#5240,#2368,.T.);
#6469=EDGE_CURVE('',#5241,#5241,#4647,.T.);
#6470=EDGE_CURVE('',#5242,#5242,#4648,.T.);
#6471=EDGE_CURVE('',#5243,#5243,#4649,.T.);
#6472=EDGE_CURVE('',#5244,#5244,#4650,.T.);
#6473=EDGE_CURVE('',#5245,#5245,#4651,.T.);
#6474=EDGE_CURVE('',#5246,#5246,#4652,.T.);
#6475=EDGE_CURVE('',#5247,#5247,#4653,.T.);
#6476=EDGE_CURVE('',#5248,#5248,#4654,.T.);
#6477=EDGE_CURVE('',#5249,#5249,#4655,.T.);
#6478=EDGE_CURVE('',#5250,#5250,#4656,.T.);
#6479=EDGE_CURVE('',#5251,#5218,#2369,.T.);
#6480=EDGE_CURVE('',#5133,#5218,#2370,.T.);
#6481=EDGE_CURVE('',#5132,#5251,#2371,.T.);
#6482=EDGE_CURVE('',#5251,#5252,#2372,.T.);
#6483=EDGE_CURVE('',#5252,#5219,#2373,.T.);
#6484=EDGE_CURVE('',#5252,#5240,#2374,.T.);
#6485=EDGE_CURVE('',#5253,#5113,#2375,.T.);
#6486=EDGE_CURVE('',#4855,#5253,#2376,.T.);
#6487=EDGE_CURVE('',#5131,#5252,#2377,.T.);
#6488=EDGE_CURVE('',#5254,#5255,#2378,.T.);
#6489=EDGE_CURVE('',#4852,#5254,#2379,.T.);
#6490=EDGE_CURVE('',#5255,#4851,#2380,.T.);
#6491=EDGE_CURVE('',#5255,#5256,#2381,.T.);
#6492=EDGE_CURVE('',#5256,#4850,#2382,.T.);
#6493=EDGE_CURVE('',#5212,#5257,#4657,.T.);
#6494=EDGE_CURVE('',#5258,#5211,#4658,.T.);
#6495=EDGE_CURVE('',#5258,#5257,#2383,.T.);
#6496=EDGE_CURVE('',#5116,#5220,#4659,.F.);
#6497=EDGE_CURVE('',#5119,#5258,#2384,.T.);
#6498=EDGE_CURVE('',#5259,#5256,#2385,.T.);
#6499=EDGE_CURVE('',#5223,#5259,#2386,.T.);
#6500=EDGE_CURVE('',#5257,#5118,#2387,.T.);
#6501=EDGE_CURVE('',#5254,#5117,#4660,.F.);
#6502=EDGE_CURVE('',#5134,#5216,#4661,.T.);
#6503=EDGE_CURVE('',#4971,#5053,#2388,.T.);
#6504=EDGE_CURVE('',#4981,#5054,#2389,.T.);
#6505=EDGE_CURVE('',#5106,#5260,#2390,.T.);
#6506=EDGE_CURVE('',#4905,#5260,#2391,.T.);
#6507=EDGE_CURVE('',#5261,#5262,#2392,.T.);
#6508=EDGE_CURVE('',#4878,#5262,#2393,.T.);
#6509=EDGE_CURVE('',#4877,#5261,#2394,.T.);
#6510=EDGE_CURVE('',#5263,#5264,#2395,.T.);
#6511=EDGE_CURVE('',#4881,#5264,#2396,.T.);
#6512=EDGE_CURVE('',#4880,#5263,#2397,.T.);
#6513=EDGE_CURVE('',#5265,#5266,#2398,.T.);
#6514=EDGE_CURVE('',#4839,#5266,#2399,.T.);
#6515=EDGE_CURVE('',#4838,#5265,#2400,.T.);
#6516=EDGE_CURVE('',#5267,#5267,#4662,.T.);
#6517=EDGE_CURVE('',#5267,#4865,#2401,.T.);
#6518=EDGE_CURVE('',#5259,#4849,#2402,.T.);
#6519=EDGE_CURVE('',#5268,#4848,#2403,.T.);
#6520=EDGE_CURVE('',#5222,#5268,#2404,.T.);
#6521=EDGE_CURVE('',#5269,#5269,#4663,.T.);
#6522=EDGE_CURVE('',#5269,#4898,#4664,.T.);
#6523=EDGE_CURVE('',#5243,#5269,#2405,.T.);
#6524=EDGE_CURVE('',#5270,#5270,#4665,.T.);
#6525=EDGE_CURVE('',#5270,#4864,#4666,.T.);
#6526=EDGE_CURVE('',#5249,#5270,#2406,.T.);
#6527=EDGE_CURVE('',#5271,#5271,#4667,.T.);
#6528=EDGE_CURVE('',#5271,#4897,#4668,.T.);
#6529=EDGE_CURVE('',#5247,#5271,#2407,.T.);
#6530=EDGE_CURVE('',#5272,#5272,#4669,.T.);
#6531=EDGE_CURVE('',#5272,#4928,#4670,.T.);
#6532=EDGE_CURVE('',#5241,#5272,#2408,.T.);
#6533=EDGE_CURVE('',#5273,#5273,#4671,.T.);
#6534=EDGE_CURVE('',#5273,#4927,#4672,.T.);
#6535=EDGE_CURVE('',#5245,#5273,#2409,.T.);
#6536=EDGE_CURVE('',#4843,#5274,#2410,.T.);
#6537=EDGE_CURVE('',#5214,#5274,#2411,.T.);
#6538=EDGE_CURVE('',#5227,#5275,#2412,.T.);
#6539=EDGE_CURVE('',#4872,#5275,#2413,.T.);
#6540=EDGE_CURVE('',#5264,#5276,#2414,.T.);
#6541=EDGE_CURVE('',#4882,#5276,#2415,.T.);
#6542=EDGE_CURVE('',#5277,#5278,#2416,.T.);
#6543=EDGE_CURVE('',#4834,#5278,#2417,.T.);
#6544=EDGE_CURVE('',#4887,#5277,#2418,.T.);
#6545=EDGE_CURVE('',#5279,#5279,#4673,.T.);
#6546=EDGE_CURVE('',#5280,#5280,#4674,.T.);
#6547=EDGE_CURVE('',#5281,#5281,#4675,.T.);
#6548=EDGE_CURVE('',#5282,#5282,#4676,.T.);
#6549=EDGE_CURVE('',#5283,#5283,#4677,.T.);
#6550=EDGE_CURVE('',#4886,#5284,#2419,.T.);
#6551=EDGE_CURVE('',#5277,#5284,#2420,.T.);
#6552=EDGE_CURVE('',#4885,#5285,#2421,.T.);
#6553=EDGE_CURVE('',#5284,#5285,#2422,.T.);
#6554=EDGE_CURVE('',#4884,#5286,#2423,.T.);
#6555=EDGE_CURVE('',#5285,#5286,#2424,.T.);
#6556=EDGE_CURVE('',#4883,#5287,#2425,.T.);
#6557=EDGE_CURVE('',#5286,#5287,#2426,.T.);
#6558=EDGE_CURVE('',#5287,#5276,#2427,.T.);
#6559=EDGE_CURVE('',#4908,#5288,#2428,.T.);
#6560=EDGE_CURVE('',#5233,#5288,#2429,.T.);
#6561=EDGE_CURVE('',#4907,#5289,#2430,.T.);
#6562=EDGE_CURVE('',#5288,#5289,#2431,.T.);
#6563=EDGE_CURVE('',#4906,#5290,#2432,.T.);
#6564=EDGE_CURVE('',#5289,#5290,#2433,.T.);
#6565=EDGE_CURVE('',#5290,#5260,#2434,.T.);
#6566=EDGE_CURVE('',#4920,#5291,#2435,.T.);
#6567=EDGE_CURVE('',#5232,#5291,#2436,.T.);
#6568=EDGE_CURVE('',#4919,#5292,#2437,.T.);
#6569=EDGE_CURVE('',#5291,#5292,#2438,.T.);
#6570=EDGE_CURVE('',#5292,#5238,#2439,.T.);
#6571=EDGE_CURVE('',#4869,#5293,#2440,.T.);
#6572=EDGE_CURVE('',#5226,#5293,#2441,.T.);
#6573=EDGE_CURVE('',#4868,#5294,#2442,.T.);
#6574=EDGE_CURVE('',#5293,#5294,#2443,.T.);
#6575=EDGE_CURVE('',#4867,#5295,#2444,.T.);
#6576=EDGE_CURVE('',#5294,#5295,#2445,.T.);
#6577=EDGE_CURVE('',#5295,#5231,#2446,.T.);
#6578=EDGE_CURVE('',#4854,#5296,#2447,.T.);
#6579=EDGE_CURVE('',#5253,#5296,#2448,.T.);
#6580=EDGE_CURVE('',#5296,#5217,#2449,.T.);
#6581=EDGE_CURVE('',#4876,#5297,#2450,.T.);
#6582=EDGE_CURVE('',#5261,#5297,#2451,.T.);
#6583=EDGE_CURVE('',#4875,#5298,#2452,.T.);
#6584=EDGE_CURVE('',#5297,#5298,#2453,.T.);
#6585=EDGE_CURVE('',#4874,#5299,#2454,.T.);
#6586=EDGE_CURVE('',#5298,#5299,#2455,.T.);
#6587=EDGE_CURVE('',#4873,#5300,#2456,.T.);
#6588=EDGE_CURVE('',#5299,#5300,#2457,.T.);
#6589=EDGE_CURVE('',#5300,#5275,#2458,.T.);
#6590=EDGE_CURVE('',#5279,#5242,#2459,.T.);
#6591=EDGE_CURVE('',#5280,#5244,#2460,.T.);
#6592=EDGE_CURVE('',#5281,#5250,#2461,.T.);
#6593=EDGE_CURVE('',#5282,#5246,#2462,.T.);
#6594=EDGE_CURVE('',#5283,#5248,#2463,.T.);
#6595=EDGE_CURVE('',#4842,#5301,#2464,.T.);
#6596=EDGE_CURVE('',#5274,#5301,#2465,.T.);
#6597=EDGE_CURVE('',#4841,#5302,#2466,.T.);
#6598=EDGE_CURVE('',#5301,#5302,#2467,.T.);
#6599=EDGE_CURVE('',#4840,#5303,#2468,.T.);
#6600=EDGE_CURVE('',#5302,#5303,#2469,.T.);
#6601=EDGE_CURVE('',#5303,#5266,#2470,.T.);
#6602=EDGE_CURVE('',#4916,#5304,#2471,.T.);
#6603=EDGE_CURVE('',#5237,#5304,#2472,.T.);
#6604=EDGE_CURVE('',#4915,#5305,#2473,.T.);
#6605=EDGE_CURVE('',#5304,#5305,#2474,.T.);
#6606=EDGE_CURVE('',#5305,#5236,#2475,.T.);
#6607=EDGE_CURVE('',#4912,#5306,#2476,.T.);
#6608=EDGE_CURVE('',#5235,#5306,#2477,.T.);
#6609=EDGE_CURVE('',#4911,#5307,#2478,.T.);
#6610=EDGE_CURVE('',#5306,#5307,#2479,.T.);
#6611=EDGE_CURVE('',#5307,#5234,#2480,.T.);
#6612=EDGE_CURVE('',#4837,#5308,#2481,.T.);
#6613=EDGE_CURVE('',#5265,#5308,#2482,.T.);
#6614=EDGE_CURVE('',#4836,#5309,#2483,.T.);
#6615=EDGE_CURVE('',#5308,#5309,#2484,.T.);
#6616=EDGE_CURVE('',#4835,#5310,#2485,.T.);
#6617=EDGE_CURVE('',#5309,#5310,#2486,.T.);
#6618=EDGE_CURVE('',#5310,#5278,#2487,.T.);
#6619=EDGE_CURVE('',#4879,#5311,#2488,.T.);
#6620=EDGE_CURVE('',#5263,#5311,#2489,.T.);
#6621=EDGE_CURVE('',#5311,#5262,#2490,.T.);
#6622=EDGE_CURVE('',#4899,#5312,#2491,.T.);
#6623=EDGE_CURVE('',#5239,#5312,#2492,.T.);
#6624=EDGE_CURVE('',#4896,#5313,#2493,.T.);
#6625=EDGE_CURVE('',#5312,#5313,#2494,.T.);
#6626=EDGE_CURVE('',#4895,#5314,#2495,.T.);
#6627=EDGE_CURVE('',#5313,#5314,#2496,.T.);
#6628=EDGE_CURVE('',#4894,#5315,#2497,.T.);
#6629=EDGE_CURVE('',#5314,#5315,#2498,.T.);
#6630=EDGE_CURVE('',#4893,#5316,#2499,.T.);
#6631=EDGE_CURVE('',#5315,#5316,#2500,.T.);
#6632=EDGE_CURVE('',#4892,#5317,#2501,.T.);
#6633=EDGE_CURVE('',#5316,#5317,#2502,.T.);
#6634=EDGE_CURVE('',#4891,#5318,#2503,.T.);
#6635=EDGE_CURVE('',#5317,#5318,#2504,.T.);
#6636=EDGE_CURVE('',#4890,#5319,#2505,.T.);
#6637=EDGE_CURVE('',#5318,#5319,#2506,.T.);
#6638=EDGE_CURVE('',#4889,#5320,#2507,.T.);
#6639=EDGE_CURVE('',#5319,#5320,#2508,.T.);
#6640=EDGE_CURVE('',#4888,#5321,#2509,.T.);
#6641=EDGE_CURVE('',#5320,#5321,#2510,.T.);
#6642=EDGE_CURVE('',#4863,#5322,#2511,.T.);
#6643=EDGE_CURVE('',#5321,#5322,#2512,.T.);
#6644=EDGE_CURVE('',#4862,#5323,#2513,.T.);
#6645=EDGE_CURVE('',#5322,#5323,#2514,.T.);
#6646=EDGE_CURVE('',#5323,#5224,#2515,.T.);
#6647=EDGE_CURVE('',#4925,#5324,#2516,.T.);
#6648=EDGE_CURVE('',#5230,#5324,#2517,.T.);
#6649=EDGE_CURVE('',#4924,#5325,#2518,.T.);
#6650=EDGE_CURVE('',#5324,#5325,#2519,.T.);
#6651=EDGE_CURVE('',#5325,#5229,#2520,.T.);
#6652=EDGE_CURVE('',#5326,#5221,#2521,.T.);
#6653=EDGE_CURVE('',#4847,#5326,#2522,.T.);
#6654=EDGE_CURVE('',#5268,#5326,#2523,.T.);
#6655=EDGE_CURVE('',#5327,#5327,#4678,.T.);
#6656=EDGE_CURVE('',#5327,#5328,#2524,.T.);
#6657=EDGE_CURVE('',#5328,#5328,#4679,.T.);
#6658=EDGE_CURVE('',#5329,#5330,#2525,.T.);
#6659=EDGE_CURVE('',#5330,#5331,#2526,.T.);
#6660=EDGE_CURVE('',#5331,#5332,#2527,.T.);
#6661=EDGE_CURVE('',#5332,#5333,#2528,.T.);
#6662=EDGE_CURVE('',#5333,#5334,#2529,.T.);
#6663=EDGE_CURVE('',#5334,#5335,#2530,.T.);
#6664=EDGE_CURVE('',#5335,#5336,#2531,.T.);
#6665=EDGE_CURVE('',#5337,#5336,#2532,.T.);
#6666=EDGE_CURVE('',#5337,#5338,#2533,.T.);
#6667=EDGE_CURVE('',#5338,#5329,#2534,.T.);
#6668=EDGE_CURVE('',#5331,#5339,#2535,.T.);
#6669=EDGE_CURVE('',#5339,#5340,#2536,.T.);
#6670=EDGE_CURVE('',#5340,#5341,#2537,.T.);
#6671=EDGE_CURVE('',#5342,#5341,#2538,.T.);
#6672=EDGE_CURVE('',#5342,#5343,#2539,.T.);
#6673=EDGE_CURVE('',#5343,#5344,#2540,.T.);
#6674=EDGE_CURVE('',#5344,#5345,#2541,.T.);
#6675=EDGE_CURVE('',#5346,#5345,#2542,.T.);
#6676=EDGE_CURVE('',#5346,#5347,#2543,.T.);
#6677=EDGE_CURVE('',#5347,#5348,#2544,.T.);
#6678=EDGE_CURVE('',#5348,#5349,#2545,.T.);
#6679=EDGE_CURVE('',#5349,#5350,#2546,.T.);
#6680=EDGE_CURVE('',#5350,#5351,#2547,.T.);
#6681=EDGE_CURVE('',#5351,#5352,#2548,.T.);
#6682=EDGE_CURVE('',#5352,#5353,#2549,.T.);
#6683=EDGE_CURVE('',#5354,#5353,#2550,.T.);
#6684=EDGE_CURVE('',#5336,#5354,#2551,.T.);
#6685=EDGE_CURVE('',#5355,#5335,#2552,.T.);
#6686=EDGE_CURVE('',#5356,#5355,#2553,.T.);
#6687=EDGE_CURVE('',#5332,#5356,#2554,.T.);
#6688=EDGE_CURVE('',#5357,#5357,#4680,.T.);
#6689=EDGE_CURVE('',#5358,#5358,#4681,.T.);
#6690=EDGE_CURVE('',#5359,#5359,#4682,.T.);
#6691=EDGE_CURVE('',#5360,#5361,#2555,.T.);
#6692=EDGE_CURVE('',#5362,#5361,#4683,.T.);
#6693=EDGE_CURVE('',#5363,#5362,#2556,.T.);
#6694=EDGE_CURVE('',#5364,#5363,#2557,.T.);
#6695=EDGE_CURVE('',#5365,#5364,#2558,.T.);
#6696=EDGE_CURVE('',#5366,#5365,#2559,.T.);
#6697=EDGE_CURVE('',#5367,#5366,#2560,.T.);
#6698=EDGE_CURVE('',#5368,#5367,#2561,.T.);
#6699=EDGE_CURVE('',#5368,#5369,#2562,.T.);
#6700=EDGE_CURVE('',#5369,#5370,#2563,.T.);
#6701=EDGE_CURVE('',#5371,#5370,#2564,.T.);
#6702=EDGE_CURVE('',#5372,#5371,#4684,.T.);
#6703=EDGE_CURVE('',#5373,#5372,#2565,.T.);
#6704=EDGE_CURVE('',#5374,#5373,#2566,.T.);
#6705=EDGE_CURVE('',#5375,#5374,#2567,.T.);
#6706=EDGE_CURVE('',#5376,#5375,#2568,.T.);
#6707=EDGE_CURVE('',#5377,#5376,#2569,.T.);
#6708=EDGE_CURVE('',#5378,#5377,#4685,.T.);
#6709=EDGE_CURVE('',#5379,#5378,#2570,.T.);
#6710=EDGE_CURVE('',#5379,#5380,#2571,.T.);
#6711=EDGE_CURVE('',#5380,#5381,#2572,.T.);
#6712=EDGE_CURVE('',#5381,#5382,#2573,.T.);
#6713=EDGE_CURVE('',#5383,#5382,#2574,.T.);
#6714=EDGE_CURVE('',#5383,#5384,#2575,.T.);
#6715=EDGE_CURVE('',#5384,#5385,#2576,.T.);
#6716=EDGE_CURVE('',#5385,#5386,#2577,.T.);
#6717=EDGE_CURVE('',#5386,#5387,#2578,.T.);
#6718=EDGE_CURVE('',#5387,#5388,#2579,.T.);
#6719=EDGE_CURVE('',#5388,#5389,#2580,.T.);
#6720=EDGE_CURVE('',#5389,#5390,#2581,.T.);
#6721=EDGE_CURVE('',#5390,#5391,#2582,.T.);
#6722=EDGE_CURVE('',#5391,#5392,#2583,.T.);
#6723=EDGE_CURVE('',#5393,#5392,#2584,.T.);
#6724=EDGE_CURVE('',#5394,#5393,#2585,.T.);
#6725=EDGE_CURVE('',#5394,#5395,#2586,.T.);
#6726=EDGE_CURVE('',#5395,#5396,#2587,.T.);
#6727=EDGE_CURVE('',#5396,#5397,#2588,.T.);
#6728=EDGE_CURVE('',#5397,#5398,#2589,.T.);
#6729=EDGE_CURVE('',#5399,#5398,#2590,.T.);
#6730=EDGE_CURVE('',#5399,#5400,#2591,.T.);
#6731=EDGE_CURVE('',#5400,#5401,#2592,.T.);
#6732=EDGE_CURVE('',#5401,#5402,#2593,.T.);
#6733=EDGE_CURVE('',#5402,#5403,#2594,.T.);
#6734=EDGE_CURVE('',#5404,#5403,#2595,.T.);
#6735=EDGE_CURVE('',#5404,#5405,#2596,.T.);
#6736=EDGE_CURVE('',#5405,#5406,#2597,.T.);
#6737=EDGE_CURVE('',#5406,#5407,#2598,.T.);
#6738=EDGE_CURVE('',#5407,#5408,#2599,.T.);
#6739=EDGE_CURVE('',#5408,#5360,#2600,.T.);
#6740=EDGE_CURVE('',#5409,#5409,#4686,.T.);
#6741=EDGE_CURVE('',#5361,#5410,#2601,.T.);
#6742=EDGE_CURVE('',#5410,#5411,#4687,.T.);
#6743=EDGE_CURVE('',#5412,#5411,#2602,.T.);
#6744=EDGE_CURVE('',#5413,#5412,#4688,.T.);
#6745=EDGE_CURVE('',#5413,#5362,#2603,.T.);
#6746=EDGE_CURVE('',#5414,#5330,#2604,.T.);
#6747=EDGE_CURVE('',#5415,#5329,#4689,.T.);
#6748=EDGE_CURVE('',#5415,#5416,#2605,.T.);
#6749=EDGE_CURVE('',#5417,#5416,#2606,.T.);
#6750=EDGE_CURVE('',#5418,#5417,#4690,.T.);
#6751=EDGE_CURVE('',#5419,#5418,#2607,.T.);
#6752=EDGE_CURVE('',#5420,#5419,#2608,.T.);
#6753=EDGE_CURVE('',#5421,#5420,#2609,.T.);
#6754=EDGE_CURVE('',#5422,#5421,#4691,.T.);
#6755=EDGE_CURVE('',#5423,#5422,#2610,.T.);
#6756=EDGE_CURVE('',#5424,#5423,#2611,.T.);
#6757=EDGE_CURVE('',#5425,#5424,#4692,.T.);
#6758=EDGE_CURVE('',#5426,#5425,#2612,.T.);
#6759=EDGE_CURVE('',#5427,#5426,#2613,.T.);
#6760=EDGE_CURVE('',#5411,#5427,#2614,.T.);
#6761=EDGE_CURVE('',#5410,#5428,#2615,.T.);
#6762=EDGE_CURVE('',#5428,#5429,#2616,.T.);
#6763=EDGE_CURVE('',#5429,#5430,#2617,.T.);
#6764=EDGE_CURVE('',#5430,#5431,#2618,.T.);
#6765=EDGE_CURVE('',#5431,#5432,#2619,.T.);
#6766=EDGE_CURVE('',#5432,#5433,#2620,.T.);
#6767=EDGE_CURVE('',#5433,#5434,#2621,.T.);
#6768=EDGE_CURVE('',#5434,#5435,#2622,.T.);
#6769=EDGE_CURVE('',#5435,#5436,#2623,.T.);
#6770=EDGE_CURVE('',#5436,#5437,#2624,.T.);
#6771=EDGE_CURVE('',#5437,#5438,#2625,.T.);
#6772=EDGE_CURVE('',#5438,#5439,#2626,.T.);
#6773=EDGE_CURVE('',#5439,#5440,#2627,.T.);
#6774=EDGE_CURVE('',#5440,#5414,#2628,.T.);
#6775=EDGE_CURVE('',#5441,#5352,#2629,.T.);
#6776=EDGE_CURVE('',#5442,#5441,#2630,.T.);
#6777=EDGE_CURVE('',#5353,#5442,#2631,.T.);
#6778=EDGE_CURVE('',#5443,#5444,#2632,.T.);
#6779=EDGE_CURVE('',#5444,#5445,#2633,.T.);
#6780=EDGE_CURVE('',#5445,#5446,#2634,.T.);
#6781=EDGE_CURVE('',#5446,#5447,#2635,.T.);
#6782=EDGE_CURVE('',#5447,#5448,#2636,.T.);
#6783=EDGE_CURVE('',#5448,#5449,#2637,.T.);
#6784=EDGE_CURVE('',#5449,#5450,#2638,.T.);
#6785=EDGE_CURVE('',#5450,#5451,#2639,.T.);
#6786=EDGE_CURVE('',#5451,#5452,#2640,.T.);
#6787=EDGE_CURVE('',#5452,#5453,#2641,.T.);
#6788=EDGE_CURVE('',#5453,#5454,#2642,.T.);
#6789=EDGE_CURVE('',#5454,#5455,#2643,.T.);
#6790=EDGE_CURVE('',#5456,#5455,#2644,.T.);
#6791=EDGE_CURVE('',#5456,#5457,#2645,.T.);
#6792=EDGE_CURVE('',#5457,#5458,#2646,.T.);
#6793=EDGE_CURVE('',#5458,#5459,#2647,.T.);
#6794=EDGE_CURVE('',#5459,#5460,#2648,.T.);
#6795=EDGE_CURVE('',#5460,#5461,#2649,.T.);
#6796=EDGE_CURVE('',#5461,#5462,#2650,.T.);
#6797=EDGE_CURVE('',#5463,#5462,#2651,.T.);
#6798=EDGE_CURVE('',#5463,#5464,#2652,.T.);
#6799=EDGE_CURVE('',#5464,#5465,#2653,.T.);
#6800=EDGE_CURVE('',#5465,#5466,#2654,.T.);
#6801=EDGE_CURVE('',#5466,#5467,#2655,.T.);
#6802=EDGE_CURVE('',#5467,#5468,#2656,.T.);
#6803=EDGE_CURVE('',#5469,#5468,#2657,.T.);
#6804=EDGE_CURVE('',#5469,#5470,#2658,.T.);
#6805=EDGE_CURVE('',#5470,#5471,#2659,.T.);
#6806=EDGE_CURVE('',#5471,#5472,#2660,.T.);
#6807=EDGE_CURVE('',#5473,#5472,#2661,.T.);
#6808=EDGE_CURVE('',#5474,#5473,#4693,.T.);
#6809=EDGE_CURVE('',#5475,#5474,#2662,.T.);
#6810=EDGE_CURVE('',#5476,#5475,#2663,.T.);
#6811=EDGE_CURVE('',#5476,#5477,#2664,.T.);
#6812=EDGE_CURVE('',#5477,#5478,#2665,.T.);
#6813=EDGE_CURVE('',#5478,#5479,#2666,.T.);
#6814=EDGE_CURVE('',#5479,#5480,#2667,.T.);
#6815=EDGE_CURVE('',#5480,#5481,#2668,.T.);
#6816=EDGE_CURVE('',#5443,#5481,#2669,.T.);
#6817=EDGE_CURVE('',#5482,#5482,#4694,.T.);
#6818=EDGE_CURVE('',#5483,#5483,#4695,.T.);
#6819=EDGE_CURVE('',#5455,#5404,#2670,.T.);
#6820=EDGE_CURVE('',#5484,#5455,#2671,.T.);
#6821=EDGE_CURVE('',#5404,#5484,#2672,.T.);
#6822=EDGE_CURVE('',#5485,#5486,#2673,.T.);
#6823=EDGE_CURVE('',#5404,#5485,#2674,.T.);
#6824=EDGE_CURVE('',#5484,#5486,#2675,.T.);
#6825=EDGE_CURVE('',#5340,#5444,#2676,.T.);
#6826=EDGE_CURVE('',#5444,#5487,#2677,.T.);
#6827=EDGE_CURVE('',#5487,#5488,#2678,.T.);
#6828=EDGE_CURVE('',#5488,#5340,#2679,.T.);
#6829=EDGE_CURVE('',#5443,#5489,#2680,.T.);
#6830=EDGE_CURVE('',#5490,#5489,#2681,.T.);
#6831=EDGE_CURVE('',#5487,#5490,#2682,.T.);
#6832=EDGE_CURVE('',#5491,#5490,#2683,.T.);
#6833=EDGE_CURVE('',#5488,#5491,#2684,.T.);
#6834=EDGE_CURVE('',#5492,#5491,#2685,.T.);
#6835=EDGE_CURVE('',#5341,#5492,#2686,.T.);
#6836=EDGE_CURVE('',#5489,#5492,#2687,.T.);
#6837=EDGE_CURVE('',#5454,#5405,#2688,.T.);
#6838=EDGE_CURVE('',#5405,#5493,#2689,.T.);
#6839=EDGE_CURVE('',#5493,#5494,#2690,.T.);
#6840=EDGE_CURVE('',#5494,#5454,#2691,.T.);
#6841=EDGE_CURVE('',#5494,#5495,#2692,.T.);
#6842=EDGE_CURVE('',#5486,#5495,#2693,.T.);
#6843=EDGE_CURVE('',#5496,#5485,#2694,.T.);
#6844=EDGE_CURVE('',#5493,#5496,#2695,.T.);
#6845=EDGE_CURVE('',#5495,#5496,#2696,.T.);
#6846=EDGE_CURVE('',#5497,#5498,#2697,.F.);
#6847=EDGE_CURVE('',#5499,#5498,#2698,.T.);
#6848=EDGE_CURVE('',#5500,#5499,#2699,.T.);
#6849=EDGE_CURVE('',#5501,#5500,#2700,.T.);
#6850=EDGE_CURVE('',#5502,#5501,#2701,.T.);
#6851=EDGE_CURVE('',#5497,#5502,#2702,.F.);
#6852=EDGE_CURVE('',#5503,#5504,#2703,.F.);
#6853=EDGE_CURVE('',#5505,#5504,#2704,.F.);
#6854=EDGE_CURVE('',#5506,#5505,#2705,.T.);
#6855=EDGE_CURVE('',#5507,#5506,#2706,.T.);
#6856=EDGE_CURVE('',#5508,#5507,#2707,.T.);
#6857=EDGE_CURVE('',#5503,#5508,#2708,.T.);
#6858=EDGE_CURVE('',#5504,#5497,#2709,.T.);
#6859=EDGE_CURVE('',#5498,#5503,#2710,.T.);
#6860=EDGE_CURVE('',#5509,#5508,#2711,.T.);
#6861=EDGE_CURVE('',#5510,#5509,#4696,.T.);
#6862=EDGE_CURVE('',#5511,#5510,#2712,.T.);
#6863=EDGE_CURVE('',#5512,#5511,#4697,.T.);
#6864=EDGE_CURVE('',#5513,#5512,#2713,.T.);
#6865=EDGE_CURVE('',#5514,#5513,#4698,.T.);
#6866=EDGE_CURVE('',#5515,#5514,#2714,.T.);
#6867=EDGE_CURVE('',#5516,#5515,#2715,.T.);
#6868=EDGE_CURVE('',#5517,#5516,#2716,.T.);
#6869=EDGE_CURVE('',#5518,#5517,#4699,.T.);
#6870=EDGE_CURVE('',#5519,#5518,#2717,.T.);
#6871=EDGE_CURVE('',#5520,#5519,#4700,.T.);
#6872=EDGE_CURVE('',#5521,#5520,#2718,.T.);
#6873=EDGE_CURVE('',#5522,#5521,#4701,.T.);
#6874=EDGE_CURVE('',#5523,#5522,#2719,.T.);
#6875=EDGE_CURVE('',#5524,#5523,#4702,.T.);
#6876=EDGE_CURVE('',#5525,#5524,#2720,.T.);
#6877=EDGE_CURVE('',#5526,#5525,#4703,.T.);
#6878=EDGE_CURVE('',#5527,#5526,#2721,.T.);
#6879=EDGE_CURVE('',#5528,#5527,#4704,.T.);
#6880=EDGE_CURVE('',#5529,#5528,#2722,.T.);
#6881=EDGE_CURVE('',#5530,#5529,#2723,.T.);
#6882=EDGE_CURVE('',#5530,#5531,#2724,.T.);
#6883=EDGE_CURVE('',#5531,#5532,#2725,.T.);
#6884=EDGE_CURVE('',#5532,#5533,#2726,.T.);
#6885=EDGE_CURVE('',#5534,#5533,#2727,.T.);
#6886=EDGE_CURVE('',#5535,#5534,#4705,.T.);
#6887=EDGE_CURVE('',#5536,#5535,#2728,.T.);
#6888=EDGE_CURVE('',#5537,#5536,#4706,.T.);
#6889=EDGE_CURVE('',#5499,#5537,#2729,.T.);
#6890=EDGE_CURVE('',#5538,#5538,#4707,.T.);
#6891=EDGE_CURVE('',#5539,#5539,#4708,.T.);
#6892=EDGE_CURVE('',#5540,#5541,#2730,.T.);
#6893=EDGE_CURVE('',#5542,#5540,#2731,.T.);
#6894=EDGE_CURVE('',#5543,#5542,#2732,.T.);
#6895=EDGE_CURVE('',#5541,#5543,#2733,.T.);
#6896=EDGE_CURVE('',#5544,#5545,#2734,.T.);
#6897=EDGE_CURVE('',#5546,#5544,#2735,.T.);
#6898=EDGE_CURVE('',#5547,#5546,#2736,.T.);
#6899=EDGE_CURVE('',#5545,#5547,#2737,.T.);
#6900=EDGE_CURVE('',#5548,#5548,#4709,.T.);
#6901=EDGE_CURVE('',#5549,#5549,#4710,.T.);
#6902=EDGE_CURVE('',#5550,#5550,#4711,.T.);
#6903=EDGE_CURVE('',#5505,#5355,#2738,.T.);
#6904=EDGE_CURVE('',#5502,#5356,#2739,.T.);
#6905=EDGE_CURVE('',#5532,#5551,#2740,.F.);
#6906=EDGE_CURVE('',#5552,#5531,#2741,.T.);
#6907=EDGE_CURVE('',#5551,#5552,#2742,.T.);
#6908=EDGE_CURVE('',#5553,#5551,#2743,.F.);
#6909=EDGE_CURVE('',#5554,#5553,#2744,.T.);
#6910=EDGE_CURVE('',#5555,#5554,#2745,.T.);
#6911=EDGE_CURVE('',#5533,#5555,#2746,.T.);
#6912=EDGE_CURVE('',#5556,#5530,#2747,.F.);
#6913=EDGE_CURVE('',#5552,#5556,#2748,.T.);
#6914=EDGE_CURVE('',#5557,#5529,#2749,.T.);
#6915=EDGE_CURVE('',#5558,#5557,#2750,.T.);
#6916=EDGE_CURVE('',#5559,#5558,#2751,.T.);
#6917=EDGE_CURVE('',#5556,#5559,#2752,.F.);
#6918=EDGE_CURVE('',#5526,#5560,#2753,.T.);
#6919=EDGE_CURVE('',#5560,#5561,#2754,.T.);
#6920=EDGE_CURVE('',#5527,#5561,#2755,.T.);
#6921=EDGE_CURVE('',#5562,#5562,#4712,.T.);
#6922=EDGE_CURVE('',#5537,#5563,#2756,.T.);
#6923=EDGE_CURVE('',#5563,#5500,#2757,.T.);
#6924=EDGE_CURVE('',#5536,#5564,#2758,.T.);
#6925=EDGE_CURVE('',#5564,#5563,#4713,.T.);
#6926=EDGE_CURVE('',#5535,#5565,#2759,.T.);
#6927=EDGE_CURVE('',#5565,#5564,#2760,.T.);
#6928=EDGE_CURVE('',#5534,#5566,#2761,.T.);
#6929=EDGE_CURVE('',#5566,#5565,#4714,.T.);
#6930=EDGE_CURVE('',#5555,#5566,#2762,.T.);
#6931=EDGE_CURVE('',#5567,#5563,#2763,.T.);
#6932=EDGE_CURVE('',#5567,#5568,#2764,.T.);
#6933=EDGE_CURVE('',#5568,#5569,#2765,.T.);
#6934=EDGE_CURVE('',#5507,#5569,#2766,.T.);
#6935=EDGE_CURVE('',#5506,#5570,#2767,.T.);
#6936=EDGE_CURVE('',#5570,#5571,#2768,.T.);
#6937=EDGE_CURVE('',#5571,#5501,#2769,.T.);
#6938=EDGE_CURVE('',#5514,#5572,#2770,.T.);
#6939=EDGE_CURVE('',#5572,#5573,#2771,.T.);
#6940=EDGE_CURVE('',#5573,#5515,#2772,.T.);
#6941=EDGE_CURVE('',#5528,#5574,#2773,.T.);
#6942=EDGE_CURVE('',#5574,#5557,#2774,.T.);
#6943=EDGE_CURVE('',#5561,#5574,#4715,.T.);
#6944=EDGE_CURVE('',#5525,#5575,#2775,.T.);
#6945=EDGE_CURVE('',#5575,#5560,#4716,.T.);
#6946=EDGE_CURVE('',#5524,#5576,#2776,.T.);
#6947=EDGE_CURVE('',#5576,#5575,#2777,.T.);
#6948=EDGE_CURVE('',#5523,#5577,#2778,.T.);
#6949=EDGE_CURVE('',#5577,#5576,#4717,.T.);
#6950=EDGE_CURVE('',#5522,#5578,#2779,.T.);
#6951=EDGE_CURVE('',#5578,#5577,#2780,.T.);
#6952=EDGE_CURVE('',#5521,#5579,#2781,.T.);
#6953=EDGE_CURVE('',#5579,#5578,#4718,.T.);
#6954=EDGE_CURVE('',#5520,#5580,#2782,.T.);
#6955=EDGE_CURVE('',#5580,#5579,#2783,.T.);
#6956=EDGE_CURVE('',#5519,#5581,#2784,.T.);
#6957=EDGE_CURVE('',#5581,#5580,#4719,.T.);
#6958=EDGE_CURVE('',#5518,#5582,#2785,.T.);
#6959=EDGE_CURVE('',#5582,#5581,#2786,.T.);
#6960=EDGE_CURVE('',#5517,#5583,#2787,.T.);
#6961=EDGE_CURVE('',#5583,#5582,#4720,.T.);
#6962=EDGE_CURVE('',#5516,#5584,#2788,.T.);
#6963=EDGE_CURVE('',#5584,#5583,#2789,.T.);
#6964=EDGE_CURVE('',#5573,#5584,#2790,.T.);
#6965=EDGE_CURVE('',#5513,#5585,#2791,.T.);
#6966=EDGE_CURVE('',#5585,#5572,#4721,.T.);
#6967=EDGE_CURVE('',#5512,#5586,#2792,.T.);
#6968=EDGE_CURVE('',#5586,#5585,#2793,.T.);
#6969=EDGE_CURVE('',#5511,#5587,#2794,.T.);
#6970=EDGE_CURVE('',#5587,#5586,#4722,.T.);
#6971=EDGE_CURVE('',#5510,#5588,#2795,.T.);
#6972=EDGE_CURVE('',#5588,#5587,#2796,.T.);
#6973=EDGE_CURVE('',#5509,#5569,#2797,.T.);
#6974=EDGE_CURVE('',#5569,#5588,#4723,.T.);
#6975=EDGE_CURVE('',#5589,#5554,#2798,.T.);
#6976=EDGE_CURVE('',#5590,#5589,#2799,.T.);
#6977=EDGE_CURVE('',#5558,#5590,#2800,.T.);
#6978=EDGE_CURVE('',#5591,#5574,#2801,.T.);
#6979=EDGE_CURVE('',#5591,#5592,#2802,.T.);
#6980=EDGE_CURVE('',#5592,#5593,#2803,.T.);
#6981=EDGE_CURVE('',#5593,#5594,#2804,.T.);
#6982=EDGE_CURVE('',#5594,#5566,#2805,.T.);
#6983=EDGE_CURVE('',#5550,#5359,#2806,.T.);
#6984=EDGE_CURVE('',#5595,#5595,#4724,.T.);
#6985=EDGE_CURVE('',#5596,#5596,#4725,.T.);
#6986=EDGE_CURVE('',#5597,#5597,#4726,.T.);
#6987=EDGE_CURVE('',#5370,#5598,#2807,.T.);
#6988=EDGE_CURVE('',#5598,#5599,#2808,.T.);
#6989=EDGE_CURVE('',#5600,#5599,#2809,.T.);
#6990=EDGE_CURVE('',#5601,#5600,#2810,.T.);
#6991=EDGE_CURVE('',#5601,#5371,#2811,.T.);
#6992=EDGE_CURVE('',#5599,#5602,#2812,.T.);
#6993=EDGE_CURVE('',#5602,#5368,#2813,.T.);
#6994=EDGE_CURVE('',#5367,#5603,#2814,.T.);
#6995=EDGE_CURVE('',#5603,#5604,#2815,.T.);
#6996=EDGE_CURVE('',#5604,#5363,#2816,.T.);
#6997=EDGE_CURVE('',#5600,#5413,#2817,.T.);
#6998=EDGE_CURVE('',#5442,#5605,#2818,.T.);
#6999=EDGE_CURVE('',#5605,#5346,#2819,.T.);
#7000=EDGE_CURVE('',#5345,#5606,#2820,.T.);
#7001=EDGE_CURVE('',#5606,#5607,#2821,.T.);
#7002=EDGE_CURVE('',#5607,#5342,#2822,.T.);
#7003=EDGE_CURVE('',#5481,#5608,#2823,.T.);
#7004=EDGE_CURVE('',#5608,#5609,#2824,.T.);
#7005=EDGE_CURVE('',#5610,#5609,#2825,.T.);
#7006=EDGE_CURVE('',#5610,#5611,#2826,.T.);
#7007=EDGE_CURVE('',#5611,#5354,#2827,.T.);
#7008=EDGE_CURVE('',#5612,#5351,#2828,.T.);
#7009=EDGE_CURVE('',#5441,#5612,#2829,.T.);
#7010=EDGE_CURVE('',#5428,#5360,#2830,.T.);
#7011=EDGE_CURVE('',#5613,#5384,#2831,.T.);
#7012=EDGE_CURVE('',#5383,#5614,#2832,.T.);
#7013=EDGE_CURVE('',#5613,#5614,#2833,.T.);
#7014=EDGE_CURVE('',#5392,#5615,#2834,.T.);
#7015=EDGE_CURVE('',#5616,#5391,#2835,.T.);
#7016=EDGE_CURVE('',#5616,#5615,#2836,.T.);
#7017=EDGE_CURVE('',#5615,#5617,#2837,.T.);
#7018=EDGE_CURVE('',#5618,#5617,#2838,.T.);
#7019=EDGE_CURVE('',#5618,#5619,#2839,.T.);
#7020=EDGE_CURVE('',#5619,#5393,#2840,.T.);
#7021=EDGE_CURVE('',#5620,#5621,#2841,.T.);
#7022=EDGE_CURVE('',#5621,#5394,#2842,.T.);
#7023=EDGE_CURVE('',#5619,#5622,#2843,.T.);
#7024=EDGE_CURVE('',#5622,#5620,#2844,.T.);
#7025=EDGE_CURVE('',#5382,#5623,#2845,.T.);
#7026=EDGE_CURVE('',#5623,#5624,#2846,.T.);
#7027=EDGE_CURVE('',#5624,#5379,#2847,.T.);
#7028=EDGE_CURVE('',#5378,#5625,#2848,.T.);
#7029=EDGE_CURVE('',#5626,#5625,#2849,.T.);
#7030=EDGE_CURVE('',#5626,#5627,#2850,.T.);
#7031=EDGE_CURVE('',#5627,#5614,#2851,.T.);
#7032=EDGE_CURVE('',#5628,#5629,#2852,.T.);
#7033=EDGE_CURVE('',#5630,#5628,#2853,.T.);
#7034=EDGE_CURVE('',#5631,#5630,#2854,.T.);
#7035=EDGE_CURVE('',#5629,#5631,#2855,.T.);
#7036=EDGE_CURVE('',#5632,#5633,#2856,.T.);
#7037=EDGE_CURVE('',#5631,#5632,#4727,.T.);
#7038=EDGE_CURVE('',#5633,#5630,#4728,.T.);
#7039=EDGE_CURVE('',#5634,#5620,#2857,.T.);
#7040=EDGE_CURVE('',#5622,#5635,#2858,.T.);
#7041=EDGE_CURVE('',#5635,#5636,#2859,.T.);
#7042=EDGE_CURVE('',#5636,#5632,#2860,.T.);
#7043=EDGE_CURVE('',#5633,#5628,#2861,.T.);
#7044=EDGE_CURVE('',#5629,#5637,#2862,.T.);
#7045=EDGE_CURVE('',#5637,#5399,#2863,.T.);
#7046=EDGE_CURVE('',#5398,#5634,#2864,.T.);
#7047=EDGE_CURVE('',#5638,#5639,#2865,.T.);
#7048=EDGE_CURVE('',#5640,#5638,#2866,.T.);
#7049=EDGE_CURVE('',#5641,#5640,#2867,.T.);
#7050=EDGE_CURVE('',#5639,#5641,#2868,.T.);
#7051=EDGE_CURVE('',#5642,#5643,#2869,.T.);
#7052=EDGE_CURVE('',#5641,#5642,#4729,.T.);
#7053=EDGE_CURVE('',#5643,#5640,#4730,.T.);
#7054=EDGE_CURVE('',#5644,#5642,#4731,.T.);
#7055=EDGE_CURVE('',#5643,#5645,#4732,.T.);
#7056=EDGE_CURVE('',#5646,#5645,#2870,.T.);
#7057=EDGE_CURVE('',#5646,#5647,#4733,.T.);
#7058=EDGE_CURVE('',#5647,#5644,#2871,.T.);
#7059=EDGE_CURVE('',#5648,#5649,#2872,.T.);
#7060=EDGE_CURVE('',#5650,#5649,#2873,.T.);
#7061=EDGE_CURVE('',#5650,#5651,#2874,.T.);
#7062=EDGE_CURVE('',#5651,#5652,#2875,.T.);
#7063=EDGE_CURVE('',#5652,#5638,#2876,.T.);
#7064=EDGE_CURVE('',#5639,#5653,#2877,.T.);
#7065=EDGE_CURVE('',#5653,#5463,#2878,.T.);
#7066=EDGE_CURVE('',#5462,#5648,#2879,.T.);
#7067=EDGE_CURVE('',#5645,#5652,#2880,.T.);
#7068=EDGE_CURVE('',#5654,#5644,#2881,.T.);
#7069=EDGE_CURVE('',#5647,#5655,#2882,.T.);
#7070=EDGE_CURVE('',#5655,#5473,#2883,.T.);
#7071=EDGE_CURVE('',#5472,#5656,#2884,.T.);
#7072=EDGE_CURVE('',#5656,#5657,#2885,.T.);
#7073=EDGE_CURVE('',#5657,#5469,#2886,.T.);
#7074=EDGE_CURVE('',#5468,#5654,#2887,.T.);
#7075=EDGE_CURVE('',#5658,#5659,#2888,.T.);
#7076=EDGE_CURVE('',#5660,#5658,#2889,.T.);
#7077=EDGE_CURVE('',#5661,#5660,#2890,.T.);
#7078=EDGE_CURVE('',#5659,#5661,#2891,.T.);
#7079=EDGE_CURVE('',#5662,#5663,#2892,.T.);
#7080=EDGE_CURVE('',#5661,#5662,#4734,.T.);
#7081=EDGE_CURVE('',#5663,#5660,#4735,.T.);
#7082=EDGE_CURVE('',#5664,#5658,#2893,.T.);
#7083=EDGE_CURVE('',#5665,#5664,#2894,.T.);
#7084=EDGE_CURVE('',#5663,#5665,#4736,.T.);
#7085=EDGE_CURVE('',#5609,#5662,#4737,.T.);
#7086=EDGE_CURVE('',#5666,#5665,#2895,.T.);
#7087=EDGE_CURVE('',#5666,#5610,#4738,.T.);
#7088=EDGE_CURVE('',#5667,#5613,#2896,.T.);
#7089=EDGE_CURVE('',#5667,#5385,#2897,.T.);
#7090=EDGE_CURVE('',#5668,#5390,#2898,.T.);
#7091=EDGE_CURVE('',#5616,#5668,#2899,.T.);
#7092=EDGE_CURVE('',#5669,#5389,#2900,.T.);
#7093=EDGE_CURVE('',#5668,#5669,#2901,.T.);
#7094=EDGE_CURVE('',#5670,#5388,#2902,.T.);
#7095=EDGE_CURVE('',#5669,#5670,#2903,.T.);
#7096=EDGE_CURVE('',#5671,#5387,#2904,.T.);
#7097=EDGE_CURVE('',#5670,#5671,#2905,.T.);
#7098=EDGE_CURVE('',#5672,#5386,#2906,.T.);
#7099=EDGE_CURVE('',#5671,#5672,#2907,.T.);
#7100=EDGE_CURVE('',#5672,#5667,#2908,.T.);
#7101=EDGE_CURVE('',#5617,#5627,#4739,.T.);
#7102=EDGE_CURVE('',#5673,#5674,#2909,.T.);
#7103=EDGE_CURVE('',#5674,#5675,#2910,.T.);
#7104=EDGE_CURVE('',#5675,#5621,#2911,.T.);
#7105=EDGE_CURVE('',#5634,#5673,#2912,.T.);
#7106=EDGE_CURVE('',#5675,#5395,#2913,.T.);
#7107=EDGE_CURVE('',#5674,#5396,#2914,.T.);
#7108=EDGE_CURVE('',#5673,#5397,#2915,.T.);
#7109=EDGE_CURVE('',#5676,#5461,#2916,.T.);
#7110=EDGE_CURVE('',#5648,#5676,#2917,.T.);
#7111=EDGE_CURVE('',#5677,#5460,#2918,.T.);
#7112=EDGE_CURVE('',#5676,#5677,#2919,.T.);
#7113=EDGE_CURVE('',#5678,#5459,#2920,.T.);
#7114=EDGE_CURVE('',#5677,#5678,#2921,.T.);
#7115=EDGE_CURVE('',#5679,#5458,#2922,.T.);
#7116=EDGE_CURVE('',#5678,#5679,#2923,.T.);
#7117=EDGE_CURVE('',#5680,#5457,#2924,.T.);
#7118=EDGE_CURVE('',#5679,#5680,#2925,.T.);
#7119=EDGE_CURVE('',#5681,#5456,#2926,.T.);
#7120=EDGE_CURVE('',#5680,#5681,#2927,.T.);
#7121=EDGE_CURVE('',#5682,#5681,#2928,.T.);
#7122=EDGE_CURVE('',#5683,#5682,#2929,.T.);
#7123=EDGE_CURVE('',#5649,#5683,#4740,.T.);
#7124=EDGE_CURVE('',#5684,#5685,#2930,.T.);
#7125=EDGE_CURVE('',#5685,#5686,#2931,.T.);
#7126=EDGE_CURVE('',#5686,#5687,#2932,.T.);
#7127=EDGE_CURVE('',#5687,#5688,#2933,.T.);
#7128=EDGE_CURVE('',#5659,#5688,#2934,.T.);
#7129=EDGE_CURVE('',#5608,#5684,#2935,.T.);
#7130=EDGE_CURVE('',#5688,#5476,#2936,.T.);
#7131=EDGE_CURVE('',#5687,#5477,#2937,.T.);
#7132=EDGE_CURVE('',#5686,#5478,#2938,.T.);
#7133=EDGE_CURVE('',#5685,#5479,#2939,.T.);
#7134=EDGE_CURVE('',#5684,#5480,#2940,.T.);
#7135=EDGE_CURVE('',#5429,#5408,#2941,.T.);
#7136=EDGE_CURVE('',#5430,#5407,#2942,.T.);
#7137=EDGE_CURVE('',#5431,#5406,#2943,.T.);
#7138=EDGE_CURVE('',#5432,#5453,#2944,.T.);
#7139=EDGE_CURVE('',#5433,#5452,#2945,.T.);
#7140=EDGE_CURVE('',#5434,#5451,#2946,.T.);
#7141=EDGE_CURVE('',#5435,#5450,#2947,.T.);
#7142=EDGE_CURVE('',#5436,#5449,#2948,.T.);
#7143=EDGE_CURVE('',#5437,#5448,#2949,.T.);
#7144=EDGE_CURVE('',#5438,#5447,#2950,.T.);
#7145=EDGE_CURVE('',#5439,#5446,#2951,.T.);
#7146=EDGE_CURVE('',#5440,#5445,#2952,.T.);
#7147=EDGE_CURVE('',#5414,#5339,#2953,.T.);
#7148=EDGE_CURVE('',#5689,#5690,#2954,.T.);
#7149=EDGE_CURVE('',#5690,#5607,#2955,.T.);
#7150=EDGE_CURVE('',#5606,#5689,#2956,.T.);
#7151=EDGE_CURVE('',#5689,#5344,#2957,.T.);
#7152=EDGE_CURVE('',#5690,#5343,#2958,.T.);
#7153=EDGE_CURVE('',#5691,#5402,#2959,.T.);
#7154=EDGE_CURVE('',#5692,#5691,#2960,.T.);
#7155=EDGE_CURVE('',#5403,#5692,#2961,.T.);
#7156=EDGE_CURVE('',#5693,#5401,#2962,.T.);
#7157=EDGE_CURVE('',#5691,#5693,#2963,.T.);
#7158=EDGE_CURVE('',#5694,#5400,#2964,.T.);
#7159=EDGE_CURVE('',#5693,#5694,#2965,.T.);
#7160=EDGE_CURVE('',#5694,#5637,#2966,.T.);
#7161=EDGE_CURVE('',#5695,#5636,#4741,.T.);
#7162=EDGE_CURVE('',#5692,#5695,#2967,.T.);
#7163=EDGE_CURVE('',#5696,#5697,#2968,.T.);
#7164=EDGE_CURVE('',#5697,#5624,#2969,.T.);
#7165=EDGE_CURVE('',#5623,#5696,#2970,.T.);
#7166=EDGE_CURVE('',#5696,#5381,#2971,.T.);
#7167=EDGE_CURVE('',#5697,#5380,#2972,.T.);
#7168=EDGE_CURVE('',#5698,#5467,#2973,.T.);
#7169=EDGE_CURVE('',#5654,#5698,#2974,.T.);
#7170=EDGE_CURVE('',#5699,#5466,#2975,.T.);
#7171=EDGE_CURVE('',#5698,#5699,#2976,.T.);
#7172=EDGE_CURVE('',#5700,#5465,#2977,.T.);
#7173=EDGE_CURVE('',#5699,#5700,#2978,.T.);
#7174=EDGE_CURVE('',#5701,#5464,#2979,.T.);
#7175=EDGE_CURVE('',#5700,#5701,#2980,.T.);
#7176=EDGE_CURVE('',#5701,#5653,#2981,.T.);
#7177=EDGE_CURVE('',#5702,#5703,#2982,.T.);
#7178=EDGE_CURVE('',#5703,#5704,#2983,.T.);
#7179=EDGE_CURVE('',#5704,#5705,#2984,.T.);
#7180=EDGE_CURVE('',#5705,#5605,#2985,.T.);
#7181=EDGE_CURVE('',#5612,#5702,#2986,.T.);
#7182=EDGE_CURVE('',#5705,#5347,#2987,.T.);
#7183=EDGE_CURVE('',#5704,#5348,#2988,.T.);
#7184=EDGE_CURVE('',#5703,#5349,#2989,.T.);
#7185=EDGE_CURVE('',#5702,#5350,#2990,.T.);
#7186=EDGE_CURVE('',#5706,#5602,#2991,.T.);
#7187=EDGE_CURVE('',#5706,#5369,#2992,.T.);
#7188=EDGE_CURVE('',#5598,#5706,#2993,.T.);
#7189=EDGE_CURVE('',#5707,#5708,#2994,.T.);
#7190=EDGE_CURVE('',#5708,#5657,#2995,.T.);
#7191=EDGE_CURVE('',#5656,#5707,#2996,.T.);
#7192=EDGE_CURVE('',#5707,#5471,#2997,.T.);
#7193=EDGE_CURVE('',#5708,#5470,#2998,.T.);
#7194=EDGE_CURVE('',#5709,#5601,#4742,.T.);
#7195=EDGE_CURVE('',#5710,#5709,#2999,.T.);
#7196=EDGE_CURVE('',#5711,#5710,#4743,.F.);
#7197=EDGE_CURVE('',#5711,#5712,#3000,.T.);
#7198=EDGE_CURVE('',#5713,#5712,#4744,.F.);
#7199=EDGE_CURVE('',#5372,#5713,#3001,.T.);
#7200=EDGE_CURVE('',#5559,#5366,#3002,.T.);
#7201=EDGE_CURVE('',#5603,#5590,#3003,.T.);
#7202=EDGE_CURVE('',#5333,#5571,#3004,.T.);
#7203=EDGE_CURVE('',#5570,#5334,#3005,.T.);
#7204=EDGE_CURVE('',#5714,#5715,#4745,.T.);
#7205=EDGE_CURVE('',#5716,#5714,#3006,.T.);
#7206=EDGE_CURVE('',#5717,#5716,#33,.T.);
#7207=EDGE_CURVE('',#5717,#5718,#3007,.T.);
#7208=EDGE_CURVE('',#5715,#5718,#3008,.T.);
#7209=EDGE_CURVE('',#5719,#5720,#4746,.T.);
#7210=EDGE_CURVE('',#5714,#5719,#3009,.F.);
#7211=EDGE_CURVE('',#5720,#5715,#40,.T.);
#7212=EDGE_CURVE('',#5721,#5722,#41,.T.);
#7213=EDGE_CURVE('',#5719,#5722,#3010,.F.);
#7214=EDGE_CURVE('',#5721,#5720,#42,.T.);
#7215=EDGE_CURVE('',#5723,#5714,#3011,.F.);
#7216=EDGE_CURVE('',#5723,#5724,#3012,.T.);
#7217=EDGE_CURVE('',#5724,#5725,#3013,.T.);
#7218=EDGE_CURVE('',#5725,#5726,#3014,.T.);
#7219=EDGE_CURVE('',#5716,#5726,#3015,.F.);
#7220=EDGE_CURVE('',#5727,#5726,#3016,.T.);
#7221=EDGE_CURVE('',#5728,#5727,#3017,.T.);
#7222=EDGE_CURVE('',#5718,#5728,#3018,.T.);
#7223=EDGE_CURVE('',#5729,#5575,#3019,.T.);
#7224=EDGE_CURVE('',#5730,#5729,#34,.T.);
#7225=EDGE_CURVE('',#5731,#5730,#43,.T.);
#7226=EDGE_CURVE('',#5731,#5721,#44,.T.);
#7227=EDGE_CURVE('',#5720,#5560,#3020,.T.);
#7228=EDGE_CURVE('',#5728,#5561,#3021,.T.);
#7229=EDGE_CURVE('',#5591,#5732,#3022,.T.);
#7230=EDGE_CURVE('',#5728,#5591,#4747,.T.);
#7231=EDGE_CURVE('',#5732,#5727,#4748,.T.);
#7232=EDGE_CURVE('',#5733,#5732,#3023,.T.);
#7233=EDGE_CURVE('',#5592,#5733,#3024,.T.);
#7234=EDGE_CURVE('',#5592,#5734,#3025,.T.);
#7235=EDGE_CURVE('',#5735,#5733,#3026,.T.);
#7236=EDGE_CURVE('',#5734,#5735,#3027,.T.);
#7237=EDGE_CURVE('',#5735,#5736,#3028,.T.);
#7238=EDGE_CURVE('',#5736,#5737,#3029,.T.);
#7239=EDGE_CURVE('',#5738,#5737,#3030,.T.);
#7240=EDGE_CURVE('',#5734,#5738,#3031,.T.);
#7241=EDGE_CURVE('',#5738,#5739,#3032,.T.);
#7242=EDGE_CURVE('',#5739,#5740,#3033,.T.);
#7243=EDGE_CURVE('',#5740,#5593,#3034,.F.);
#7244=EDGE_CURVE('',#5741,#5576,#3035,.T.);
#7245=EDGE_CURVE('',#5741,#5729,#3036,.T.);
#7246=EDGE_CURVE('',#5742,#5743,#3037,.T.);
#7247=EDGE_CURVE('',#5744,#5742,#3038,.T.);
#7248=EDGE_CURVE('',#5745,#5744,#3039,.T.);
#7249=EDGE_CURVE('',#5743,#5745,#3040,.T.);
#7250=EDGE_CURVE('',#5746,#5743,#3041,.T.);
#7251=EDGE_CURVE('',#5747,#5746,#3042,.T.);
#7252=EDGE_CURVE('',#5742,#5747,#3043,.T.);
#7253=EDGE_CURVE('',#5748,#5740,#3044,.T.);
#7254=EDGE_CURVE('',#5594,#5748,#3045,.T.);
#7255=EDGE_CURVE('',#5749,#5750,#3046,.T.);
#7256=EDGE_CURVE('',#5594,#5749,#4749,.T.);
#7257=EDGE_CURVE('',#5750,#5748,#4750,.T.);
#7258=EDGE_CURVE('',#5751,#5752,#3047,.T.);
#7259=EDGE_CURVE('',#5749,#5751,#3048,.T.);
#7260=EDGE_CURVE('',#5752,#5750,#3049,.T.);
#7261=EDGE_CURVE('',#5567,#5753,#3050,.T.);
#7262=EDGE_CURVE('',#5751,#5567,#4751,.T.);
#7263=EDGE_CURVE('',#5753,#5752,#4752,.T.);
#7264=EDGE_CURVE('',#5568,#5754,#3051,.T.);
#7265=EDGE_CURVE('',#5754,#5753,#3052,.T.);
#7266=EDGE_CURVE('',#5755,#5756,#3053,.T.);
#7267=EDGE_CURVE('',#5568,#5755,#4753,.T.);
#7268=EDGE_CURVE('',#5756,#5754,#4754,.T.);
#7269=EDGE_CURVE('',#5757,#5758,#3054,.T.);
#7270=EDGE_CURVE('',#5755,#5757,#3055,.T.);
#7271=EDGE_CURVE('',#5758,#5756,#3056,.T.);
#7272=EDGE_CURVE('',#5759,#5760,#3057,.T.);
#7273=EDGE_CURVE('',#5757,#5759,#4755,.T.);
#7274=EDGE_CURVE('',#5760,#5758,#4756,.T.);
#7275=EDGE_CURVE('',#5761,#5762,#3058,.T.);
#7276=EDGE_CURVE('',#5759,#5761,#3059,.T.);
#7277=EDGE_CURVE('',#5762,#5760,#3060,.T.);
#7278=EDGE_CURVE('',#5763,#5764,#3061,.T.);
#7279=EDGE_CURVE('',#5761,#5763,#4757,.T.);
#7280=EDGE_CURVE('',#5764,#5762,#4758,.T.);
#7281=EDGE_CURVE('',#5763,#5746,#3062,.T.);
#7282=EDGE_CURVE('',#5747,#5764,#3063,.T.);
#7283=EDGE_CURVE('',#5765,#5766,#3064,.T.);
#7284=EDGE_CURVE('',#5745,#5765,#4759,.T.);
#7285=EDGE_CURVE('',#5766,#5744,#4760,.T.);
#7286=EDGE_CURVE('',#5767,#5768,#3065,.T.);
#7287=EDGE_CURVE('',#5765,#5767,#3066,.T.);
#7288=EDGE_CURVE('',#5768,#5766,#3067,.T.);
#7289=EDGE_CURVE('',#5769,#5770,#3068,.T.);
#7290=EDGE_CURVE('',#5767,#5769,#4761,.T.);
#7291=EDGE_CURVE('',#5770,#5768,#4762,.T.);
#7292=EDGE_CURVE('',#5771,#5772,#3069,.T.);
#7293=EDGE_CURVE('',#5769,#5771,#3070,.T.);
#7294=EDGE_CURVE('',#5772,#5770,#3071,.T.);
#7295=EDGE_CURVE('',#5773,#5774,#3072,.T.);
#7296=EDGE_CURVE('',#5771,#5773,#4763,.T.);
#7297=EDGE_CURVE('',#5774,#5772,#4764,.T.);
#7298=EDGE_CURVE('',#5775,#5776,#3073,.T.);
#7299=EDGE_CURVE('',#5773,#5775,#3074,.T.);
#7300=EDGE_CURVE('',#5776,#5774,#3075,.T.);
#7301=EDGE_CURVE('',#5741,#5777,#3076,.T.);
#7302=EDGE_CURVE('',#5775,#5741,#4765,.T.);
#7303=EDGE_CURVE('',#5777,#5776,#4766,.T.);
#7304=EDGE_CURVE('',#5778,#5777,#3077,.T.);
#7305=EDGE_CURVE('',#5730,#5778,#3078,.T.);
#7306=EDGE_CURVE('',#5723,#5778,#4767,.T.);
#7307=EDGE_CURVE('',#5775,#5577,#3079,.T.);
#7308=EDGE_CURVE('',#5773,#5578,#3080,.T.);
#7309=EDGE_CURVE('',#5771,#5579,#3081,.T.);
#7310=EDGE_CURVE('',#5769,#5580,#3082,.T.);
#7311=EDGE_CURVE('',#5767,#5581,#3083,.T.);
#7312=EDGE_CURVE('',#5765,#5582,#3084,.T.);
#7313=EDGE_CURVE('',#5745,#5583,#3085,.T.);
#7314=EDGE_CURVE('',#5743,#5584,#3086,.T.);
#7315=EDGE_CURVE('',#5746,#5573,#3087,.T.);
#7316=EDGE_CURVE('',#5763,#5572,#3088,.T.);
#7317=EDGE_CURVE('',#5761,#5585,#3089,.T.);
#7318=EDGE_CURVE('',#5759,#5586,#3090,.T.);
#7319=EDGE_CURVE('',#5757,#5587,#3091,.T.);
#7320=EDGE_CURVE('',#5755,#5588,#3092,.T.);
#7321=EDGE_CURVE('',#5751,#5564,#3093,.T.);
#7322=EDGE_CURVE('',#5749,#5565,#3094,.T.);
#7323=EDGE_CURVE('',#5541,#5779,#3095,.T.);
#7324=EDGE_CURVE('',#5780,#5779,#3096,.T.);
#7325=EDGE_CURVE('',#5780,#5540,#3097,.T.);
#7326=EDGE_CURVE('',#5781,#5780,#3098,.T.);
#7327=EDGE_CURVE('',#5781,#5542,#3099,.T.);
#7328=EDGE_CURVE('',#5782,#5781,#3100,.T.);
#7329=EDGE_CURVE('',#5782,#5543,#3101,.T.);
#7330=EDGE_CURVE('',#5779,#5782,#3102,.T.);
#7331=EDGE_CURVE('',#5545,#5783,#3103,.T.);
#7332=EDGE_CURVE('',#5784,#5783,#3104,.T.);
#7333=EDGE_CURVE('',#5784,#5544,#3105,.T.);
#7334=EDGE_CURVE('',#5785,#5784,#3106,.T.);
#7335=EDGE_CURVE('',#5785,#5546,#3107,.T.);
#7336=EDGE_CURVE('',#5786,#5785,#3108,.T.);
#7337=EDGE_CURVE('',#5786,#5547,#3109,.T.);
#7338=EDGE_CURVE('',#5783,#5786,#3110,.T.);
#7339=EDGE_CURVE('',#5548,#5596,#3111,.T.);
#7340=EDGE_CURVE('',#5589,#5604,#3112,.T.);
#7341=EDGE_CURVE('',#5553,#5364,#3113,.T.);
#7342=EDGE_CURVE('',#5552,#5365,#3114,.T.);
#7343=EDGE_CURVE('',#5711,#5787,#4768,.T.);
#7344=EDGE_CURVE('',#5788,#5787,#3115,.T.);
#7345=EDGE_CURVE('',#5788,#5712,#4769,.T.);
#7346=EDGE_CURVE('',#5789,#5790,#3116,.T.);
#7347=EDGE_CURVE('',#5790,#5709,#3117,.T.);
#7348=EDGE_CURVE('',#5412,#5739,#3118,.T.);
#7349=EDGE_CURVE('',#5737,#5789,#4770,.T.);
#7350=EDGE_CURVE('',#5791,#5725,#4771,.T.);
#7351=EDGE_CURVE('',#5791,#5792,#3119,.T.);
#7352=EDGE_CURVE('',#5793,#5792,#3120,.T.);
#7353=EDGE_CURVE('',#5794,#5793,#3121,.T.);
#7354=EDGE_CURVE('',#5795,#5794,#3122,.T.);
#7355=EDGE_CURVE('',#5736,#5795,#4772,.T.);
#7356=EDGE_CURVE('',#5625,#5796,#4773,.T.);
#7357=EDGE_CURVE('',#5796,#5797,#3123,.T.);
#7358=EDGE_CURVE('',#5797,#5798,#4774,.F.);
#7359=EDGE_CURVE('',#5798,#5626,#4775,.T.);
#7360=EDGE_CURVE('',#5798,#5618,#4776,.T.);
#7361=EDGE_CURVE('',#5799,#5427,#3124,.T.);
#7362=EDGE_CURVE('',#5799,#5739,#3125,.T.);
#7363=EDGE_CURVE('',#5800,#5426,#3126,.T.);
#7364=EDGE_CURVE('',#5800,#5799,#3127,.T.);
#7365=EDGE_CURVE('',#5801,#5425,#3128,.T.);
#7366=EDGE_CURVE('',#5801,#5800,#3129,.T.);
#7367=EDGE_CURVE('',#5802,#5424,#3130,.T.);
#7368=EDGE_CURVE('',#5802,#5801,#4777,.T.);
#7369=EDGE_CURVE('',#5803,#5423,#3131,.T.);
#7370=EDGE_CURVE('',#5803,#5802,#3132,.T.);
#7371=EDGE_CURVE('',#5804,#5422,#3133,.T.);
#7372=EDGE_CURVE('',#5804,#5803,#3134,.T.);
#7373=EDGE_CURVE('',#5805,#5421,#3135,.T.);
#7374=EDGE_CURVE('',#5805,#5804,#4778,.T.);
#7375=EDGE_CURVE('',#5806,#5420,#3136,.T.);
#7376=EDGE_CURVE('',#5806,#5805,#3137,.T.);
#7377=EDGE_CURVE('',#5807,#5419,#3138,.T.);
#7378=EDGE_CURVE('',#5807,#5806,#3139,.T.);
#7379=EDGE_CURVE('',#5808,#5418,#3140,.T.);
#7380=EDGE_CURVE('',#5808,#5807,#3141,.T.);
#7381=EDGE_CURVE('',#5809,#5417,#3142,.T.);
#7382=EDGE_CURVE('',#5809,#5808,#4779,.T.);
#7383=EDGE_CURVE('',#5810,#5416,#3143,.T.);
#7384=EDGE_CURVE('',#5810,#5809,#3144,.T.);
#7385=EDGE_CURVE('',#5811,#5415,#3145,.T.);
#7386=EDGE_CURVE('',#5811,#5810,#3146,.T.);
#7387=EDGE_CURVE('',#5338,#5811,#4780,.T.);
#7388=EDGE_CURVE('',#5611,#5337,#3147,.T.);
#7389=EDGE_CURVE('',#5812,#5664,#3148,.T.);
#7390=EDGE_CURVE('',#5812,#5666,#3149,.T.);
#7391=EDGE_CURVE('',#5813,#5475,#3150,.T.);
#7392=EDGE_CURVE('',#5813,#5812,#3151,.T.);
#7393=EDGE_CURVE('',#5814,#5474,#3152,.T.);
#7394=EDGE_CURVE('',#5814,#5813,#3153,.T.);
#7395=EDGE_CURVE('',#5655,#5814,#4781,.T.);
#7396=EDGE_CURVE('',#5651,#5646,#3154,.T.);
#7397=EDGE_CURVE('',#5815,#5683,#3155,.T.);
#7398=EDGE_CURVE('',#5815,#5650,#4782,.T.);
#7399=EDGE_CURVE('',#5816,#5682,#3156,.T.);
#7400=EDGE_CURVE('',#5816,#5815,#3157,.T.);
#7401=EDGE_CURVE('',#5817,#5695,#3158,.T.);
#7402=EDGE_CURVE('',#5817,#5816,#3159,.T.);
#7403=EDGE_CURVE('',#5635,#5817,#4783,.T.);
#7404=EDGE_CURVE('',#5818,#5377,#3160,.T.);
#7405=EDGE_CURVE('',#5819,#5818,#4784,.F.);
#7406=EDGE_CURVE('',#5819,#5820,#3161,.T.);
#7407=EDGE_CURVE('',#5821,#5820,#4785,.F.);
#7408=EDGE_CURVE('',#5796,#5821,#3162,.T.);
#7409=EDGE_CURVE('',#5798,#5724,#4786,.F.);
#7410=EDGE_CURVE('',#5710,#5821,#3163,.T.);
#7411=EDGE_CURVE('',#5790,#5822,#3164,.T.);
#7412=EDGE_CURVE('',#5822,#5823,#3165,.T.);
#7413=EDGE_CURVE('',#5823,#5797,#3166,.T.);
#7414=EDGE_CURVE('',#5824,#5376,#3167,.T.);
#7415=EDGE_CURVE('',#5818,#5824,#3168,.T.);
#7416=EDGE_CURVE('',#5789,#5825,#3169,.T.);
#7417=EDGE_CURVE('',#5825,#5822,#3170,.T.);
#7418=EDGE_CURVE('',#5795,#5825,#3171,.T.);
#7419=EDGE_CURVE('',#5794,#5826,#3172,.T.);
#7420=EDGE_CURVE('',#5825,#5826,#3173,.F.);
#7421=EDGE_CURVE('',#5827,#5827,#4787,.T.);
#7422=EDGE_CURVE('',#5828,#5828,#4788,.T.);
#7423=EDGE_CURVE('',#5829,#5829,#4789,.T.);
#7424=EDGE_CURVE('',#5830,#5830,#4790,.T.);
#7425=EDGE_CURVE('',#5831,#5831,#4791,.T.);
#7426=EDGE_CURVE('',#5832,#5832,#4792,.T.);
#7427=EDGE_CURVE('',#5833,#5833,#4793,.T.);
#7428=EDGE_CURVE('',#5834,#5834,#4794,.T.);
#7429=EDGE_CURVE('',#5835,#5835,#4795,.T.);
#7430=EDGE_CURVE('',#5836,#5836,#4796,.T.);
#7431=EDGE_CURVE('',#5837,#5823,#3174,.T.);
#7432=EDGE_CURVE('',#5792,#5837,#3175,.T.);
#7433=EDGE_CURVE('',#5791,#5823,#3176,.T.);
#7434=EDGE_CURVE('',#5838,#5822,#3177,.T.);
#7435=EDGE_CURVE('',#5837,#5838,#3178,.T.);
#7436=EDGE_CURVE('',#5838,#5826,#3179,.T.);
#7437=EDGE_CURVE('',#5793,#5838,#3180,.T.);
#7438=EDGE_CURVE('',#5713,#5839,#3181,.T.);
#7439=EDGE_CURVE('',#5839,#5373,#3182,.T.);
#7440=EDGE_CURVE('',#5839,#5840,#3183,.T.);
#7441=EDGE_CURVE('',#5840,#5374,#3184,.T.);
#7442=EDGE_CURVE('',#5539,#5562,#3185,.T.);
#7443=EDGE_CURVE('',#5819,#5841,#4797,.T.);
#7444=EDGE_CURVE('',#5842,#5841,#3186,.T.);
#7445=EDGE_CURVE('',#5842,#5820,#4798,.T.);
#7446=EDGE_CURVE('',#5787,#5842,#3187,.T.);
#7447=EDGE_CURVE('',#5841,#5788,#3188,.T.);
#7448=EDGE_CURVE('',#5824,#5843,#3189,.T.);
#7449=EDGE_CURVE('',#5843,#5840,#3190,.T.);
#7450=EDGE_CURVE('',#5538,#5595,#3191,.T.);
#7451=EDGE_CURVE('',#5549,#5597,#3192,.T.);
#7452=EDGE_CURVE('',#5843,#5375,#3193,.T.);
#7453=EDGE_CURVE('',#5844,#5844,#4799,.T.);
#7454=EDGE_CURVE('',#5844,#5483,#4800,.T.);
#7455=EDGE_CURVE('',#5829,#5844,#3194,.T.);
#7456=EDGE_CURVE('',#5845,#5845,#4801,.T.);
#7457=EDGE_CURVE('',#5845,#5409,#4802,.T.);
#7458=EDGE_CURVE('',#5835,#5845,#3195,.T.);
#7459=EDGE_CURVE('',#5846,#5846,#4803,.T.);
#7460=EDGE_CURVE('',#5846,#5482,#4804,.T.);
#7461=EDGE_CURVE('',#5833,#5846,#3196,.T.);
#7462=EDGE_CURVE('',#5847,#5847,#4805,.T.);
#7463=EDGE_CURVE('',#5847,#5357,#4806,.T.);
#7464=EDGE_CURVE('',#5827,#5847,#3197,.T.);
#7465=EDGE_CURVE('',#5848,#5848,#4807,.T.);
#7466=EDGE_CURVE('',#5848,#5358,#4808,.T.);
#7467=EDGE_CURVE('',#5831,#5848,#3198,.T.);
#7468=EDGE_CURVE('',#5849,#5849,#4809,.T.);
#7469=EDGE_CURVE('',#5850,#5850,#4810,.T.);
#7470=EDGE_CURVE('',#5851,#5851,#4811,.T.);
#7471=EDGE_CURVE('',#5852,#5852,#4812,.T.);
#7472=EDGE_CURVE('',#5853,#5853,#4813,.T.);
#7473=EDGE_CURVE('',#5849,#5828,#3199,.T.);
#7474=EDGE_CURVE('',#5850,#5830,#3200,.T.);
#7475=EDGE_CURVE('',#5851,#5836,#3201,.T.);
#7476=EDGE_CURVE('',#5852,#5832,#3202,.T.);
#7477=EDGE_CURVE('',#5853,#5834,#3203,.T.);
#7478=ORIENTED_EDGE('',*,*,#5854,.F.);
#7479=ORIENTED_EDGE('',*,*,#5855,.T.);
#7480=ORIENTED_EDGE('',*,*,#5856,.T.);
#7481=ORIENTED_EDGE('',*,*,#5855,.F.);
#7482=ORIENTED_EDGE('',*,*,#5856,.F.);
#7483=ORIENTED_EDGE('',*,*,#5857,.F.);
#7484=ORIENTED_EDGE('',*,*,#5858,.T.);
#7485=ORIENTED_EDGE('',*,*,#5859,.T.);
#7486=ORIENTED_EDGE('',*,*,#5860,.F.);
#7487=ORIENTED_EDGE('',*,*,#5861,.F.);
#7488=ORIENTED_EDGE('',*,*,#5862,.T.);
#7489=ORIENTED_EDGE('',*,*,#5863,.T.);
#7490=ORIENTED_EDGE('',*,*,#5864,.F.);
#7491=ORIENTED_EDGE('',*,*,#5865,.F.);
#7492=ORIENTED_EDGE('',*,*,#5859,.F.);
#7493=ORIENTED_EDGE('',*,*,#5866,.F.);
#7494=ORIENTED_EDGE('',*,*,#5863,.F.);
#7495=ORIENTED_EDGE('',*,*,#5867,.T.);
#7496=ORIENTED_EDGE('',*,*,#5868,.F.);
#7497=ORIENTED_EDGE('',*,*,#5869,.T.);
#7498=ORIENTED_EDGE('',*,*,#5870,.T.);
#7499=ORIENTED_EDGE('',*,*,#5871,.F.);
#7500=ORIENTED_EDGE('',*,*,#5872,.F.);
#7501=ORIENTED_EDGE('',*,*,#5873,.T.);
#7502=ORIENTED_EDGE('',*,*,#5874,.T.);
#7503=ORIENTED_EDGE('',*,*,#5869,.F.);
#7504=ORIENTED_EDGE('',*,*,#5875,.F.);
#7505=ORIENTED_EDGE('',*,*,#5876,.T.);
#7506=ORIENTED_EDGE('',*,*,#5877,.T.);
#7507=ORIENTED_EDGE('',*,*,#5878,.T.);
#7508=ORIENTED_EDGE('',*,*,#5873,.F.);
#7509=ORIENTED_EDGE('',*,*,#5879,.T.);
#7510=ORIENTED_EDGE('',*,*,#5871,.T.);
#7511=ORIENTED_EDGE('',*,*,#5880,.T.);
#7512=ORIENTED_EDGE('',*,*,#5877,.F.);
#7513=ORIENTED_EDGE('',*,*,#5881,.F.);
#7514=ORIENTED_EDGE('',*,*,#5867,.F.);
#7515=ORIENTED_EDGE('',*,*,#5879,.F.);
#7516=ORIENTED_EDGE('',*,*,#5876,.F.);
#7517=ORIENTED_EDGE('',*,*,#5880,.F.);
#7518=ORIENTED_EDGE('',*,*,#5870,.F.);
#7519=ORIENTED_EDGE('',*,*,#5874,.F.);
#7520=ORIENTED_EDGE('',*,*,#5878,.F.);
#7521=ORIENTED_EDGE('',*,*,#5875,.T.);
#7522=ORIENTED_EDGE('',*,*,#5872,.T.);
#7523=ORIENTED_EDGE('',*,*,#5882,.T.);
#7524=ORIENTED_EDGE('',*,*,#5883,.F.);
#7525=ORIENTED_EDGE('',*,*,#5884,.F.);
#7526=ORIENTED_EDGE('',*,*,#5885,.F.);
#7527=ORIENTED_EDGE('',*,*,#5886,.F.);
#7528=ORIENTED_EDGE('',*,*,#5887,.T.);
#7529=ORIENTED_EDGE('',*,*,#5888,.F.);
#7530=ORIENTED_EDGE('',*,*,#5889,.F.);
#7531=ORIENTED_EDGE('',*,*,#5890,.F.);
#7532=ORIENTED_EDGE('',*,*,#5891,.F.);
#7533=ORIENTED_EDGE('',*,*,#5892,.F.);
#7534=ORIENTED_EDGE('',*,*,#5893,.F.);
#7535=ORIENTED_EDGE('',*,*,#5894,.T.);
#7536=ORIENTED_EDGE('',*,*,#5895,.F.);
#7537=ORIENTED_EDGE('',*,*,#5896,.F.);
#7538=ORIENTED_EDGE('',*,*,#5897,.T.);
#7539=ORIENTED_EDGE('',*,*,#5898,.T.);
#7540=ORIENTED_EDGE('',*,*,#5899,.T.);
#7541=ORIENTED_EDGE('',*,*,#5900,.T.);
#7542=ORIENTED_EDGE('',*,*,#5901,.T.);
#7543=ORIENTED_EDGE('',*,*,#5902,.F.);
#7544=ORIENTED_EDGE('',*,*,#5903,.F.);
#7545=ORIENTED_EDGE('',*,*,#5904,.T.);
#7546=ORIENTED_EDGE('',*,*,#5905,.T.);
#7547=ORIENTED_EDGE('',*,*,#5906,.T.);
#7548=ORIENTED_EDGE('',*,*,#5907,.T.);
#7549=ORIENTED_EDGE('',*,*,#5908,.T.);
#7550=ORIENTED_EDGE('',*,*,#5909,.T.);
#7551=ORIENTED_EDGE('',*,*,#5910,.F.);
#7552=ORIENTED_EDGE('',*,*,#5911,.F.);
#7553=ORIENTED_EDGE('',*,*,#5912,.F.);
#7554=ORIENTED_EDGE('',*,*,#5913,.F.);
#7555=ORIENTED_EDGE('',*,*,#5914,.T.);
#7556=ORIENTED_EDGE('',*,*,#5857,.T.);
#7557=ORIENTED_EDGE('',*,*,#5915,.T.);
#7558=ORIENTED_EDGE('',*,*,#5916,.F.);
#7559=ORIENTED_EDGE('',*,*,#5917,.F.);
#7560=ORIENTED_EDGE('',*,*,#5918,.F.);
#7561=ORIENTED_EDGE('',*,*,#5919,.F.);
#7562=ORIENTED_EDGE('',*,*,#5920,.T.);
#7563=ORIENTED_EDGE('',*,*,#5921,.T.);
#7564=ORIENTED_EDGE('',*,*,#5922,.F.);
#7565=ORIENTED_EDGE('',*,*,#5923,.F.);
#7566=ORIENTED_EDGE('',*,*,#5924,.F.);
#7567=ORIENTED_EDGE('',*,*,#5925,.F.);
#7568=ORIENTED_EDGE('',*,*,#5926,.F.);
#7569=ORIENTED_EDGE('',*,*,#5927,.T.);
#7570=ORIENTED_EDGE('',*,*,#5928,.F.);
#7571=ORIENTED_EDGE('',*,*,#5929,.F.);
#7572=ORIENTED_EDGE('',*,*,#5930,.F.);
#7573=ORIENTED_EDGE('',*,*,#5931,.T.);
#7574=ORIENTED_EDGE('',*,*,#5932,.F.);
#7575=ORIENTED_EDGE('',*,*,#5933,.F.);
#7576=ORIENTED_EDGE('',*,*,#5934,.F.);
#7577=ORIENTED_EDGE('',*,*,#5935,.F.);
#7578=ORIENTED_EDGE('',*,*,#5936,.F.);
#7579=ORIENTED_EDGE('',*,*,#5937,.T.);
#7580=ORIENTED_EDGE('',*,*,#5868,.T.);
#7581=ORIENTED_EDGE('',*,*,#5938,.F.);
#7582=ORIENTED_EDGE('',*,*,#5939,.F.);
#7583=ORIENTED_EDGE('',*,*,#5940,.F.);
#7584=ORIENTED_EDGE('',*,*,#5941,.F.);
#7585=ORIENTED_EDGE('',*,*,#5942,.F.);
#7586=ORIENTED_EDGE('',*,*,#5943,.F.);
#7587=ORIENTED_EDGE('',*,*,#5944,.F.);
#7588=ORIENTED_EDGE('',*,*,#5945,.F.);
#7589=ORIENTED_EDGE('',*,*,#5946,.F.);
#7590=ORIENTED_EDGE('',*,*,#5947,.F.);
#7591=ORIENTED_EDGE('',*,*,#5854,.T.);
#7592=ORIENTED_EDGE('',*,*,#5948,.F.);
#7593=ORIENTED_EDGE('',*,*,#5949,.F.);
#7594=ORIENTED_EDGE('',*,*,#5861,.T.);
#7595=ORIENTED_EDGE('',*,*,#5950,.F.);
#7596=ORIENTED_EDGE('',*,*,#5951,.F.);
#7597=ORIENTED_EDGE('',*,*,#5952,.T.);
#7598=ORIENTED_EDGE('',*,*,#5953,.T.);
#7599=ORIENTED_EDGE('',*,*,#5954,.T.);
#7600=ORIENTED_EDGE('',*,*,#5955,.T.);
#7601=ORIENTED_EDGE('',*,*,#5956,.T.);
#7602=ORIENTED_EDGE('',*,*,#5957,.F.);
#7603=ORIENTED_EDGE('',*,*,#5958,.F.);
#7604=ORIENTED_EDGE('',*,*,#5959,.F.);
#7605=ORIENTED_EDGE('',*,*,#5960,.F.);
#7606=ORIENTED_EDGE('',*,*,#5961,.T.);
#7607=ORIENTED_EDGE('',*,*,#5962,.F.);
#7608=ORIENTED_EDGE('',*,*,#5963,.F.);
#7609=ORIENTED_EDGE('',*,*,#5964,.F.);
#7610=ORIENTED_EDGE('',*,*,#5965,.T.);
#7611=ORIENTED_EDGE('',*,*,#5966,.F.);
#7612=ORIENTED_EDGE('',*,*,#5967,.F.);
#7613=ORIENTED_EDGE('',*,*,#5968,.F.);
#7614=ORIENTED_EDGE('',*,*,#5969,.T.);
#7615=ORIENTED_EDGE('',*,*,#5970,.F.);
#7616=ORIENTED_EDGE('',*,*,#5971,.F.);
#7617=ORIENTED_EDGE('',*,*,#5972,.F.);
#7618=ORIENTED_EDGE('',*,*,#5973,.T.);
#7619=ORIENTED_EDGE('',*,*,#5974,.T.);
#7620=ORIENTED_EDGE('',*,*,#5975,.F.);
#7621=ORIENTED_EDGE('',*,*,#5976,.F.);
#7622=ORIENTED_EDGE('',*,*,#5977,.F.);
#7623=ORIENTED_EDGE('',*,*,#5978,.T.);
#7624=ORIENTED_EDGE('',*,*,#5979,.F.);
#7625=ORIENTED_EDGE('',*,*,#5980,.F.);
#7626=ORIENTED_EDGE('',*,*,#5981,.T.);
#7627=ORIENTED_EDGE('',*,*,#5982,.T.);
#7628=ORIENTED_EDGE('',*,*,#5983,.F.);
#7629=ORIENTED_EDGE('',*,*,#5984,.T.);
#7630=ORIENTED_EDGE('',*,*,#5985,.T.);
#7631=ORIENTED_EDGE('',*,*,#5982,.F.);
#7632=ORIENTED_EDGE('',*,*,#5986,.T.);
#7633=ORIENTED_EDGE('',*,*,#5987,.T.);
#7634=ORIENTED_EDGE('',*,*,#5988,.T.);
#7635=ORIENTED_EDGE('',*,*,#5989,.F.);
#7636=ORIENTED_EDGE('',*,*,#5990,.F.);
#7637=ORIENTED_EDGE('',*,*,#5984,.F.);
#7638=ORIENTED_EDGE('',*,*,#5991,.T.);
#7639=ORIENTED_EDGE('',*,*,#5992,.F.);
#7640=ORIENTED_EDGE('',*,*,#5993,.T.);
#7641=ORIENTED_EDGE('',*,*,#5994,.T.);
#7642=ORIENTED_EDGE('',*,*,#5995,.T.);
#7643=ORIENTED_EDGE('',*,*,#5983,.T.);
#7644=ORIENTED_EDGE('',*,*,#5990,.T.);
#7645=ORIENTED_EDGE('',*,*,#5996,.F.);
#7646=ORIENTED_EDGE('',*,*,#5997,.F.);
#7647=ORIENTED_EDGE('',*,*,#5998,.F.);
#7648=ORIENTED_EDGE('',*,*,#5999,.F.);
#7649=ORIENTED_EDGE('',*,*,#6000,.F.);
#7650=ORIENTED_EDGE('',*,*,#6001,.F.);
#7651=ORIENTED_EDGE('',*,*,#6002,.T.);
#7652=ORIENTED_EDGE('',*,*,#6003,.T.);
#7653=ORIENTED_EDGE('',*,*,#6004,.T.);
#7654=ORIENTED_EDGE('',*,*,#6005,.F.);
#7655=ORIENTED_EDGE('',*,*,#6006,.F.);
#7656=ORIENTED_EDGE('',*,*,#6007,.F.);
#7657=ORIENTED_EDGE('',*,*,#6008,.F.);
#7658=ORIENTED_EDGE('',*,*,#6009,.F.);
#7659=ORIENTED_EDGE('',*,*,#6010,.F.);
#7660=ORIENTED_EDGE('',*,*,#6011,.F.);
#7661=ORIENTED_EDGE('',*,*,#6012,.F.);
#7662=ORIENTED_EDGE('',*,*,#6013,.F.);
#7663=ORIENTED_EDGE('',*,*,#6014,.F.);
#7664=ORIENTED_EDGE('',*,*,#6015,.F.);
#7665=ORIENTED_EDGE('',*,*,#6016,.F.);
#7666=ORIENTED_EDGE('',*,*,#6017,.F.);
#7667=ORIENTED_EDGE('',*,*,#6018,.F.);
#7668=ORIENTED_EDGE('',*,*,#6019,.F.);
#7669=ORIENTED_EDGE('',*,*,#6020,.F.);
#7670=ORIENTED_EDGE('',*,*,#6021,.F.);
#7671=ORIENTED_EDGE('',*,*,#6022,.F.);
#7672=ORIENTED_EDGE('',*,*,#6023,.F.);
#7673=ORIENTED_EDGE('',*,*,#6024,.F.);
#7674=ORIENTED_EDGE('',*,*,#6025,.F.);
#7675=ORIENTED_EDGE('',*,*,#5991,.F.);
#7676=ORIENTED_EDGE('',*,*,#6026,.T.);
#7677=ORIENTED_EDGE('',*,*,#6027,.T.);
#7678=ORIENTED_EDGE('',*,*,#6028,.T.);
#7679=ORIENTED_EDGE('',*,*,#6029,.T.);
#7680=ORIENTED_EDGE('',*,*,#6030,.T.);
#7681=ORIENTED_EDGE('',*,*,#6031,.T.);
#7682=ORIENTED_EDGE('',*,*,#6032,.T.);
#7683=ORIENTED_EDGE('',*,*,#6033,.T.);
#7684=ORIENTED_EDGE('',*,*,#6034,.T.);
#7685=ORIENTED_EDGE('',*,*,#6035,.T.);
#7686=ORIENTED_EDGE('',*,*,#6036,.T.);
#7687=ORIENTED_EDGE('',*,*,#6037,.F.);
#7688=ORIENTED_EDGE('',*,*,#6038,.T.);
#7689=ORIENTED_EDGE('',*,*,#5988,.F.);
#7690=ORIENTED_EDGE('',*,*,#6039,.F.);
#7691=ORIENTED_EDGE('',*,*,#6040,.F.);
#7692=ORIENTED_EDGE('',*,*,#6041,.F.);
#7693=ORIENTED_EDGE('',*,*,#5993,.F.);
#7694=ORIENTED_EDGE('',*,*,#6042,.F.);
#7695=ORIENTED_EDGE('',*,*,#6043,.F.);
#7696=ORIENTED_EDGE('',*,*,#6044,.F.);
#7697=ORIENTED_EDGE('',*,*,#6045,.T.);
#7698=ORIENTED_EDGE('',*,*,#6046,.F.);
#7699=ORIENTED_EDGE('',*,*,#6047,.T.);
#7700=ORIENTED_EDGE('',*,*,#6003,.F.);
#7701=ORIENTED_EDGE('',*,*,#6048,.F.);
#7702=ORIENTED_EDGE('',*,*,#6049,.T.);
#7703=ORIENTED_EDGE('',*,*,#6047,.F.);
#7704=ORIENTED_EDGE('',*,*,#6050,.T.);
#7705=ORIENTED_EDGE('',*,*,#6051,.T.);
#7706=ORIENTED_EDGE('',*,*,#6052,.T.);
#7707=ORIENTED_EDGE('',*,*,#6053,.F.);
#7708=ORIENTED_EDGE('',*,*,#6004,.F.);
#7709=ORIENTED_EDGE('',*,*,#6002,.F.);
#7710=ORIENTED_EDGE('',*,*,#6054,.T.);
#7711=ORIENTED_EDGE('',*,*,#6055,.T.);
#7712=ORIENTED_EDGE('',*,*,#6048,.T.);
#7713=ORIENTED_EDGE('',*,*,#6054,.F.);
#7714=ORIENTED_EDGE('',*,*,#6001,.T.);
#7715=ORIENTED_EDGE('',*,*,#6056,.F.);
#7716=ORIENTED_EDGE('',*,*,#6057,.T.);
#7717=ORIENTED_EDGE('',*,*,#6058,.T.);
#7718=ORIENTED_EDGE('',*,*,#6059,.T.);
#7719=ORIENTED_EDGE('',*,*,#6052,.F.);
#7720=ORIENTED_EDGE('',*,*,#6060,.T.);
#7721=ORIENTED_EDGE('',*,*,#6061,.T.);
#7722=ORIENTED_EDGE('',*,*,#6062,.T.);
#7723=ORIENTED_EDGE('',*,*,#6057,.F.);
#7724=ORIENTED_EDGE('',*,*,#6063,.F.);
#7725=ORIENTED_EDGE('',*,*,#6064,.F.);
#7726=ORIENTED_EDGE('',*,*,#6065,.F.);
#7727=ORIENTED_EDGE('',*,*,#6066,.F.);
#7728=ORIENTED_EDGE('',*,*,#6067,.F.);
#7729=ORIENTED_EDGE('',*,*,#6068,.T.);
#7730=ORIENTED_EDGE('',*,*,#6069,.F.);
#7731=ORIENTED_EDGE('',*,*,#6070,.F.);
#7732=ORIENTED_EDGE('',*,*,#6038,.F.);
#7733=ORIENTED_EDGE('',*,*,#6071,.T.);
#7734=ORIENTED_EDGE('',*,*,#6070,.T.);
#7735=ORIENTED_EDGE('',*,*,#6071,.F.);
#7736=ORIENTED_EDGE('',*,*,#5989,.T.);
#7737=ORIENTED_EDGE('',*,*,#6046,.T.);
#7738=ORIENTED_EDGE('',*,*,#6072,.T.);
#7739=ORIENTED_EDGE('',*,*,#5996,.T.);
#7740=ORIENTED_EDGE('',*,*,#6073,.T.);
#7741=ORIENTED_EDGE('',*,*,#5997,.T.);
#7742=ORIENTED_EDGE('',*,*,#6072,.F.);
#7743=ORIENTED_EDGE('',*,*,#6074,.T.);
#7744=ORIENTED_EDGE('',*,*,#6075,.T.);
#7745=ORIENTED_EDGE('',*,*,#5998,.T.);
#7746=ORIENTED_EDGE('',*,*,#6073,.F.);
#7747=ORIENTED_EDGE('',*,*,#6076,.T.);
#7748=ORIENTED_EDGE('',*,*,#6077,.T.);
#7749=ORIENTED_EDGE('',*,*,#5999,.T.);
#7750=ORIENTED_EDGE('',*,*,#6075,.F.);
#7751=ORIENTED_EDGE('',*,*,#6078,.T.);
#7752=ORIENTED_EDGE('',*,*,#6056,.T.);
#7753=ORIENTED_EDGE('',*,*,#6000,.T.);
#7754=ORIENTED_EDGE('',*,*,#6077,.F.);
#7755=ORIENTED_EDGE('',*,*,#6063,.T.);
#7756=ORIENTED_EDGE('',*,*,#6078,.F.);
#7757=ORIENTED_EDGE('',*,*,#6079,.F.);
#7758=ORIENTED_EDGE('',*,*,#6080,.F.);
#7759=ORIENTED_EDGE('',*,*,#6064,.T.);
#7760=ORIENTED_EDGE('',*,*,#6076,.F.);
#7761=ORIENTED_EDGE('',*,*,#6081,.F.);
#7762=ORIENTED_EDGE('',*,*,#6082,.F.);
#7763=ORIENTED_EDGE('',*,*,#6079,.T.);
#7764=ORIENTED_EDGE('',*,*,#6074,.F.);
#7765=ORIENTED_EDGE('',*,*,#6045,.F.);
#7766=ORIENTED_EDGE('',*,*,#6083,.F.);
#7767=ORIENTED_EDGE('',*,*,#6081,.T.);
#7768=ORIENTED_EDGE('',*,*,#6053,.T.);
#7769=ORIENTED_EDGE('',*,*,#6069,.T.);
#7770=ORIENTED_EDGE('',*,*,#6084,.T.);
#7771=ORIENTED_EDGE('',*,*,#6005,.T.);
#7772=ORIENTED_EDGE('',*,*,#6085,.T.);
#7773=ORIENTED_EDGE('',*,*,#6006,.T.);
#7774=ORIENTED_EDGE('',*,*,#6084,.F.);
#7775=ORIENTED_EDGE('',*,*,#6086,.T.);
#7776=ORIENTED_EDGE('',*,*,#6007,.T.);
#7777=ORIENTED_EDGE('',*,*,#6085,.F.);
#7778=ORIENTED_EDGE('',*,*,#6087,.T.);
#7779=ORIENTED_EDGE('',*,*,#6088,.T.);
#7780=ORIENTED_EDGE('',*,*,#6088,.F.);
#7781=ORIENTED_EDGE('',*,*,#6089,.T.);
#7782=ORIENTED_EDGE('',*,*,#6090,.T.);
#7783=ORIENTED_EDGE('',*,*,#6008,.T.);
#7784=ORIENTED_EDGE('',*,*,#6091,.T.);
#7785=ORIENTED_EDGE('',*,*,#6009,.T.);
#7786=ORIENTED_EDGE('',*,*,#6090,.F.);
#7787=ORIENTED_EDGE('',*,*,#6092,.T.);
#7788=ORIENTED_EDGE('',*,*,#6093,.T.);
#7789=ORIENTED_EDGE('',*,*,#6010,.T.);
#7790=ORIENTED_EDGE('',*,*,#6091,.F.);
#7791=ORIENTED_EDGE('',*,*,#6094,.T.);
#7792=ORIENTED_EDGE('',*,*,#6095,.T.);
#7793=ORIENTED_EDGE('',*,*,#6011,.T.);
#7794=ORIENTED_EDGE('',*,*,#6093,.F.);
#7795=ORIENTED_EDGE('',*,*,#6096,.T.);
#7796=ORIENTED_EDGE('',*,*,#6097,.T.);
#7797=ORIENTED_EDGE('',*,*,#6012,.T.);
#7798=ORIENTED_EDGE('',*,*,#6095,.F.);
#7799=ORIENTED_EDGE('',*,*,#6098,.T.);
#7800=ORIENTED_EDGE('',*,*,#6099,.T.);
#7801=ORIENTED_EDGE('',*,*,#6013,.T.);
#7802=ORIENTED_EDGE('',*,*,#6097,.F.);
#7803=ORIENTED_EDGE('',*,*,#6100,.T.);
#7804=ORIENTED_EDGE('',*,*,#6101,.T.);
#7805=ORIENTED_EDGE('',*,*,#6014,.T.);
#7806=ORIENTED_EDGE('',*,*,#6099,.F.);
#7807=ORIENTED_EDGE('',*,*,#6102,.T.);
#7808=ORIENTED_EDGE('',*,*,#6103,.T.);
#7809=ORIENTED_EDGE('',*,*,#6015,.T.);
#7810=ORIENTED_EDGE('',*,*,#6101,.F.);
#7811=ORIENTED_EDGE('',*,*,#6104,.T.);
#7812=ORIENTED_EDGE('',*,*,#6105,.T.);
#7813=ORIENTED_EDGE('',*,*,#6016,.T.);
#7814=ORIENTED_EDGE('',*,*,#6103,.F.);
#7815=ORIENTED_EDGE('',*,*,#6106,.T.);
#7816=ORIENTED_EDGE('',*,*,#6017,.T.);
#7817=ORIENTED_EDGE('',*,*,#6105,.F.);
#7818=ORIENTED_EDGE('',*,*,#6107,.T.);
#7819=ORIENTED_EDGE('',*,*,#6108,.T.);
#7820=ORIENTED_EDGE('',*,*,#6109,.T.);
#7821=ORIENTED_EDGE('',*,*,#6110,.T.);
#7822=ORIENTED_EDGE('',*,*,#6018,.T.);
#7823=ORIENTED_EDGE('',*,*,#6108,.F.);
#7824=ORIENTED_EDGE('',*,*,#6111,.T.);
#7825=ORIENTED_EDGE('',*,*,#6112,.T.);
#7826=ORIENTED_EDGE('',*,*,#6019,.T.);
#7827=ORIENTED_EDGE('',*,*,#6110,.F.);
#7828=ORIENTED_EDGE('',*,*,#6113,.T.);
#7829=ORIENTED_EDGE('',*,*,#6020,.T.);
#7830=ORIENTED_EDGE('',*,*,#6112,.F.);
#7831=ORIENTED_EDGE('',*,*,#6114,.T.);
#7832=ORIENTED_EDGE('',*,*,#6115,.T.);
#7833=ORIENTED_EDGE('',*,*,#6021,.T.);
#7834=ORIENTED_EDGE('',*,*,#6113,.F.);
#7835=ORIENTED_EDGE('',*,*,#6116,.T.);
#7836=ORIENTED_EDGE('',*,*,#6117,.T.);
#7837=ORIENTED_EDGE('',*,*,#6022,.T.);
#7838=ORIENTED_EDGE('',*,*,#6115,.F.);
#7839=ORIENTED_EDGE('',*,*,#6118,.T.);
#7840=ORIENTED_EDGE('',*,*,#6119,.T.);
#7841=ORIENTED_EDGE('',*,*,#6023,.T.);
#7842=ORIENTED_EDGE('',*,*,#6117,.F.);
#7843=ORIENTED_EDGE('',*,*,#6120,.T.);
#7844=ORIENTED_EDGE('',*,*,#6121,.T.);
#7845=ORIENTED_EDGE('',*,*,#6024,.T.);
#7846=ORIENTED_EDGE('',*,*,#6119,.F.);
#7847=ORIENTED_EDGE('',*,*,#6122,.T.);
#7848=ORIENTED_EDGE('',*,*,#5992,.T.);
#7849=ORIENTED_EDGE('',*,*,#6025,.T.);
#7850=ORIENTED_EDGE('',*,*,#6121,.F.);
#7851=ORIENTED_EDGE('',*,*,#6042,.T.);
#7852=ORIENTED_EDGE('',*,*,#6122,.F.);
#7853=ORIENTED_EDGE('',*,*,#6123,.F.);
#7854=ORIENTED_EDGE('',*,*,#6124,.F.);
#7855=ORIENTED_EDGE('',*,*,#6043,.T.);
#7856=ORIENTED_EDGE('',*,*,#6120,.F.);
#7857=ORIENTED_EDGE('',*,*,#6125,.F.);
#7858=ORIENTED_EDGE('',*,*,#6126,.F.);
#7859=ORIENTED_EDGE('',*,*,#6123,.T.);
#7860=ORIENTED_EDGE('',*,*,#6118,.F.);
#7861=ORIENTED_EDGE('',*,*,#6127,.F.);
#7862=ORIENTED_EDGE('',*,*,#6128,.F.);
#7863=ORIENTED_EDGE('',*,*,#6125,.T.);
#7864=ORIENTED_EDGE('',*,*,#6116,.F.);
#7865=ORIENTED_EDGE('',*,*,#6129,.F.);
#7866=ORIENTED_EDGE('',*,*,#6130,.F.);
#7867=ORIENTED_EDGE('',*,*,#6127,.T.);
#7868=ORIENTED_EDGE('',*,*,#6114,.F.);
#7869=ORIENTED_EDGE('',*,*,#6131,.F.);
#7870=ORIENTED_EDGE('',*,*,#6132,.F.);
#7871=ORIENTED_EDGE('',*,*,#6129,.T.);
#7872=ORIENTED_EDGE('',*,*,#6111,.F.);
#7873=ORIENTED_EDGE('',*,*,#6133,.F.);
#7874=ORIENTED_EDGE('',*,*,#6134,.F.);
#7875=ORIENTED_EDGE('',*,*,#6131,.T.);
#7876=ORIENTED_EDGE('',*,*,#6109,.F.);
#7877=ORIENTED_EDGE('',*,*,#6135,.F.);
#7878=ORIENTED_EDGE('',*,*,#6136,.F.);
#7879=ORIENTED_EDGE('',*,*,#6133,.T.);
#7880=ORIENTED_EDGE('',*,*,#6107,.F.);
#7881=ORIENTED_EDGE('',*,*,#6137,.F.);
#7882=ORIENTED_EDGE('',*,*,#6138,.F.);
#7883=ORIENTED_EDGE('',*,*,#6135,.T.);
#7884=ORIENTED_EDGE('',*,*,#6106,.F.);
#7885=ORIENTED_EDGE('',*,*,#6139,.F.);
#7886=ORIENTED_EDGE('',*,*,#6140,.F.);
#7887=ORIENTED_EDGE('',*,*,#6137,.T.);
#7888=ORIENTED_EDGE('',*,*,#6104,.F.);
#7889=ORIENTED_EDGE('',*,*,#6141,.F.);
#7890=ORIENTED_EDGE('',*,*,#6142,.F.);
#7891=ORIENTED_EDGE('',*,*,#6139,.T.);
#7892=ORIENTED_EDGE('',*,*,#6102,.F.);
#7893=ORIENTED_EDGE('',*,*,#6143,.F.);
#7894=ORIENTED_EDGE('',*,*,#6144,.F.);
#7895=ORIENTED_EDGE('',*,*,#6141,.T.);
#7896=ORIENTED_EDGE('',*,*,#6100,.F.);
#7897=ORIENTED_EDGE('',*,*,#6145,.F.);
#7898=ORIENTED_EDGE('',*,*,#6146,.F.);
#7899=ORIENTED_EDGE('',*,*,#6143,.T.);
#7900=ORIENTED_EDGE('',*,*,#6098,.F.);
#7901=ORIENTED_EDGE('',*,*,#6147,.F.);
#7902=ORIENTED_EDGE('',*,*,#6148,.F.);
#7903=ORIENTED_EDGE('',*,*,#6145,.T.);
#7904=ORIENTED_EDGE('',*,*,#6096,.F.);
#7905=ORIENTED_EDGE('',*,*,#6149,.F.);
#7906=ORIENTED_EDGE('',*,*,#6150,.F.);
#7907=ORIENTED_EDGE('',*,*,#6147,.T.);
#7908=ORIENTED_EDGE('',*,*,#6094,.F.);
#7909=ORIENTED_EDGE('',*,*,#6151,.F.);
#7910=ORIENTED_EDGE('',*,*,#6152,.F.);
#7911=ORIENTED_EDGE('',*,*,#6149,.T.);
#7912=ORIENTED_EDGE('',*,*,#6092,.F.);
#7913=ORIENTED_EDGE('',*,*,#6153,.F.);
#7914=ORIENTED_EDGE('',*,*,#6154,.F.);
#7915=ORIENTED_EDGE('',*,*,#6151,.T.);
#7916=ORIENTED_EDGE('',*,*,#6089,.F.);
#7917=ORIENTED_EDGE('',*,*,#6155,.T.);
#7918=ORIENTED_EDGE('',*,*,#6156,.F.);
#7919=ORIENTED_EDGE('',*,*,#6157,.F.);
#7920=ORIENTED_EDGE('',*,*,#6158,.T.);
#7921=ORIENTED_EDGE('',*,*,#6159,.T.);
#7922=ORIENTED_EDGE('',*,*,#6153,.T.);
#7923=ORIENTED_EDGE('',*,*,#6087,.F.);
#7924=ORIENTED_EDGE('',*,*,#6160,.F.);
#7925=ORIENTED_EDGE('',*,*,#6161,.F.);
#7926=ORIENTED_EDGE('',*,*,#6162,.F.);
#7927=ORIENTED_EDGE('',*,*,#6163,.F.);
#7928=ORIENTED_EDGE('',*,*,#6155,.F.);
#7929=ORIENTED_EDGE('',*,*,#6086,.F.);
#7930=ORIENTED_EDGE('',*,*,#6068,.F.);
#7931=ORIENTED_EDGE('',*,*,#6164,.F.);
#7932=ORIENTED_EDGE('',*,*,#6160,.T.);
#7933=ORIENTED_EDGE('',*,*,#6037,.T.);
#7934=ORIENTED_EDGE('',*,*,#6165,.T.);
#7935=ORIENTED_EDGE('',*,*,#5981,.F.);
#7936=ORIENTED_EDGE('',*,*,#6165,.F.);
#7937=ORIENTED_EDGE('',*,*,#6166,.F.);
#7938=ORIENTED_EDGE('',*,*,#6167,.F.);
#7939=ORIENTED_EDGE('',*,*,#6168,.F.);
#7940=ORIENTED_EDGE('',*,*,#6169,.T.);
#7941=ORIENTED_EDGE('',*,*,#6162,.T.);
#7942=ORIENTED_EDGE('',*,*,#6170,.F.);
#7943=ORIENTED_EDGE('',*,*,#6171,.T.);
#7944=ORIENTED_EDGE('',*,*,#6172,.T.);
#7945=ORIENTED_EDGE('',*,*,#6173,.T.);
#7946=ORIENTED_EDGE('',*,*,#6163,.T.);
#7947=ORIENTED_EDGE('',*,*,#6169,.F.);
#7948=ORIENTED_EDGE('',*,*,#6174,.T.);
#7949=ORIENTED_EDGE('',*,*,#6175,.F.);
#7950=ORIENTED_EDGE('',*,*,#6156,.T.);
#7951=ORIENTED_EDGE('',*,*,#6173,.F.);
#7952=ORIENTED_EDGE('',*,*,#6176,.T.);
#7953=ORIENTED_EDGE('',*,*,#6172,.F.);
#7954=ORIENTED_EDGE('',*,*,#6177,.T.);
#7955=ORIENTED_EDGE('',*,*,#6178,.F.);
#7956=ORIENTED_EDGE('',*,*,#6179,.F.);
#7957=ORIENTED_EDGE('',*,*,#6180,.F.);
#7958=ORIENTED_EDGE('',*,*,#6181,.T.);
#7959=ORIENTED_EDGE('',*,*,#6171,.F.);
#7960=ORIENTED_EDGE('',*,*,#6170,.T.);
#7961=ORIENTED_EDGE('',*,*,#6161,.T.);
#7962=ORIENTED_EDGE('',*,*,#6182,.T.);
#7963=ORIENTED_EDGE('',*,*,#6183,.T.);
#7964=ORIENTED_EDGE('',*,*,#6177,.F.);
#7965=ORIENTED_EDGE('',*,*,#6184,.T.);
#7966=ORIENTED_EDGE('',*,*,#6185,.T.);
#7967=ORIENTED_EDGE('',*,*,#6182,.F.);
#7968=ORIENTED_EDGE('',*,*,#6164,.T.);
#7969=ORIENTED_EDGE('',*,*,#6186,.T.);
#7970=ORIENTED_EDGE('',*,*,#6184,.F.);
#7971=ORIENTED_EDGE('',*,*,#6067,.T.);
#7972=ORIENTED_EDGE('',*,*,#6187,.T.);
#7973=ORIENTED_EDGE('',*,*,#6188,.T.);
#7974=ORIENTED_EDGE('',*,*,#6189,.T.);
#7975=ORIENTED_EDGE('',*,*,#6190,.T.);
#7976=ORIENTED_EDGE('',*,*,#6187,.F.);
#7977=ORIENTED_EDGE('',*,*,#6189,.F.);
#7978=ORIENTED_EDGE('',*,*,#6191,.T.);
#7979=ORIENTED_EDGE('',*,*,#6192,.T.);
#7980=ORIENTED_EDGE('',*,*,#6193,.F.);
#7981=ORIENTED_EDGE('',*,*,#6194,.F.);
#7982=ORIENTED_EDGE('',*,*,#6188,.F.);
#7983=ORIENTED_EDGE('',*,*,#6066,.T.);
#7984=ORIENTED_EDGE('',*,*,#6195,.F.);
#7985=ORIENTED_EDGE('',*,*,#6196,.F.);
#7986=ORIENTED_EDGE('',*,*,#6197,.F.);
#7987=ORIENTED_EDGE('',*,*,#6191,.F.);
#7988=ORIENTED_EDGE('',*,*,#6198,.T.);
#7989=ORIENTED_EDGE('',*,*,#6138,.T.);
#7990=ORIENTED_EDGE('',*,*,#6199,.T.);
#7991=ORIENTED_EDGE('',*,*,#6200,.T.);
#7992=ORIENTED_EDGE('',*,*,#6198,.F.);
#7993=ORIENTED_EDGE('',*,*,#6201,.T.);
#7994=ORIENTED_EDGE('',*,*,#6202,.T.);
#7995=ORIENTED_EDGE('',*,*,#6136,.T.);
#7996=ORIENTED_EDGE('',*,*,#6195,.T.);
#7997=ORIENTED_EDGE('',*,*,#6065,.T.);
#7998=ORIENTED_EDGE('',*,*,#6203,.T.);
#7999=ORIENTED_EDGE('',*,*,#6204,.T.);
#8000=ORIENTED_EDGE('',*,*,#6205,.T.);
#8001=ORIENTED_EDGE('',*,*,#6206,.T.);
#8002=ORIENTED_EDGE('',*,*,#6203,.F.);
#8003=ORIENTED_EDGE('',*,*,#6080,.T.);
#8004=ORIENTED_EDGE('',*,*,#6207,.T.);
#8005=ORIENTED_EDGE('',*,*,#6208,.T.);
#8006=ORIENTED_EDGE('',*,*,#6205,.F.);
#8007=ORIENTED_EDGE('',*,*,#6082,.T.);
#8008=ORIENTED_EDGE('',*,*,#6209,.T.);
#8009=ORIENTED_EDGE('',*,*,#6210,.T.);
#8010=ORIENTED_EDGE('',*,*,#6207,.F.);
#8011=ORIENTED_EDGE('',*,*,#6083,.T.);
#8012=ORIENTED_EDGE('',*,*,#6211,.T.);
#8013=ORIENTED_EDGE('',*,*,#6212,.T.);
#8014=ORIENTED_EDGE('',*,*,#6209,.F.);
#8015=ORIENTED_EDGE('',*,*,#6044,.T.);
#8016=ORIENTED_EDGE('',*,*,#6213,.T.);
#8017=ORIENTED_EDGE('',*,*,#6214,.T.);
#8018=ORIENTED_EDGE('',*,*,#6211,.F.);
#8019=ORIENTED_EDGE('',*,*,#6124,.T.);
#8020=ORIENTED_EDGE('',*,*,#6215,.T.);
#8021=ORIENTED_EDGE('',*,*,#6216,.T.);
#8022=ORIENTED_EDGE('',*,*,#6213,.F.);
#8023=ORIENTED_EDGE('',*,*,#6126,.T.);
#8024=ORIENTED_EDGE('',*,*,#6217,.T.);
#8025=ORIENTED_EDGE('',*,*,#6218,.T.);
#8026=ORIENTED_EDGE('',*,*,#6215,.F.);
#8027=ORIENTED_EDGE('',*,*,#6128,.T.);
#8028=ORIENTED_EDGE('',*,*,#6219,.T.);
#8029=ORIENTED_EDGE('',*,*,#6220,.T.);
#8030=ORIENTED_EDGE('',*,*,#6217,.F.);
#8031=ORIENTED_EDGE('',*,*,#6130,.T.);
#8032=ORIENTED_EDGE('',*,*,#6221,.T.);
#8033=ORIENTED_EDGE('',*,*,#6222,.T.);
#8034=ORIENTED_EDGE('',*,*,#6219,.F.);
#8035=ORIENTED_EDGE('',*,*,#6132,.T.);
#8036=ORIENTED_EDGE('',*,*,#6202,.F.);
#8037=ORIENTED_EDGE('',*,*,#6223,.T.);
#8038=ORIENTED_EDGE('',*,*,#6221,.F.);
#8039=ORIENTED_EDGE('',*,*,#6134,.T.);
#8040=ORIENTED_EDGE('',*,*,#6224,.T.);
#8041=ORIENTED_EDGE('',*,*,#6225,.T.);
#8042=ORIENTED_EDGE('',*,*,#6199,.F.);
#8043=ORIENTED_EDGE('',*,*,#6140,.T.);
#8044=ORIENTED_EDGE('',*,*,#6226,.T.);
#8045=ORIENTED_EDGE('',*,*,#6227,.T.);
#8046=ORIENTED_EDGE('',*,*,#6224,.F.);
#8047=ORIENTED_EDGE('',*,*,#6142,.T.);
#8048=ORIENTED_EDGE('',*,*,#6228,.T.);
#8049=ORIENTED_EDGE('',*,*,#6229,.T.);
#8050=ORIENTED_EDGE('',*,*,#6226,.F.);
#8051=ORIENTED_EDGE('',*,*,#6144,.T.);
#8052=ORIENTED_EDGE('',*,*,#6230,.T.);
#8053=ORIENTED_EDGE('',*,*,#6231,.T.);
#8054=ORIENTED_EDGE('',*,*,#6228,.F.);
#8055=ORIENTED_EDGE('',*,*,#6146,.T.);
#8056=ORIENTED_EDGE('',*,*,#6232,.T.);
#8057=ORIENTED_EDGE('',*,*,#6233,.T.);
#8058=ORIENTED_EDGE('',*,*,#6230,.F.);
#8059=ORIENTED_EDGE('',*,*,#6148,.T.);
#8060=ORIENTED_EDGE('',*,*,#6234,.T.);
#8061=ORIENTED_EDGE('',*,*,#6235,.T.);
#8062=ORIENTED_EDGE('',*,*,#6232,.F.);
#8063=ORIENTED_EDGE('',*,*,#6150,.T.);
#8064=ORIENTED_EDGE('',*,*,#6236,.T.);
#8065=ORIENTED_EDGE('',*,*,#6237,.T.);
#8066=ORIENTED_EDGE('',*,*,#6234,.F.);
#8067=ORIENTED_EDGE('',*,*,#6152,.T.);
#8068=ORIENTED_EDGE('',*,*,#6238,.T.);
#8069=ORIENTED_EDGE('',*,*,#6236,.F.);
#8070=ORIENTED_EDGE('',*,*,#6154,.T.);
#8071=ORIENTED_EDGE('',*,*,#6159,.F.);
#8072=ORIENTED_EDGE('',*,*,#6239,.T.);
#8073=ORIENTED_EDGE('',*,*,#6181,.F.);
#8074=ORIENTED_EDGE('',*,*,#6240,.T.);
#8075=ORIENTED_EDGE('',*,*,#6239,.F.);
#8076=ORIENTED_EDGE('',*,*,#6158,.F.);
#8077=ORIENTED_EDGE('',*,*,#6157,.T.);
#8078=ORIENTED_EDGE('',*,*,#6175,.T.);
#8079=ORIENTED_EDGE('',*,*,#6176,.F.);
#8080=ORIENTED_EDGE('',*,*,#6174,.F.);
#8081=ORIENTED_EDGE('',*,*,#6241,.T.);
#8082=ORIENTED_EDGE('',*,*,#6242,.T.);
#8083=ORIENTED_EDGE('',*,*,#6243,.T.);
#8084=ORIENTED_EDGE('',*,*,#6027,.F.);
#8085=ORIENTED_EDGE('',*,*,#6244,.T.);
#8086=ORIENTED_EDGE('',*,*,#6245,.T.);
#8087=ORIENTED_EDGE('',*,*,#6241,.F.);
#8088=ORIENTED_EDGE('',*,*,#6030,.F.);
#8089=ORIENTED_EDGE('',*,*,#6246,.T.);
#8090=ORIENTED_EDGE('',*,*,#6247,.T.);
#8091=ORIENTED_EDGE('',*,*,#6244,.F.);
#8092=ORIENTED_EDGE('',*,*,#6029,.F.);
#8093=ORIENTED_EDGE('',*,*,#6243,.F.);
#8094=ORIENTED_EDGE('',*,*,#6248,.T.);
#8095=ORIENTED_EDGE('',*,*,#6246,.F.);
#8096=ORIENTED_EDGE('',*,*,#6028,.F.);
#8097=ORIENTED_EDGE('',*,*,#6248,.F.);
#8098=ORIENTED_EDGE('',*,*,#6242,.F.);
#8099=ORIENTED_EDGE('',*,*,#6245,.F.);
#8100=ORIENTED_EDGE('',*,*,#6247,.F.);
#8101=ORIENTED_EDGE('',*,*,#6249,.T.);
#8102=ORIENTED_EDGE('',*,*,#6250,.T.);
#8103=ORIENTED_EDGE('',*,*,#6251,.T.);
#8104=ORIENTED_EDGE('',*,*,#6031,.F.);
#8105=ORIENTED_EDGE('',*,*,#6252,.T.);
#8106=ORIENTED_EDGE('',*,*,#6253,.T.);
#8107=ORIENTED_EDGE('',*,*,#6249,.F.);
#8108=ORIENTED_EDGE('',*,*,#6034,.F.);
#8109=ORIENTED_EDGE('',*,*,#6254,.T.);
#8110=ORIENTED_EDGE('',*,*,#6255,.T.);
#8111=ORIENTED_EDGE('',*,*,#6252,.F.);
#8112=ORIENTED_EDGE('',*,*,#6033,.F.);
#8113=ORIENTED_EDGE('',*,*,#6251,.F.);
#8114=ORIENTED_EDGE('',*,*,#6256,.T.);
#8115=ORIENTED_EDGE('',*,*,#6254,.F.);
#8116=ORIENTED_EDGE('',*,*,#6032,.F.);
#8117=ORIENTED_EDGE('',*,*,#6256,.F.);
#8118=ORIENTED_EDGE('',*,*,#6250,.F.);
#8119=ORIENTED_EDGE('',*,*,#6253,.F.);
#8120=ORIENTED_EDGE('',*,*,#6255,.F.);
#8121=ORIENTED_EDGE('',*,*,#6035,.F.);
#8122=ORIENTED_EDGE('',*,*,#6257,.T.);
#8123=ORIENTED_EDGE('',*,*,#6168,.T.);
#8124=ORIENTED_EDGE('',*,*,#6257,.F.);
#8125=ORIENTED_EDGE('',*,*,#6258,.F.);
#8126=ORIENTED_EDGE('',*,*,#5994,.F.);
#8127=ORIENTED_EDGE('',*,*,#6041,.T.);
#8128=ORIENTED_EDGE('',*,*,#6259,.T.);
#8129=ORIENTED_EDGE('',*,*,#6260,.T.);
#8130=ORIENTED_EDGE('',*,*,#6261,.T.);
#8131=ORIENTED_EDGE('',*,*,#6262,.F.);
#8132=ORIENTED_EDGE('',*,*,#5955,.F.);
#8133=ORIENTED_EDGE('',*,*,#5986,.F.);
#8134=ORIENTED_EDGE('',*,*,#5985,.F.);
#8135=ORIENTED_EDGE('',*,*,#5995,.F.);
#8136=ORIENTED_EDGE('',*,*,#6258,.T.);
#8137=ORIENTED_EDGE('',*,*,#5954,.F.);
#8138=ORIENTED_EDGE('',*,*,#6263,.F.);
#8139=ORIENTED_EDGE('',*,*,#6039,.T.);
#8140=ORIENTED_EDGE('',*,*,#5987,.F.);
#8141=ORIENTED_EDGE('',*,*,#6263,.T.);
#8142=ORIENTED_EDGE('',*,*,#5953,.F.);
#8143=ORIENTED_EDGE('',*,*,#6264,.F.);
#8144=ORIENTED_EDGE('',*,*,#6265,.T.);
#8145=ORIENTED_EDGE('',*,*,#6266,.T.);
#8146=ORIENTED_EDGE('',*,*,#6267,.T.);
#8147=ORIENTED_EDGE('',*,*,#6268,.F.);
#8148=ORIENTED_EDGE('',*,*,#6058,.F.);
#8149=ORIENTED_EDGE('',*,*,#6062,.F.);
#8150=ORIENTED_EDGE('',*,*,#6269,.T.);
#8151=ORIENTED_EDGE('',*,*,#6270,.T.);
#8152=ORIENTED_EDGE('',*,*,#6271,.T.);
#8153=ORIENTED_EDGE('',*,*,#6272,.F.);
#8154=ORIENTED_EDGE('',*,*,#5908,.F.);
#8155=ORIENTED_EDGE('',*,*,#6273,.F.);
#8156=ORIENTED_EDGE('',*,*,#6055,.F.);
#8157=ORIENTED_EDGE('',*,*,#6059,.F.);
#8158=ORIENTED_EDGE('',*,*,#6268,.T.);
#8159=ORIENTED_EDGE('',*,*,#5907,.F.);
#8160=ORIENTED_EDGE('',*,*,#6274,.F.);
#8161=ORIENTED_EDGE('',*,*,#6050,.F.);
#8162=ORIENTED_EDGE('',*,*,#6049,.F.);
#8163=ORIENTED_EDGE('',*,*,#6273,.T.);
#8164=ORIENTED_EDGE('',*,*,#5906,.F.);
#8165=ORIENTED_EDGE('',*,*,#6060,.F.);
#8166=ORIENTED_EDGE('',*,*,#6051,.F.);
#8167=ORIENTED_EDGE('',*,*,#6274,.T.);
#8168=ORIENTED_EDGE('',*,*,#5905,.F.);
#8169=ORIENTED_EDGE('',*,*,#6275,.F.);
#8170=ORIENTED_EDGE('',*,*,#6276,.T.);
#8171=ORIENTED_EDGE('',*,*,#6277,.T.);
#8172=ORIENTED_EDGE('',*,*,#6278,.T.);
#8173=ORIENTED_EDGE('',*,*,#6278,.F.);
#8174=ORIENTED_EDGE('',*,*,#6279,.T.);
#8175=ORIENTED_EDGE('',*,*,#6269,.F.);
#8176=ORIENTED_EDGE('',*,*,#6061,.F.);
#8177=ORIENTED_EDGE('',*,*,#6280,.T.);
#8178=ORIENTED_EDGE('',*,*,#6281,.F.);
#8179=ORIENTED_EDGE('',*,*,#6282,.T.);
#8180=ORIENTED_EDGE('',*,*,#6283,.F.);
#8181=ORIENTED_EDGE('',*,*,#6284,.T.);
#8182=ORIENTED_EDGE('',*,*,#6285,.T.);
#8183=ORIENTED_EDGE('',*,*,#6286,.T.);
#8184=ORIENTED_EDGE('',*,*,#6270,.F.);
#8185=ORIENTED_EDGE('',*,*,#6279,.F.);
#8186=ORIENTED_EDGE('',*,*,#6277,.F.);
#8187=ORIENTED_EDGE('',*,*,#6287,.T.);
#8188=ORIENTED_EDGE('',*,*,#6288,.F.);
#8189=ORIENTED_EDGE('',*,*,#6289,.F.);
#8190=ORIENTED_EDGE('',*,*,#6290,.F.);
#8191=ORIENTED_EDGE('',*,*,#6192,.F.);
#8192=ORIENTED_EDGE('',*,*,#6197,.T.);
#8193=ORIENTED_EDGE('',*,*,#6291,.F.);
#8194=ORIENTED_EDGE('',*,*,#6292,.F.);
#8195=ORIENTED_EDGE('',*,*,#6284,.F.);
#8196=ORIENTED_EDGE('',*,*,#6293,.F.);
#8197=ORIENTED_EDGE('',*,*,#6294,.F.);
#8198=ORIENTED_EDGE('',*,*,#6295,.F.);
#8199=ORIENTED_EDGE('',*,*,#6190,.F.);
#8200=ORIENTED_EDGE('',*,*,#6194,.T.);
#8201=ORIENTED_EDGE('',*,*,#6296,.T.);
#8202=ORIENTED_EDGE('',*,*,#6297,.T.);
#8203=ORIENTED_EDGE('',*,*,#6298,.T.);
#8204=ORIENTED_EDGE('',*,*,#6299,.T.);
#8205=ORIENTED_EDGE('',*,*,#6300,.F.);
#8206=ORIENTED_EDGE('',*,*,#6301,.T.);
#8207=ORIENTED_EDGE('',*,*,#6178,.T.);
#8208=ORIENTED_EDGE('',*,*,#6183,.F.);
#8209=ORIENTED_EDGE('',*,*,#6185,.F.);
#8210=ORIENTED_EDGE('',*,*,#6186,.F.);
#8211=ORIENTED_EDGE('',*,*,#6302,.T.);
#8212=ORIENTED_EDGE('',*,*,#6259,.F.);
#8213=ORIENTED_EDGE('',*,*,#6040,.T.);
#8214=ORIENTED_EDGE('',*,*,#6267,.F.);
#8215=ORIENTED_EDGE('',*,*,#6288,.T.);
#8216=ORIENTED_EDGE('',*,*,#6303,.T.);
#8217=ORIENTED_EDGE('',*,*,#6304,.F.);
#8218=ORIENTED_EDGE('',*,*,#6293,.T.);
#8219=ORIENTED_EDGE('',*,*,#6305,.F.);
#8220=ORIENTED_EDGE('',*,*,#6306,.T.);
#8221=ORIENTED_EDGE('',*,*,#6307,.F.);
#8222=ORIENTED_EDGE('',*,*,#6308,.T.);
#8223=ORIENTED_EDGE('',*,*,#6309,.F.);
#8224=ORIENTED_EDGE('',*,*,#6308,.F.);
#8225=ORIENTED_EDGE('',*,*,#6310,.F.);
#8226=ORIENTED_EDGE('',*,*,#6311,.F.);
#8227=ORIENTED_EDGE('',*,*,#6312,.F.);
#8228=ORIENTED_EDGE('',*,*,#6313,.T.);
#8229=ORIENTED_EDGE('',*,*,#6314,.F.);
#8230=ORIENTED_EDGE('',*,*,#6315,.F.);
#8231=ORIENTED_EDGE('',*,*,#6316,.T.);
#8232=ORIENTED_EDGE('',*,*,#6317,.T.);
#8233=ORIENTED_EDGE('',*,*,#6316,.F.);
#8234=ORIENTED_EDGE('',*,*,#6318,.F.);
#8235=ORIENTED_EDGE('',*,*,#6310,.T.);
#8236=ORIENTED_EDGE('',*,*,#6307,.T.);
#8237=ORIENTED_EDGE('',*,*,#6319,.T.);
#8238=ORIENTED_EDGE('',*,*,#6285,.F.);
#8239=ORIENTED_EDGE('',*,*,#6292,.T.);
#8240=ORIENTED_EDGE('',*,*,#6320,.T.);
#8241=ORIENTED_EDGE('',*,*,#6321,.T.);
#8242=ORIENTED_EDGE('',*,*,#6320,.F.);
#8243=ORIENTED_EDGE('',*,*,#6291,.T.);
#8244=ORIENTED_EDGE('',*,*,#6322,.F.);
#8245=ORIENTED_EDGE('',*,*,#6323,.T.);
#8246=ORIENTED_EDGE('',*,*,#6324,.T.);
#8247=ORIENTED_EDGE('',*,*,#6323,.F.);
#8248=ORIENTED_EDGE('',*,*,#6325,.F.);
#8249=ORIENTED_EDGE('',*,*,#6326,.T.);
#8250=ORIENTED_EDGE('',*,*,#6327,.T.);
#8251=ORIENTED_EDGE('',*,*,#6326,.F.);
#8252=ORIENTED_EDGE('',*,*,#6328,.F.);
#8253=ORIENTED_EDGE('',*,*,#6329,.T.);
#8254=ORIENTED_EDGE('',*,*,#6330,.T.);
#8255=ORIENTED_EDGE('',*,*,#6329,.F.);
#8256=ORIENTED_EDGE('',*,*,#6331,.F.);
#8257=ORIENTED_EDGE('',*,*,#6332,.T.);
#8258=ORIENTED_EDGE('',*,*,#6333,.T.);
#8259=ORIENTED_EDGE('',*,*,#6332,.F.);
#8260=ORIENTED_EDGE('',*,*,#6334,.F.);
#8261=ORIENTED_EDGE('',*,*,#6335,.T.);
#8262=ORIENTED_EDGE('',*,*,#6336,.T.);
#8263=ORIENTED_EDGE('',*,*,#6335,.F.);
#8264=ORIENTED_EDGE('',*,*,#6337,.F.);
#8265=ORIENTED_EDGE('',*,*,#6338,.T.);
#8266=ORIENTED_EDGE('',*,*,#6339,.T.);
#8267=ORIENTED_EDGE('',*,*,#6338,.F.);
#8268=ORIENTED_EDGE('',*,*,#6340,.F.);
#8269=ORIENTED_EDGE('',*,*,#6341,.T.);
#8270=ORIENTED_EDGE('',*,*,#6342,.T.);
#8271=ORIENTED_EDGE('',*,*,#6341,.F.);
#8272=ORIENTED_EDGE('',*,*,#6343,.F.);
#8273=ORIENTED_EDGE('',*,*,#6344,.T.);
#8274=ORIENTED_EDGE('',*,*,#6345,.T.);
#8275=ORIENTED_EDGE('',*,*,#6344,.F.);
#8276=ORIENTED_EDGE('',*,*,#6346,.F.);
#8277=ORIENTED_EDGE('',*,*,#6347,.T.);
#8278=ORIENTED_EDGE('',*,*,#6348,.T.);
#8279=ORIENTED_EDGE('',*,*,#6347,.F.);
#8280=ORIENTED_EDGE('',*,*,#6349,.F.);
#8281=ORIENTED_EDGE('',*,*,#6350,.T.);
#8282=ORIENTED_EDGE('',*,*,#6351,.T.);
#8283=ORIENTED_EDGE('',*,*,#6350,.F.);
#8284=ORIENTED_EDGE('',*,*,#6352,.F.);
#8285=ORIENTED_EDGE('',*,*,#6353,.T.);
#8286=ORIENTED_EDGE('',*,*,#6354,.T.);
#8287=ORIENTED_EDGE('',*,*,#6353,.F.);
#8288=ORIENTED_EDGE('',*,*,#6355,.F.);
#8289=ORIENTED_EDGE('',*,*,#6356,.T.);
#8290=ORIENTED_EDGE('',*,*,#6357,.T.);
#8291=ORIENTED_EDGE('',*,*,#6358,.T.);
#8292=ORIENTED_EDGE('',*,*,#6356,.F.);
#8293=ORIENTED_EDGE('',*,*,#6359,.F.);
#8294=ORIENTED_EDGE('',*,*,#6360,.T.);
#8295=ORIENTED_EDGE('',*,*,#6361,.T.);
#8296=ORIENTED_EDGE('',*,*,#6357,.F.);
#8297=ORIENTED_EDGE('',*,*,#6362,.F.);
#8298=ORIENTED_EDGE('',*,*,#6363,.T.);
#8299=ORIENTED_EDGE('',*,*,#6364,.T.);
#8300=ORIENTED_EDGE('',*,*,#6260,.F.);
#8301=ORIENTED_EDGE('',*,*,#6302,.F.);
#8302=ORIENTED_EDGE('',*,*,#6266,.F.);
#8303=ORIENTED_EDGE('',*,*,#6365,.T.);
#8304=ORIENTED_EDGE('',*,*,#6360,.F.);
#8305=ORIENTED_EDGE('',*,*,#6366,.F.);
#8306=ORIENTED_EDGE('',*,*,#6367,.T.);
#8307=ORIENTED_EDGE('',*,*,#6363,.F.);
#8308=ORIENTED_EDGE('',*,*,#6368,.F.);
#8309=ORIENTED_EDGE('',*,*,#6369,.T.);
#8310=ORIENTED_EDGE('',*,*,#6370,.T.);
#8311=ORIENTED_EDGE('',*,*,#6369,.F.);
#8312=ORIENTED_EDGE('',*,*,#6371,.F.);
#8313=ORIENTED_EDGE('',*,*,#6372,.T.);
#8314=ORIENTED_EDGE('',*,*,#6373,.T.);
#8315=ORIENTED_EDGE('',*,*,#6372,.F.);
#8316=ORIENTED_EDGE('',*,*,#6374,.F.);
#8317=ORIENTED_EDGE('',*,*,#6375,.T.);
#8318=ORIENTED_EDGE('',*,*,#6376,.T.);
#8319=ORIENTED_EDGE('',*,*,#6375,.F.);
#8320=ORIENTED_EDGE('',*,*,#6377,.F.);
#8321=ORIENTED_EDGE('',*,*,#6378,.T.);
#8322=ORIENTED_EDGE('',*,*,#6379,.T.);
#8323=ORIENTED_EDGE('',*,*,#6378,.F.);
#8324=ORIENTED_EDGE('',*,*,#6380,.F.);
#8325=ORIENTED_EDGE('',*,*,#6381,.T.);
#8326=ORIENTED_EDGE('',*,*,#6382,.T.);
#8327=ORIENTED_EDGE('',*,*,#6381,.F.);
#8328=ORIENTED_EDGE('',*,*,#6383,.F.);
#8329=ORIENTED_EDGE('',*,*,#6384,.T.);
#8330=ORIENTED_EDGE('',*,*,#6385,.T.);
#8331=ORIENTED_EDGE('',*,*,#6384,.F.);
#8332=ORIENTED_EDGE('',*,*,#6386,.F.);
#8333=ORIENTED_EDGE('',*,*,#6387,.T.);
#8334=ORIENTED_EDGE('',*,*,#6388,.T.);
#8335=ORIENTED_EDGE('',*,*,#6387,.F.);
#8336=ORIENTED_EDGE('',*,*,#6389,.F.);
#8337=ORIENTED_EDGE('',*,*,#6390,.T.);
#8338=ORIENTED_EDGE('',*,*,#6391,.T.);
#8339=ORIENTED_EDGE('',*,*,#6390,.F.);
#8340=ORIENTED_EDGE('',*,*,#6392,.F.);
#8341=ORIENTED_EDGE('',*,*,#6393,.T.);
#8342=ORIENTED_EDGE('',*,*,#6394,.T.);
#8343=ORIENTED_EDGE('',*,*,#6393,.F.);
#8344=ORIENTED_EDGE('',*,*,#6395,.F.);
#8345=ORIENTED_EDGE('',*,*,#6396,.T.);
#8346=ORIENTED_EDGE('',*,*,#6397,.T.);
#8347=ORIENTED_EDGE('',*,*,#6396,.F.);
#8348=ORIENTED_EDGE('',*,*,#6398,.F.);
#8349=ORIENTED_EDGE('',*,*,#6399,.T.);
#8350=ORIENTED_EDGE('',*,*,#6400,.T.);
#8351=ORIENTED_EDGE('',*,*,#6399,.F.);
#8352=ORIENTED_EDGE('',*,*,#6401,.F.);
#8353=ORIENTED_EDGE('',*,*,#6402,.T.);
#8354=ORIENTED_EDGE('',*,*,#6403,.T.);
#8355=ORIENTED_EDGE('',*,*,#6402,.F.);
#8356=ORIENTED_EDGE('',*,*,#6404,.F.);
#8357=ORIENTED_EDGE('',*,*,#6405,.T.);
#8358=ORIENTED_EDGE('',*,*,#6406,.T.);
#8359=ORIENTED_EDGE('',*,*,#6405,.F.);
#8360=ORIENTED_EDGE('',*,*,#6407,.F.);
#8361=ORIENTED_EDGE('',*,*,#6408,.T.);
#8362=ORIENTED_EDGE('',*,*,#6409,.T.);
#8363=ORIENTED_EDGE('',*,*,#6408,.F.);
#8364=ORIENTED_EDGE('',*,*,#6410,.F.);
#8365=ORIENTED_EDGE('',*,*,#6411,.T.);
#8366=ORIENTED_EDGE('',*,*,#6412,.T.);
#8367=ORIENTED_EDGE('',*,*,#6411,.F.);
#8368=ORIENTED_EDGE('',*,*,#6413,.F.);
#8369=ORIENTED_EDGE('',*,*,#6414,.T.);
#8370=ORIENTED_EDGE('',*,*,#6415,.T.);
#8371=ORIENTED_EDGE('',*,*,#6414,.F.);
#8372=ORIENTED_EDGE('',*,*,#6416,.F.);
#8373=ORIENTED_EDGE('',*,*,#6314,.T.);
#8374=ORIENTED_EDGE('',*,*,#6417,.T.);
#8375=ORIENTED_EDGE('',*,*,#6305,.T.);
#8376=ORIENTED_EDGE('',*,*,#6309,.T.);
#8377=ORIENTED_EDGE('',*,*,#6418,.T.);
#8378=ORIENTED_EDGE('',*,*,#6419,.T.);
#8379=ORIENTED_EDGE('',*,*,#6420,.F.);
#8380=ORIENTED_EDGE('',*,*,#6421,.T.);
#8381=ORIENTED_EDGE('',*,*,#6422,.T.);
#8382=ORIENTED_EDGE('',*,*,#6240,.F.);
#8383=ORIENTED_EDGE('',*,*,#6180,.T.);
#8384=ORIENTED_EDGE('',*,*,#6423,.F.);
#8385=ORIENTED_EDGE('',*,*,#6318,.T.);
#8386=ORIENTED_EDGE('',*,*,#6315,.T.);
#8387=ORIENTED_EDGE('',*,*,#6416,.T.);
#8388=ORIENTED_EDGE('',*,*,#6413,.T.);
#8389=ORIENTED_EDGE('',*,*,#6410,.T.);
#8390=ORIENTED_EDGE('',*,*,#6407,.T.);
#8391=ORIENTED_EDGE('',*,*,#6404,.T.);
#8392=ORIENTED_EDGE('',*,*,#6401,.T.);
#8393=ORIENTED_EDGE('',*,*,#6398,.T.);
#8394=ORIENTED_EDGE('',*,*,#6395,.T.);
#8395=ORIENTED_EDGE('',*,*,#6392,.T.);
#8396=ORIENTED_EDGE('',*,*,#6389,.T.);
#8397=ORIENTED_EDGE('',*,*,#6386,.T.);
#8398=ORIENTED_EDGE('',*,*,#6383,.T.);
#8399=ORIENTED_EDGE('',*,*,#6380,.T.);
#8400=ORIENTED_EDGE('',*,*,#6377,.T.);
#8401=ORIENTED_EDGE('',*,*,#6374,.T.);
#8402=ORIENTED_EDGE('',*,*,#6371,.T.);
#8403=ORIENTED_EDGE('',*,*,#6368,.T.);
#8404=ORIENTED_EDGE('',*,*,#6366,.T.);
#8405=ORIENTED_EDGE('',*,*,#6362,.T.);
#8406=ORIENTED_EDGE('',*,*,#6359,.T.);
#8407=ORIENTED_EDGE('',*,*,#6355,.T.);
#8408=ORIENTED_EDGE('',*,*,#6352,.T.);
#8409=ORIENTED_EDGE('',*,*,#6349,.T.);
#8410=ORIENTED_EDGE('',*,*,#6346,.T.);
#8411=ORIENTED_EDGE('',*,*,#6343,.T.);
#8412=ORIENTED_EDGE('',*,*,#6340,.T.);
#8413=ORIENTED_EDGE('',*,*,#6337,.T.);
#8414=ORIENTED_EDGE('',*,*,#6334,.T.);
#8415=ORIENTED_EDGE('',*,*,#6331,.T.);
#8416=ORIENTED_EDGE('',*,*,#6328,.T.);
#8417=ORIENTED_EDGE('',*,*,#6325,.T.);
#8418=ORIENTED_EDGE('',*,*,#6322,.T.);
#8419=ORIENTED_EDGE('',*,*,#6196,.T.);
#8420=ORIENTED_EDGE('',*,*,#6204,.F.);
#8421=ORIENTED_EDGE('',*,*,#6206,.F.);
#8422=ORIENTED_EDGE('',*,*,#6208,.F.);
#8423=ORIENTED_EDGE('',*,*,#6210,.F.);
#8424=ORIENTED_EDGE('',*,*,#6212,.F.);
#8425=ORIENTED_EDGE('',*,*,#6214,.F.);
#8426=ORIENTED_EDGE('',*,*,#6216,.F.);
#8427=ORIENTED_EDGE('',*,*,#6218,.F.);
#8428=ORIENTED_EDGE('',*,*,#6220,.F.);
#8429=ORIENTED_EDGE('',*,*,#6222,.F.);
#8430=ORIENTED_EDGE('',*,*,#6223,.F.);
#8431=ORIENTED_EDGE('',*,*,#6201,.F.);
#8432=ORIENTED_EDGE('',*,*,#6200,.F.);
#8433=ORIENTED_EDGE('',*,*,#6225,.F.);
#8434=ORIENTED_EDGE('',*,*,#6227,.F.);
#8435=ORIENTED_EDGE('',*,*,#6229,.F.);
#8436=ORIENTED_EDGE('',*,*,#6231,.F.);
#8437=ORIENTED_EDGE('',*,*,#6233,.F.);
#8438=ORIENTED_EDGE('',*,*,#6235,.F.);
#8439=ORIENTED_EDGE('',*,*,#6237,.F.);
#8440=ORIENTED_EDGE('',*,*,#6238,.F.);
#8441=ORIENTED_EDGE('',*,*,#6424,.T.);
#8442=ORIENTED_EDGE('',*,*,#6425,.T.);
#8443=ORIENTED_EDGE('',*,*,#5893,.T.);
#8444=ORIENTED_EDGE('',*,*,#6426,.F.);
#8445=ORIENTED_EDGE('',*,*,#6427,.T.);
#8446=ORIENTED_EDGE('',*,*,#6428,.F.);
#8447=ORIENTED_EDGE('',*,*,#5901,.F.);
#8448=ORIENTED_EDGE('',*,*,#6429,.F.);
#8449=ORIENTED_EDGE('',*,*,#6312,.T.);
#8450=ORIENTED_EDGE('',*,*,#6430,.F.);
#8451=ORIENTED_EDGE('',*,*,#6431,.F.);
#8452=ORIENTED_EDGE('',*,*,#6432,.F.);
#8453=ORIENTED_EDGE('',*,*,#6295,.T.);
#8454=ORIENTED_EDGE('',*,*,#6433,.F.);
#8455=ORIENTED_EDGE('',*,*,#6434,.T.);
#8456=ORIENTED_EDGE('',*,*,#6418,.F.);
#8457=ORIENTED_EDGE('',*,*,#6435,.T.);
#8458=ORIENTED_EDGE('',*,*,#6436,.F.);
#8459=ORIENTED_EDGE('',*,*,#5894,.F.);
#8460=ORIENTED_EDGE('',*,*,#6425,.F.);
#8461=ORIENTED_EDGE('',*,*,#6437,.T.);
#8462=ORIENTED_EDGE('',*,*,#6422,.F.);
#8463=ORIENTED_EDGE('',*,*,#6438,.T.);
#8464=ORIENTED_EDGE('',*,*,#6439,.T.);
#8465=ORIENTED_EDGE('',*,*,#6440,.T.);
#8466=ORIENTED_EDGE('',*,*,#6441,.F.);
#8467=ORIENTED_EDGE('',*,*,#5909,.F.);
#8468=ORIENTED_EDGE('',*,*,#6272,.T.);
#8469=ORIENTED_EDGE('',*,*,#6289,.T.);
#8470=ORIENTED_EDGE('',*,*,#6432,.T.);
#8471=ORIENTED_EDGE('',*,*,#6442,.F.);
#8472=ORIENTED_EDGE('',*,*,#6443,.F.);
#8473=ORIENTED_EDGE('',*,*,#6444,.T.);
#8474=ORIENTED_EDGE('',*,*,#6445,.F.);
#8475=ORIENTED_EDGE('',*,*,#5920,.F.);
#8476=ORIENTED_EDGE('',*,*,#6446,.T.);
#8477=ORIENTED_EDGE('',*,*,#6447,.T.);
#8478=ORIENTED_EDGE('',*,*,#6448,.F.);
#8479=ORIENTED_EDGE('',*,*,#5974,.F.);
#8480=ORIENTED_EDGE('',*,*,#6449,.T.);
#8481=ORIENTED_EDGE('',*,*,#6450,.T.);
#8482=ORIENTED_EDGE('',*,*,#6451,.F.);
#8483=ORIENTED_EDGE('',*,*,#5915,.F.);
#8484=ORIENTED_EDGE('',*,*,#5860,.T.);
#8485=ORIENTED_EDGE('',*,*,#5865,.T.);
#8486=ORIENTED_EDGE('',*,*,#5862,.F.);
#8487=ORIENTED_EDGE('',*,*,#5978,.F.);
#8488=ORIENTED_EDGE('',*,*,#6452,.T.);
#8489=ORIENTED_EDGE('',*,*,#6453,.T.);
#8490=ORIENTED_EDGE('',*,*,#6449,.F.);
#8491=ORIENTED_EDGE('',*,*,#5973,.F.);
#8492=ORIENTED_EDGE('',*,*,#6454,.T.);
#8493=ORIENTED_EDGE('',*,*,#6455,.T.);
#8494=ORIENTED_EDGE('',*,*,#6456,.F.);
#8495=ORIENTED_EDGE('',*,*,#5961,.F.);
#8496=ORIENTED_EDGE('',*,*,#6457,.T.);
#8497=ORIENTED_EDGE('',*,*,#6458,.T.);
#8498=ORIENTED_EDGE('',*,*,#6459,.F.);
#8499=ORIENTED_EDGE('',*,*,#5965,.F.);
#8500=ORIENTED_EDGE('',*,*,#6460,.T.);
#8501=ORIENTED_EDGE('',*,*,#6461,.T.);
#8502=ORIENTED_EDGE('',*,*,#6462,.F.);
#8503=ORIENTED_EDGE('',*,*,#5969,.F.);
#8504=ORIENTED_EDGE('',*,*,#6463,.T.);
#8505=ORIENTED_EDGE('',*,*,#6464,.T.);
#8506=ORIENTED_EDGE('',*,*,#6264,.T.);
#8507=ORIENTED_EDGE('',*,*,#5952,.F.);
#8508=ORIENTED_EDGE('',*,*,#6465,.T.);
#8509=ORIENTED_EDGE('',*,*,#6466,.T.);
#8510=ORIENTED_EDGE('',*,*,#6467,.T.);
#8511=ORIENTED_EDGE('',*,*,#6468,.F.);
#8512=ORIENTED_EDGE('',*,*,#6297,.F.);
#8513=ORIENTED_EDGE('',*,*,#6290,.T.);
#8514=ORIENTED_EDGE('',*,*,#6443,.T.);
#8515=ORIENTED_EDGE('',*,*,#6466,.F.);
#8516=ORIENTED_EDGE('',*,*,#6296,.F.);
#8517=ORIENTED_EDGE('',*,*,#6193,.T.);
#8518=ORIENTED_EDGE('',*,*,#6469,.T.);
#8519=ORIENTED_EDGE('',*,*,#6470,.T.);
#8520=ORIENTED_EDGE('',*,*,#6471,.T.);
#8521=ORIENTED_EDGE('',*,*,#6472,.T.);
#8522=ORIENTED_EDGE('',*,*,#6473,.T.);
#8523=ORIENTED_EDGE('',*,*,#6474,.T.);
#8524=ORIENTED_EDGE('',*,*,#6475,.T.);
#8525=ORIENTED_EDGE('',*,*,#6476,.T.);
#8526=ORIENTED_EDGE('',*,*,#6477,.T.);
#8527=ORIENTED_EDGE('',*,*,#6478,.T.);
#8528=ORIENTED_EDGE('',*,*,#6479,.T.);
#8529=ORIENTED_EDGE('',*,*,#6480,.F.);
#8530=ORIENTED_EDGE('',*,*,#6300,.T.);
#8531=ORIENTED_EDGE('',*,*,#6481,.T.);
#8532=ORIENTED_EDGE('',*,*,#6479,.F.);
#8533=ORIENTED_EDGE('',*,*,#6482,.T.);
#8534=ORIENTED_EDGE('',*,*,#6483,.T.);
#8535=ORIENTED_EDGE('',*,*,#6431,.T.);
#8536=ORIENTED_EDGE('',*,*,#6442,.T.);
#8537=ORIENTED_EDGE('',*,*,#6483,.F.);
#8538=ORIENTED_EDGE('',*,*,#6484,.T.);
#8539=ORIENTED_EDGE('',*,*,#6467,.F.);
#8540=ORIENTED_EDGE('',*,*,#6485,.T.);
#8541=ORIENTED_EDGE('',*,*,#6275,.T.);
#8542=ORIENTED_EDGE('',*,*,#5904,.F.);
#8543=ORIENTED_EDGE('',*,*,#6486,.T.);
#8544=ORIENTED_EDGE('',*,*,#6480,.T.);
#8545=ORIENTED_EDGE('',*,*,#6430,.T.);
#8546=ORIENTED_EDGE('',*,*,#6311,.T.);
#8547=ORIENTED_EDGE('',*,*,#6423,.T.);
#8548=ORIENTED_EDGE('',*,*,#6179,.T.);
#8549=ORIENTED_EDGE('',*,*,#6301,.F.);
#8550=ORIENTED_EDGE('',*,*,#6484,.F.);
#8551=ORIENTED_EDGE('',*,*,#6487,.F.);
#8552=ORIENTED_EDGE('',*,*,#6298,.F.);
#8553=ORIENTED_EDGE('',*,*,#6468,.T.);
#8554=ORIENTED_EDGE('',*,*,#6481,.F.);
#8555=ORIENTED_EDGE('',*,*,#6299,.F.);
#8556=ORIENTED_EDGE('',*,*,#6487,.T.);
#8557=ORIENTED_EDGE('',*,*,#6482,.F.);
#8558=ORIENTED_EDGE('',*,*,#6488,.F.);
#8559=ORIENTED_EDGE('',*,*,#6489,.F.);
#8560=ORIENTED_EDGE('',*,*,#5900,.F.);
#8561=ORIENTED_EDGE('',*,*,#6490,.F.);
#8562=ORIENTED_EDGE('',*,*,#6491,.F.);
#8563=ORIENTED_EDGE('',*,*,#6490,.T.);
#8564=ORIENTED_EDGE('',*,*,#5899,.F.);
#8565=ORIENTED_EDGE('',*,*,#6492,.F.);
#8566=ORIENTED_EDGE('',*,*,#6493,.F.);
#8567=ORIENTED_EDGE('',*,*,#6420,.T.);
#8568=ORIENTED_EDGE('',*,*,#6494,.F.);
#8569=ORIENTED_EDGE('',*,*,#6495,.T.);
#8570=ORIENTED_EDGE('',*,*,#6494,.T.);
#8571=ORIENTED_EDGE('',*,*,#6419,.F.);
#8572=ORIENTED_EDGE('',*,*,#6434,.F.);
#8573=ORIENTED_EDGE('',*,*,#6496,.F.);
#8574=ORIENTED_EDGE('',*,*,#6283,.T.);
#8575=ORIENTED_EDGE('',*,*,#6497,.T.);
#8576=ORIENTED_EDGE('',*,*,#6491,.T.);
#8577=ORIENTED_EDGE('',*,*,#6498,.F.);
#8578=ORIENTED_EDGE('',*,*,#6499,.F.);
#8579=ORIENTED_EDGE('',*,*,#6438,.F.);
#8580=ORIENTED_EDGE('',*,*,#6421,.F.);
#8581=ORIENTED_EDGE('',*,*,#6493,.T.);
#8582=ORIENTED_EDGE('',*,*,#6500,.T.);
#8583=ORIENTED_EDGE('',*,*,#6281,.T.);
#8584=ORIENTED_EDGE('',*,*,#6501,.F.);
#8585=ORIENTED_EDGE('',*,*,#6488,.T.);
#8586=ORIENTED_EDGE('',*,*,#6304,.T.);
#8587=ORIENTED_EDGE('',*,*,#6502,.T.);
#8588=ORIENTED_EDGE('',*,*,#6429,.T.);
#8589=ORIENTED_EDGE('',*,*,#6489,.T.);
#8590=ORIENTED_EDGE('',*,*,#6501,.T.);
#8591=ORIENTED_EDGE('',*,*,#6280,.F.);
#8592=ORIENTED_EDGE('',*,*,#6496,.T.);
#8593=ORIENTED_EDGE('',*,*,#6433,.T.);
#8594=ORIENTED_EDGE('',*,*,#6294,.T.);
#8595=ORIENTED_EDGE('',*,*,#6495,.F.);
#8596=ORIENTED_EDGE('',*,*,#6497,.F.);
#8597=ORIENTED_EDGE('',*,*,#6282,.F.);
#8598=ORIENTED_EDGE('',*,*,#6500,.F.);
#8599=ORIENTED_EDGE('',*,*,#6026,.F.);
#8600=ORIENTED_EDGE('',*,*,#6503,.T.);
#8601=ORIENTED_EDGE('',*,*,#6166,.T.);
#8602=ORIENTED_EDGE('',*,*,#6503,.F.);
#8603=ORIENTED_EDGE('',*,*,#6036,.F.);
#8604=ORIENTED_EDGE('',*,*,#6504,.T.);
#8605=ORIENTED_EDGE('',*,*,#6167,.T.);
#8606=ORIENTED_EDGE('',*,*,#6504,.F.);
#8607=ORIENTED_EDGE('',*,*,#6505,.T.);
#8608=ORIENTED_EDGE('',*,*,#6506,.F.);
#8609=ORIENTED_EDGE('',*,*,#5956,.F.);
#8610=ORIENTED_EDGE('',*,*,#6262,.T.);
#8611=ORIENTED_EDGE('',*,*,#6507,.T.);
#8612=ORIENTED_EDGE('',*,*,#6508,.F.);
#8613=ORIENTED_EDGE('',*,*,#5927,.F.);
#8614=ORIENTED_EDGE('',*,*,#6509,.T.);
#8615=ORIENTED_EDGE('',*,*,#6510,.T.);
#8616=ORIENTED_EDGE('',*,*,#6511,.F.);
#8617=ORIENTED_EDGE('',*,*,#5930,.T.);
#8618=ORIENTED_EDGE('',*,*,#6512,.T.);
#8619=ORIENTED_EDGE('',*,*,#6513,.T.);
#8620=ORIENTED_EDGE('',*,*,#6514,.F.);
#8621=ORIENTED_EDGE('',*,*,#5887,.F.);
#8622=ORIENTED_EDGE('',*,*,#6515,.T.);
#8623=ORIENTED_EDGE('',*,*,#6516,.F.);
#8624=ORIENTED_EDGE('',*,*,#6517,.T.);
#8625=ORIENTED_EDGE('',*,*,#5914,.F.);
#8626=ORIENTED_EDGE('',*,*,#6517,.F.);
#8627=ORIENTED_EDGE('',*,*,#6516,.T.);
#8628=ORIENTED_EDGE('',*,*,#6499,.T.);
#8629=ORIENTED_EDGE('',*,*,#6518,.T.);
#8630=ORIENTED_EDGE('',*,*,#5897,.F.);
#8631=ORIENTED_EDGE('',*,*,#6519,.F.);
#8632=ORIENTED_EDGE('',*,*,#6520,.F.);
#8633=ORIENTED_EDGE('',*,*,#6439,.F.);
#8634=ORIENTED_EDGE('',*,*,#6492,.T.);
#8635=ORIENTED_EDGE('',*,*,#5898,.F.);
#8636=ORIENTED_EDGE('',*,*,#6518,.F.);
#8637=ORIENTED_EDGE('',*,*,#6498,.T.);
#8638=ORIENTED_EDGE('',*,*,#6521,.T.);
#8639=ORIENTED_EDGE('',*,*,#6522,.T.);
#8640=ORIENTED_EDGE('',*,*,#5949,.T.);
#8641=ORIENTED_EDGE('',*,*,#6522,.F.);
#8642=ORIENTED_EDGE('',*,*,#6471,.F.);
#8643=ORIENTED_EDGE('',*,*,#6523,.T.);
#8644=ORIENTED_EDGE('',*,*,#6521,.F.);
#8645=ORIENTED_EDGE('',*,*,#6523,.F.);
#8646=ORIENTED_EDGE('',*,*,#6524,.T.);
#8647=ORIENTED_EDGE('',*,*,#6525,.T.);
#8648=ORIENTED_EDGE('',*,*,#5913,.T.);
#8649=ORIENTED_EDGE('',*,*,#6525,.F.);
#8650=ORIENTED_EDGE('',*,*,#6477,.F.);
#8651=ORIENTED_EDGE('',*,*,#6526,.T.);
#8652=ORIENTED_EDGE('',*,*,#6524,.F.);
#8653=ORIENTED_EDGE('',*,*,#6526,.F.);
#8654=ORIENTED_EDGE('',*,*,#6527,.T.);
#8655=ORIENTED_EDGE('',*,*,#6528,.T.);
#8656=ORIENTED_EDGE('',*,*,#5948,.T.);
#8657=ORIENTED_EDGE('',*,*,#6528,.F.);
#8658=ORIENTED_EDGE('',*,*,#6475,.F.);
#8659=ORIENTED_EDGE('',*,*,#6529,.T.);
#8660=ORIENTED_EDGE('',*,*,#6527,.F.);
#8661=ORIENTED_EDGE('',*,*,#6529,.F.);
#8662=ORIENTED_EDGE('',*,*,#6530,.T.);
#8663=ORIENTED_EDGE('',*,*,#6531,.T.);
#8664=ORIENTED_EDGE('',*,*,#5980,.T.);
#8665=ORIENTED_EDGE('',*,*,#6531,.F.);
#8666=ORIENTED_EDGE('',*,*,#6469,.F.);
#8667=ORIENTED_EDGE('',*,*,#6532,.T.);
#8668=ORIENTED_EDGE('',*,*,#6530,.F.);
#8669=ORIENTED_EDGE('',*,*,#6532,.F.);
#8670=ORIENTED_EDGE('',*,*,#6533,.T.);
#8671=ORIENTED_EDGE('',*,*,#6534,.T.);
#8672=ORIENTED_EDGE('',*,*,#5979,.T.);
#8673=ORIENTED_EDGE('',*,*,#6534,.F.);
#8674=ORIENTED_EDGE('',*,*,#6473,.F.);
#8675=ORIENTED_EDGE('',*,*,#6535,.T.);
#8676=ORIENTED_EDGE('',*,*,#6533,.F.);
#8677=ORIENTED_EDGE('',*,*,#6535,.F.);
#8678=ORIENTED_EDGE('',*,*,#5892,.T.);
#8679=ORIENTED_EDGE('',*,*,#6536,.T.);
#8680=ORIENTED_EDGE('',*,*,#6537,.F.);
#8681=ORIENTED_EDGE('',*,*,#6426,.T.);
#8682=ORIENTED_EDGE('',*,*,#6538,.T.);
#8683=ORIENTED_EDGE('',*,*,#6539,.F.);
#8684=ORIENTED_EDGE('',*,*,#5921,.F.);
#8685=ORIENTED_EDGE('',*,*,#6445,.T.);
#8686=ORIENTED_EDGE('',*,*,#6540,.T.);
#8687=ORIENTED_EDGE('',*,*,#6541,.F.);
#8688=ORIENTED_EDGE('',*,*,#5931,.F.);
#8689=ORIENTED_EDGE('',*,*,#6511,.T.);
#8690=ORIENTED_EDGE('',*,*,#6542,.T.);
#8691=ORIENTED_EDGE('',*,*,#6543,.F.);
#8692=ORIENTED_EDGE('',*,*,#5882,.F.);
#8693=ORIENTED_EDGE('',*,*,#5937,.F.);
#8694=ORIENTED_EDGE('',*,*,#6544,.T.);
#8695=ORIENTED_EDGE('',*,*,#6545,.F.);
#8696=ORIENTED_EDGE('',*,*,#6546,.F.);
#8697=ORIENTED_EDGE('',*,*,#6547,.F.);
#8698=ORIENTED_EDGE('',*,*,#6548,.F.);
#8699=ORIENTED_EDGE('',*,*,#6549,.F.);
#8700=ORIENTED_EDGE('',*,*,#5936,.T.);
#8701=ORIENTED_EDGE('',*,*,#6550,.T.);
#8702=ORIENTED_EDGE('',*,*,#6551,.F.);
#8703=ORIENTED_EDGE('',*,*,#6544,.F.);
#8704=ORIENTED_EDGE('',*,*,#5935,.T.);
#8705=ORIENTED_EDGE('',*,*,#6552,.T.);
#8706=ORIENTED_EDGE('',*,*,#6553,.F.);
#8707=ORIENTED_EDGE('',*,*,#6550,.F.);
#8708=ORIENTED_EDGE('',*,*,#5934,.T.);
#8709=ORIENTED_EDGE('',*,*,#6554,.T.);
#8710=ORIENTED_EDGE('',*,*,#6555,.F.);
#8711=ORIENTED_EDGE('',*,*,#6552,.F.);
#8712=ORIENTED_EDGE('',*,*,#5933,.T.);
#8713=ORIENTED_EDGE('',*,*,#6556,.T.);
#8714=ORIENTED_EDGE('',*,*,#6557,.F.);
#8715=ORIENTED_EDGE('',*,*,#6554,.F.);
#8716=ORIENTED_EDGE('',*,*,#5932,.T.);
#8717=ORIENTED_EDGE('',*,*,#6541,.T.);
#8718=ORIENTED_EDGE('',*,*,#6558,.F.);
#8719=ORIENTED_EDGE('',*,*,#6556,.F.);
#8720=ORIENTED_EDGE('',*,*,#5960,.T.);
#8721=ORIENTED_EDGE('',*,*,#6559,.T.);
#8722=ORIENTED_EDGE('',*,*,#6560,.F.);
#8723=ORIENTED_EDGE('',*,*,#6457,.F.);
#8724=ORIENTED_EDGE('',*,*,#5959,.T.);
#8725=ORIENTED_EDGE('',*,*,#6561,.T.);
#8726=ORIENTED_EDGE('',*,*,#6562,.F.);
#8727=ORIENTED_EDGE('',*,*,#6559,.F.);
#8728=ORIENTED_EDGE('',*,*,#5958,.T.);
#8729=ORIENTED_EDGE('',*,*,#6563,.T.);
#8730=ORIENTED_EDGE('',*,*,#6564,.F.);
#8731=ORIENTED_EDGE('',*,*,#6561,.F.);
#8732=ORIENTED_EDGE('',*,*,#5957,.T.);
#8733=ORIENTED_EDGE('',*,*,#6506,.T.);
#8734=ORIENTED_EDGE('',*,*,#6565,.F.);
#8735=ORIENTED_EDGE('',*,*,#6563,.F.);
#8736=ORIENTED_EDGE('',*,*,#5972,.T.);
#8737=ORIENTED_EDGE('',*,*,#6566,.T.);
#8738=ORIENTED_EDGE('',*,*,#6567,.F.);
#8739=ORIENTED_EDGE('',*,*,#6454,.F.);
#8740=ORIENTED_EDGE('',*,*,#5971,.T.);
#8741=ORIENTED_EDGE('',*,*,#6568,.T.);
#8742=ORIENTED_EDGE('',*,*,#6569,.F.);
#8743=ORIENTED_EDGE('',*,*,#6566,.F.);
#8744=ORIENTED_EDGE('',*,*,#5970,.T.);
#8745=ORIENTED_EDGE('',*,*,#6462,.T.);
#8746=ORIENTED_EDGE('',*,*,#6570,.F.);
#8747=ORIENTED_EDGE('',*,*,#6568,.F.);
#8748=ORIENTED_EDGE('',*,*,#5919,.T.);
#8749=ORIENTED_EDGE('',*,*,#6571,.T.);
#8750=ORIENTED_EDGE('',*,*,#6572,.F.);
#8751=ORIENTED_EDGE('',*,*,#6446,.F.);
#8752=ORIENTED_EDGE('',*,*,#5918,.T.);
#8753=ORIENTED_EDGE('',*,*,#6573,.T.);
#8754=ORIENTED_EDGE('',*,*,#6574,.F.);
#8755=ORIENTED_EDGE('',*,*,#6571,.F.);
#8756=ORIENTED_EDGE('',*,*,#5917,.T.);
#8757=ORIENTED_EDGE('',*,*,#6575,.T.);
#8758=ORIENTED_EDGE('',*,*,#6576,.F.);
#8759=ORIENTED_EDGE('',*,*,#6573,.F.);
#8760=ORIENTED_EDGE('',*,*,#5916,.T.);
#8761=ORIENTED_EDGE('',*,*,#6451,.T.);
#8762=ORIENTED_EDGE('',*,*,#6577,.F.);
#8763=ORIENTED_EDGE('',*,*,#6575,.F.);
#8764=ORIENTED_EDGE('',*,*,#5903,.T.);
#8765=ORIENTED_EDGE('',*,*,#6578,.T.);
#8766=ORIENTED_EDGE('',*,*,#6579,.F.);
#8767=ORIENTED_EDGE('',*,*,#6486,.F.);
#8768=ORIENTED_EDGE('',*,*,#5902,.T.);
#8769=ORIENTED_EDGE('',*,*,#6428,.T.);
#8770=ORIENTED_EDGE('',*,*,#6580,.F.);
#8771=ORIENTED_EDGE('',*,*,#6578,.F.);
#8772=ORIENTED_EDGE('',*,*,#6580,.T.);
#8773=ORIENTED_EDGE('',*,*,#6427,.F.);
#8774=ORIENTED_EDGE('',*,*,#6502,.F.);
#8775=ORIENTED_EDGE('',*,*,#6303,.F.);
#8776=ORIENTED_EDGE('',*,*,#6287,.F.);
#8777=ORIENTED_EDGE('',*,*,#6276,.F.);
#8778=ORIENTED_EDGE('',*,*,#6485,.F.);
#8779=ORIENTED_EDGE('',*,*,#6579,.T.);
#8780=ORIENTED_EDGE('',*,*,#5926,.T.);
#8781=ORIENTED_EDGE('',*,*,#6581,.T.);
#8782=ORIENTED_EDGE('',*,*,#6582,.F.);
#8783=ORIENTED_EDGE('',*,*,#6509,.F.);
#8784=ORIENTED_EDGE('',*,*,#5925,.T.);
#8785=ORIENTED_EDGE('',*,*,#6583,.T.);
#8786=ORIENTED_EDGE('',*,*,#6584,.F.);
#8787=ORIENTED_EDGE('',*,*,#6581,.F.);
#8788=ORIENTED_EDGE('',*,*,#5924,.T.);
#8789=ORIENTED_EDGE('',*,*,#6585,.T.);
#8790=ORIENTED_EDGE('',*,*,#6586,.F.);
#8791=ORIENTED_EDGE('',*,*,#6583,.F.);
#8792=ORIENTED_EDGE('',*,*,#5923,.T.);
#8793=ORIENTED_EDGE('',*,*,#6587,.T.);
#8794=ORIENTED_EDGE('',*,*,#6588,.F.);
#8795=ORIENTED_EDGE('',*,*,#6585,.F.);
#8796=ORIENTED_EDGE('',*,*,#5922,.T.);
#8797=ORIENTED_EDGE('',*,*,#6539,.T.);
#8798=ORIENTED_EDGE('',*,*,#6589,.F.);
#8799=ORIENTED_EDGE('',*,*,#6587,.F.);
#8800=ORIENTED_EDGE('',*,*,#6545,.T.);
#8801=ORIENTED_EDGE('',*,*,#6590,.T.);
#8802=ORIENTED_EDGE('',*,*,#6470,.F.);
#8803=ORIENTED_EDGE('',*,*,#6590,.F.);
#8804=ORIENTED_EDGE('',*,*,#6546,.T.);
#8805=ORIENTED_EDGE('',*,*,#6591,.T.);
#8806=ORIENTED_EDGE('',*,*,#6472,.F.);
#8807=ORIENTED_EDGE('',*,*,#6591,.F.);
#8808=ORIENTED_EDGE('',*,*,#6547,.T.);
#8809=ORIENTED_EDGE('',*,*,#6592,.T.);
#8810=ORIENTED_EDGE('',*,*,#6478,.F.);
#8811=ORIENTED_EDGE('',*,*,#6592,.F.);
#8812=ORIENTED_EDGE('',*,*,#6548,.T.);
#8813=ORIENTED_EDGE('',*,*,#6593,.T.);
#8814=ORIENTED_EDGE('',*,*,#6474,.F.);
#8815=ORIENTED_EDGE('',*,*,#6593,.F.);
#8816=ORIENTED_EDGE('',*,*,#6549,.T.);
#8817=ORIENTED_EDGE('',*,*,#6594,.T.);
#8818=ORIENTED_EDGE('',*,*,#6476,.F.);
#8819=ORIENTED_EDGE('',*,*,#6594,.F.);
#8820=ORIENTED_EDGE('',*,*,#5891,.T.);
#8821=ORIENTED_EDGE('',*,*,#6595,.T.);
#8822=ORIENTED_EDGE('',*,*,#6596,.F.);
#8823=ORIENTED_EDGE('',*,*,#6536,.F.);
#8824=ORIENTED_EDGE('',*,*,#5890,.T.);
#8825=ORIENTED_EDGE('',*,*,#6597,.T.);
#8826=ORIENTED_EDGE('',*,*,#6598,.F.);
#8827=ORIENTED_EDGE('',*,*,#6595,.F.);
#8828=ORIENTED_EDGE('',*,*,#5889,.T.);
#8829=ORIENTED_EDGE('',*,*,#6599,.T.);
#8830=ORIENTED_EDGE('',*,*,#6600,.F.);
#8831=ORIENTED_EDGE('',*,*,#6597,.F.);
#8832=ORIENTED_EDGE('',*,*,#5888,.T.);
#8833=ORIENTED_EDGE('',*,*,#6514,.T.);
#8834=ORIENTED_EDGE('',*,*,#6601,.F.);
#8835=ORIENTED_EDGE('',*,*,#6599,.F.);
#8836=ORIENTED_EDGE('',*,*,#5968,.T.);
#8837=ORIENTED_EDGE('',*,*,#6602,.T.);
#8838=ORIENTED_EDGE('',*,*,#6603,.F.);
#8839=ORIENTED_EDGE('',*,*,#6463,.F.);
#8840=ORIENTED_EDGE('',*,*,#5967,.T.);
#8841=ORIENTED_EDGE('',*,*,#6604,.T.);
#8842=ORIENTED_EDGE('',*,*,#6605,.F.);
#8843=ORIENTED_EDGE('',*,*,#6602,.F.);
#8844=ORIENTED_EDGE('',*,*,#5966,.T.);
#8845=ORIENTED_EDGE('',*,*,#6459,.T.);
#8846=ORIENTED_EDGE('',*,*,#6606,.F.);
#8847=ORIENTED_EDGE('',*,*,#6604,.F.);
#8848=ORIENTED_EDGE('',*,*,#5964,.T.);
#8849=ORIENTED_EDGE('',*,*,#6607,.T.);
#8850=ORIENTED_EDGE('',*,*,#6608,.F.);
#8851=ORIENTED_EDGE('',*,*,#6460,.F.);
#8852=ORIENTED_EDGE('',*,*,#5963,.T.);
#8853=ORIENTED_EDGE('',*,*,#6609,.T.);
#8854=ORIENTED_EDGE('',*,*,#6610,.F.);
#8855=ORIENTED_EDGE('',*,*,#6607,.F.);
#8856=ORIENTED_EDGE('',*,*,#5962,.T.);
#8857=ORIENTED_EDGE('',*,*,#6456,.T.);
#8858=ORIENTED_EDGE('',*,*,#6611,.F.);
#8859=ORIENTED_EDGE('',*,*,#6609,.F.);
#8860=ORIENTED_EDGE('',*,*,#5886,.T.);
#8861=ORIENTED_EDGE('',*,*,#6612,.T.);
#8862=ORIENTED_EDGE('',*,*,#6613,.F.);
#8863=ORIENTED_EDGE('',*,*,#6515,.F.);
#8864=ORIENTED_EDGE('',*,*,#5885,.T.);
#8865=ORIENTED_EDGE('',*,*,#6614,.T.);
#8866=ORIENTED_EDGE('',*,*,#6615,.F.);
#8867=ORIENTED_EDGE('',*,*,#6612,.F.);
#8868=ORIENTED_EDGE('',*,*,#5884,.T.);
#8869=ORIENTED_EDGE('',*,*,#6616,.T.);
#8870=ORIENTED_EDGE('',*,*,#6617,.F.);
#8871=ORIENTED_EDGE('',*,*,#6614,.F.);
#8872=ORIENTED_EDGE('',*,*,#5883,.T.);
#8873=ORIENTED_EDGE('',*,*,#6543,.T.);
#8874=ORIENTED_EDGE('',*,*,#6618,.F.);
#8875=ORIENTED_EDGE('',*,*,#6616,.F.);
#8876=ORIENTED_EDGE('',*,*,#5929,.T.);
#8877=ORIENTED_EDGE('',*,*,#6619,.T.);
#8878=ORIENTED_EDGE('',*,*,#6620,.F.);
#8879=ORIENTED_EDGE('',*,*,#6512,.F.);
#8880=ORIENTED_EDGE('',*,*,#5928,.T.);
#8881=ORIENTED_EDGE('',*,*,#6508,.T.);
#8882=ORIENTED_EDGE('',*,*,#6621,.F.);
#8883=ORIENTED_EDGE('',*,*,#6619,.F.);
#8884=ORIENTED_EDGE('',*,*,#5951,.T.);
#8885=ORIENTED_EDGE('',*,*,#6622,.T.);
#8886=ORIENTED_EDGE('',*,*,#6623,.F.);
#8887=ORIENTED_EDGE('',*,*,#6465,.F.);
#8888=ORIENTED_EDGE('',*,*,#5950,.T.);
#8889=ORIENTED_EDGE('',*,*,#5864,.T.);
#8890=ORIENTED_EDGE('',*,*,#5866,.T.);
#8891=ORIENTED_EDGE('',*,*,#5858,.F.);
#8892=ORIENTED_EDGE('',*,*,#5947,.T.);
#8893=ORIENTED_EDGE('',*,*,#6624,.T.);
#8894=ORIENTED_EDGE('',*,*,#6625,.F.);
#8895=ORIENTED_EDGE('',*,*,#6622,.F.);
#8896=ORIENTED_EDGE('',*,*,#5946,.T.);
#8897=ORIENTED_EDGE('',*,*,#6626,.T.);
#8898=ORIENTED_EDGE('',*,*,#6627,.F.);
#8899=ORIENTED_EDGE('',*,*,#6624,.F.);
#8900=ORIENTED_EDGE('',*,*,#5945,.T.);
#8901=ORIENTED_EDGE('',*,*,#6628,.T.);
#8902=ORIENTED_EDGE('',*,*,#6629,.F.);
#8903=ORIENTED_EDGE('',*,*,#6626,.F.);
#8904=ORIENTED_EDGE('',*,*,#5944,.T.);
#8905=ORIENTED_EDGE('',*,*,#6630,.T.);
#8906=ORIENTED_EDGE('',*,*,#6631,.F.);
#8907=ORIENTED_EDGE('',*,*,#6628,.F.);
#8908=ORIENTED_EDGE('',*,*,#5943,.T.);
#8909=ORIENTED_EDGE('',*,*,#6632,.T.);
#8910=ORIENTED_EDGE('',*,*,#6633,.F.);
#8911=ORIENTED_EDGE('',*,*,#6630,.F.);
#8912=ORIENTED_EDGE('',*,*,#5942,.T.);
#8913=ORIENTED_EDGE('',*,*,#6634,.T.);
#8914=ORIENTED_EDGE('',*,*,#6635,.F.);
#8915=ORIENTED_EDGE('',*,*,#6632,.F.);
#8916=ORIENTED_EDGE('',*,*,#5941,.T.);
#8917=ORIENTED_EDGE('',*,*,#6636,.T.);
#8918=ORIENTED_EDGE('',*,*,#6637,.F.);
#8919=ORIENTED_EDGE('',*,*,#6634,.F.);
#8920=ORIENTED_EDGE('',*,*,#5940,.T.);
#8921=ORIENTED_EDGE('',*,*,#6638,.T.);
#8922=ORIENTED_EDGE('',*,*,#6639,.F.);
#8923=ORIENTED_EDGE('',*,*,#6636,.F.);
#8924=ORIENTED_EDGE('',*,*,#5939,.T.);
#8925=ORIENTED_EDGE('',*,*,#6640,.T.);
#8926=ORIENTED_EDGE('',*,*,#6641,.F.);
#8927=ORIENTED_EDGE('',*,*,#6638,.F.);
#8928=ORIENTED_EDGE('',*,*,#5938,.T.);
#8929=ORIENTED_EDGE('',*,*,#5881,.T.);
#8930=ORIENTED_EDGE('',*,*,#5912,.T.);
#8931=ORIENTED_EDGE('',*,*,#6642,.T.);
#8932=ORIENTED_EDGE('',*,*,#6643,.F.);
#8933=ORIENTED_EDGE('',*,*,#6640,.F.);
#8934=ORIENTED_EDGE('',*,*,#5911,.T.);
#8935=ORIENTED_EDGE('',*,*,#6644,.T.);
#8936=ORIENTED_EDGE('',*,*,#6645,.F.);
#8937=ORIENTED_EDGE('',*,*,#6642,.F.);
#8938=ORIENTED_EDGE('',*,*,#5910,.T.);
#8939=ORIENTED_EDGE('',*,*,#6441,.T.);
#8940=ORIENTED_EDGE('',*,*,#6646,.F.);
#8941=ORIENTED_EDGE('',*,*,#6644,.F.);
#8942=ORIENTED_EDGE('',*,*,#6440,.F.);
#8943=ORIENTED_EDGE('',*,*,#6271,.F.);
#8944=ORIENTED_EDGE('',*,*,#6286,.F.);
#8945=ORIENTED_EDGE('',*,*,#6319,.F.);
#8946=ORIENTED_EDGE('',*,*,#6321,.F.);
#8947=ORIENTED_EDGE('',*,*,#6324,.F.);
#8948=ORIENTED_EDGE('',*,*,#6327,.F.);
#8949=ORIENTED_EDGE('',*,*,#6330,.F.);
#8950=ORIENTED_EDGE('',*,*,#6333,.F.);
#8951=ORIENTED_EDGE('',*,*,#6336,.F.);
#8952=ORIENTED_EDGE('',*,*,#6339,.F.);
#8953=ORIENTED_EDGE('',*,*,#6342,.F.);
#8954=ORIENTED_EDGE('',*,*,#6345,.F.);
#8955=ORIENTED_EDGE('',*,*,#6348,.F.);
#8956=ORIENTED_EDGE('',*,*,#6351,.F.);
#8957=ORIENTED_EDGE('',*,*,#6354,.F.);
#8958=ORIENTED_EDGE('',*,*,#6358,.F.);
#8959=ORIENTED_EDGE('',*,*,#6361,.F.);
#8960=ORIENTED_EDGE('',*,*,#6365,.F.);
#8961=ORIENTED_EDGE('',*,*,#6265,.F.);
#8962=ORIENTED_EDGE('',*,*,#6464,.F.);
#8963=ORIENTED_EDGE('',*,*,#6623,.T.);
#8964=ORIENTED_EDGE('',*,*,#6625,.T.);
#8965=ORIENTED_EDGE('',*,*,#6627,.T.);
#8966=ORIENTED_EDGE('',*,*,#6629,.T.);
#8967=ORIENTED_EDGE('',*,*,#6631,.T.);
#8968=ORIENTED_EDGE('',*,*,#6633,.T.);
#8969=ORIENTED_EDGE('',*,*,#6635,.T.);
#8970=ORIENTED_EDGE('',*,*,#6637,.T.);
#8971=ORIENTED_EDGE('',*,*,#6639,.T.);
#8972=ORIENTED_EDGE('',*,*,#6641,.T.);
#8973=ORIENTED_EDGE('',*,*,#6643,.T.);
#8974=ORIENTED_EDGE('',*,*,#6645,.T.);
#8975=ORIENTED_EDGE('',*,*,#6646,.T.);
#8976=ORIENTED_EDGE('',*,*,#5977,.T.);
#8977=ORIENTED_EDGE('',*,*,#6647,.T.);
#8978=ORIENTED_EDGE('',*,*,#6648,.F.);
#8979=ORIENTED_EDGE('',*,*,#6452,.F.);
#8980=ORIENTED_EDGE('',*,*,#5976,.T.);
#8981=ORIENTED_EDGE('',*,*,#6649,.T.);
#8982=ORIENTED_EDGE('',*,*,#6650,.F.);
#8983=ORIENTED_EDGE('',*,*,#6647,.F.);
#8984=ORIENTED_EDGE('',*,*,#5975,.T.);
#8985=ORIENTED_EDGE('',*,*,#6448,.T.);
#8986=ORIENTED_EDGE('',*,*,#6651,.F.);
#8987=ORIENTED_EDGE('',*,*,#6649,.F.);
#8988=ORIENTED_EDGE('',*,*,#5895,.T.);
#8989=ORIENTED_EDGE('',*,*,#6436,.T.);
#8990=ORIENTED_EDGE('',*,*,#6652,.F.);
#8991=ORIENTED_EDGE('',*,*,#6653,.F.);
#8992=ORIENTED_EDGE('',*,*,#5896,.T.);
#8993=ORIENTED_EDGE('',*,*,#6653,.T.);
#8994=ORIENTED_EDGE('',*,*,#6654,.F.);
#8995=ORIENTED_EDGE('',*,*,#6519,.T.);
#8996=ORIENTED_EDGE('',*,*,#6654,.T.);
#8997=ORIENTED_EDGE('',*,*,#6652,.T.);
#8998=ORIENTED_EDGE('',*,*,#6435,.F.);
#8999=ORIENTED_EDGE('',*,*,#6424,.F.);
#9000=ORIENTED_EDGE('',*,*,#6537,.T.);
#9001=ORIENTED_EDGE('',*,*,#6596,.T.);
#9002=ORIENTED_EDGE('',*,*,#6598,.T.);
#9003=ORIENTED_EDGE('',*,*,#6600,.T.);
#9004=ORIENTED_EDGE('',*,*,#6601,.T.);
#9005=ORIENTED_EDGE('',*,*,#6513,.F.);
#9006=ORIENTED_EDGE('',*,*,#6613,.T.);
#9007=ORIENTED_EDGE('',*,*,#6615,.T.);
#9008=ORIENTED_EDGE('',*,*,#6617,.T.);
#9009=ORIENTED_EDGE('',*,*,#6618,.T.);
#9010=ORIENTED_EDGE('',*,*,#6542,.F.);
#9011=ORIENTED_EDGE('',*,*,#6551,.T.);
#9012=ORIENTED_EDGE('',*,*,#6553,.T.);
#9013=ORIENTED_EDGE('',*,*,#6555,.T.);
#9014=ORIENTED_EDGE('',*,*,#6557,.T.);
#9015=ORIENTED_EDGE('',*,*,#6558,.T.);
#9016=ORIENTED_EDGE('',*,*,#6540,.F.);
#9017=ORIENTED_EDGE('',*,*,#6510,.F.);
#9018=ORIENTED_EDGE('',*,*,#6620,.T.);
#9019=ORIENTED_EDGE('',*,*,#6621,.T.);
#9020=ORIENTED_EDGE('',*,*,#6507,.F.);
#9021=ORIENTED_EDGE('',*,*,#6582,.T.);
#9022=ORIENTED_EDGE('',*,*,#6584,.T.);
#9023=ORIENTED_EDGE('',*,*,#6586,.T.);
#9024=ORIENTED_EDGE('',*,*,#6588,.T.);
#9025=ORIENTED_EDGE('',*,*,#6589,.T.);
#9026=ORIENTED_EDGE('',*,*,#6538,.F.);
#9027=ORIENTED_EDGE('',*,*,#6444,.F.);
#9028=ORIENTED_EDGE('',*,*,#6572,.T.);
#9029=ORIENTED_EDGE('',*,*,#6574,.T.);
#9030=ORIENTED_EDGE('',*,*,#6576,.T.);
#9031=ORIENTED_EDGE('',*,*,#6577,.T.);
#9032=ORIENTED_EDGE('',*,*,#6450,.F.);
#9033=ORIENTED_EDGE('',*,*,#6648,.T.);
#9034=ORIENTED_EDGE('',*,*,#6650,.T.);
#9035=ORIENTED_EDGE('',*,*,#6651,.T.);
#9036=ORIENTED_EDGE('',*,*,#6447,.F.);
#9037=ORIENTED_EDGE('',*,*,#6453,.F.);
#9038=ORIENTED_EDGE('',*,*,#6567,.T.);
#9039=ORIENTED_EDGE('',*,*,#6569,.T.);
#9040=ORIENTED_EDGE('',*,*,#6570,.T.);
#9041=ORIENTED_EDGE('',*,*,#6461,.F.);
#9042=ORIENTED_EDGE('',*,*,#6603,.T.);
#9043=ORIENTED_EDGE('',*,*,#6605,.T.);
#9044=ORIENTED_EDGE('',*,*,#6606,.T.);
#9045=ORIENTED_EDGE('',*,*,#6458,.F.);
#9046=ORIENTED_EDGE('',*,*,#6608,.T.);
#9047=ORIENTED_EDGE('',*,*,#6610,.T.);
#9048=ORIENTED_EDGE('',*,*,#6611,.T.);
#9049=ORIENTED_EDGE('',*,*,#6455,.F.);
#9050=ORIENTED_EDGE('',*,*,#6560,.T.);
#9051=ORIENTED_EDGE('',*,*,#6562,.T.);
#9052=ORIENTED_EDGE('',*,*,#6564,.T.);
#9053=ORIENTED_EDGE('',*,*,#6565,.T.);
#9054=ORIENTED_EDGE('',*,*,#6505,.F.);
#9055=ORIENTED_EDGE('',*,*,#6261,.F.);
#9056=ORIENTED_EDGE('',*,*,#6364,.F.);
#9057=ORIENTED_EDGE('',*,*,#6367,.F.);
#9058=ORIENTED_EDGE('',*,*,#6370,.F.);
#9059=ORIENTED_EDGE('',*,*,#6373,.F.);
#9060=ORIENTED_EDGE('',*,*,#6376,.F.);
#9061=ORIENTED_EDGE('',*,*,#6379,.F.);
#9062=ORIENTED_EDGE('',*,*,#6382,.F.);
#9063=ORIENTED_EDGE('',*,*,#6385,.F.);
#9064=ORIENTED_EDGE('',*,*,#6388,.F.);
#9065=ORIENTED_EDGE('',*,*,#6391,.F.);
#9066=ORIENTED_EDGE('',*,*,#6394,.F.);
#9067=ORIENTED_EDGE('',*,*,#6397,.F.);
#9068=ORIENTED_EDGE('',*,*,#6400,.F.);
#9069=ORIENTED_EDGE('',*,*,#6403,.F.);
#9070=ORIENTED_EDGE('',*,*,#6406,.F.);
#9071=ORIENTED_EDGE('',*,*,#6409,.F.);
#9072=ORIENTED_EDGE('',*,*,#6412,.F.);
#9073=ORIENTED_EDGE('',*,*,#6415,.F.);
#9074=ORIENTED_EDGE('',*,*,#6313,.F.);
#9075=ORIENTED_EDGE('',*,*,#6317,.F.);
#9076=ORIENTED_EDGE('',*,*,#6306,.F.);
#9077=ORIENTED_EDGE('',*,*,#6417,.F.);
#9078=ORIENTED_EDGE('',*,*,#6437,.F.);
#9079=ORIENTED_EDGE('',*,*,#6520,.T.);
#9080=ORIENTED_EDGE('',*,*,#6655,.F.);
#9081=ORIENTED_EDGE('',*,*,#6656,.T.);
#9082=ORIENTED_EDGE('',*,*,#6657,.F.);
#9083=ORIENTED_EDGE('',*,*,#6656,.F.);
#9084=ORIENTED_EDGE('',*,*,#6657,.T.);
#9085=ORIENTED_EDGE('',*,*,#6658,.T.);
#9086=ORIENTED_EDGE('',*,*,#6659,.T.);
#9087=ORIENTED_EDGE('',*,*,#6660,.T.);
#9088=ORIENTED_EDGE('',*,*,#6661,.T.);
#9089=ORIENTED_EDGE('',*,*,#6662,.T.);
#9090=ORIENTED_EDGE('',*,*,#6663,.T.);
#9091=ORIENTED_EDGE('',*,*,#6664,.T.);
#9092=ORIENTED_EDGE('',*,*,#6665,.F.);
#9093=ORIENTED_EDGE('',*,*,#6666,.T.);
#9094=ORIENTED_EDGE('',*,*,#6667,.T.);
#9095=ORIENTED_EDGE('',*,*,#6668,.T.);
#9096=ORIENTED_EDGE('',*,*,#6669,.T.);
#9097=ORIENTED_EDGE('',*,*,#6670,.T.);
#9098=ORIENTED_EDGE('',*,*,#6671,.F.);
#9099=ORIENTED_EDGE('',*,*,#6672,.T.);
#9100=ORIENTED_EDGE('',*,*,#6673,.T.);
#9101=ORIENTED_EDGE('',*,*,#6674,.T.);
#9102=ORIENTED_EDGE('',*,*,#6675,.F.);
#9103=ORIENTED_EDGE('',*,*,#6676,.T.);
#9104=ORIENTED_EDGE('',*,*,#6677,.T.);
#9105=ORIENTED_EDGE('',*,*,#6678,.T.);
#9106=ORIENTED_EDGE('',*,*,#6679,.T.);
#9107=ORIENTED_EDGE('',*,*,#6680,.T.);
#9108=ORIENTED_EDGE('',*,*,#6681,.T.);
#9109=ORIENTED_EDGE('',*,*,#6682,.T.);
#9110=ORIENTED_EDGE('',*,*,#6683,.F.);
#9111=ORIENTED_EDGE('',*,*,#6684,.F.);
#9112=ORIENTED_EDGE('',*,*,#6664,.F.);
#9113=ORIENTED_EDGE('',*,*,#6685,.F.);
#9114=ORIENTED_EDGE('',*,*,#6686,.F.);
#9115=ORIENTED_EDGE('',*,*,#6687,.F.);
#9116=ORIENTED_EDGE('',*,*,#6660,.F.);
#9117=ORIENTED_EDGE('',*,*,#6688,.T.);
#9118=ORIENTED_EDGE('',*,*,#6689,.T.);
#9119=ORIENTED_EDGE('',*,*,#6690,.T.);
#9120=ORIENTED_EDGE('',*,*,#6691,.T.);
#9121=ORIENTED_EDGE('',*,*,#6692,.F.);
#9122=ORIENTED_EDGE('',*,*,#6693,.F.);
#9123=ORIENTED_EDGE('',*,*,#6694,.F.);
#9124=ORIENTED_EDGE('',*,*,#6695,.F.);
#9125=ORIENTED_EDGE('',*,*,#6696,.F.);
#9126=ORIENTED_EDGE('',*,*,#6697,.F.);
#9127=ORIENTED_EDGE('',*,*,#6698,.F.);
#9128=ORIENTED_EDGE('',*,*,#6699,.T.);
#9129=ORIENTED_EDGE('',*,*,#6700,.T.);
#9130=ORIENTED_EDGE('',*,*,#6701,.F.);
#9131=ORIENTED_EDGE('',*,*,#6702,.F.);
#9132=ORIENTED_EDGE('',*,*,#6703,.F.);
#9133=ORIENTED_EDGE('',*,*,#6704,.F.);
#9134=ORIENTED_EDGE('',*,*,#6705,.F.);
#9135=ORIENTED_EDGE('',*,*,#6706,.F.);
#9136=ORIENTED_EDGE('',*,*,#6707,.F.);
#9137=ORIENTED_EDGE('',*,*,#6708,.F.);
#9138=ORIENTED_EDGE('',*,*,#6709,.F.);
#9139=ORIENTED_EDGE('',*,*,#6710,.T.);
#9140=ORIENTED_EDGE('',*,*,#6711,.T.);
#9141=ORIENTED_EDGE('',*,*,#6712,.T.);
#9142=ORIENTED_EDGE('',*,*,#6713,.F.);
#9143=ORIENTED_EDGE('',*,*,#6714,.T.);
#9144=ORIENTED_EDGE('',*,*,#6715,.T.);
#9145=ORIENTED_EDGE('',*,*,#6716,.T.);
#9146=ORIENTED_EDGE('',*,*,#6717,.T.);
#9147=ORIENTED_EDGE('',*,*,#6718,.T.);
#9148=ORIENTED_EDGE('',*,*,#6719,.T.);
#9149=ORIENTED_EDGE('',*,*,#6720,.T.);
#9150=ORIENTED_EDGE('',*,*,#6721,.T.);
#9151=ORIENTED_EDGE('',*,*,#6722,.T.);
#9152=ORIENTED_EDGE('',*,*,#6723,.F.);
#9153=ORIENTED_EDGE('',*,*,#6724,.F.);
#9154=ORIENTED_EDGE('',*,*,#6725,.T.);
#9155=ORIENTED_EDGE('',*,*,#6726,.T.);
#9156=ORIENTED_EDGE('',*,*,#6727,.T.);
#9157=ORIENTED_EDGE('',*,*,#6728,.T.);
#9158=ORIENTED_EDGE('',*,*,#6729,.F.);
#9159=ORIENTED_EDGE('',*,*,#6730,.T.);
#9160=ORIENTED_EDGE('',*,*,#6731,.T.);
#9161=ORIENTED_EDGE('',*,*,#6732,.T.);
#9162=ORIENTED_EDGE('',*,*,#6733,.T.);
#9163=ORIENTED_EDGE('',*,*,#6734,.F.);
#9164=ORIENTED_EDGE('',*,*,#6735,.T.);
#9165=ORIENTED_EDGE('',*,*,#6736,.T.);
#9166=ORIENTED_EDGE('',*,*,#6737,.T.);
#9167=ORIENTED_EDGE('',*,*,#6738,.T.);
#9168=ORIENTED_EDGE('',*,*,#6739,.T.);
#9169=ORIENTED_EDGE('',*,*,#6740,.T.);
#9170=ORIENTED_EDGE('',*,*,#6741,.T.);
#9171=ORIENTED_EDGE('',*,*,#6742,.T.);
#9172=ORIENTED_EDGE('',*,*,#6743,.F.);
#9173=ORIENTED_EDGE('',*,*,#6744,.F.);
#9174=ORIENTED_EDGE('',*,*,#6745,.T.);
#9175=ORIENTED_EDGE('',*,*,#6692,.T.);
#9176=ORIENTED_EDGE('',*,*,#6746,.T.);
#9177=ORIENTED_EDGE('',*,*,#6658,.F.);
#9178=ORIENTED_EDGE('',*,*,#6747,.F.);
#9179=ORIENTED_EDGE('',*,*,#6748,.T.);
#9180=ORIENTED_EDGE('',*,*,#6749,.F.);
#9181=ORIENTED_EDGE('',*,*,#6750,.F.);
#9182=ORIENTED_EDGE('',*,*,#6751,.F.);
#9183=ORIENTED_EDGE('',*,*,#6752,.F.);
#9184=ORIENTED_EDGE('',*,*,#6753,.F.);
#9185=ORIENTED_EDGE('',*,*,#6754,.F.);
#9186=ORIENTED_EDGE('',*,*,#6755,.F.);
#9187=ORIENTED_EDGE('',*,*,#6756,.F.);
#9188=ORIENTED_EDGE('',*,*,#6757,.F.);
#9189=ORIENTED_EDGE('',*,*,#6758,.F.);
#9190=ORIENTED_EDGE('',*,*,#6759,.F.);
#9191=ORIENTED_EDGE('',*,*,#6760,.F.);
#9192=ORIENTED_EDGE('',*,*,#6742,.F.);
#9193=ORIENTED_EDGE('',*,*,#6761,.T.);
#9194=ORIENTED_EDGE('',*,*,#6762,.T.);
#9195=ORIENTED_EDGE('',*,*,#6763,.T.);
#9196=ORIENTED_EDGE('',*,*,#6764,.T.);
#9197=ORIENTED_EDGE('',*,*,#6765,.T.);
#9198=ORIENTED_EDGE('',*,*,#6766,.T.);
#9199=ORIENTED_EDGE('',*,*,#6767,.T.);
#9200=ORIENTED_EDGE('',*,*,#6768,.T.);
#9201=ORIENTED_EDGE('',*,*,#6769,.T.);
#9202=ORIENTED_EDGE('',*,*,#6770,.T.);
#9203=ORIENTED_EDGE('',*,*,#6771,.T.);
#9204=ORIENTED_EDGE('',*,*,#6772,.T.);
#9205=ORIENTED_EDGE('',*,*,#6773,.T.);
#9206=ORIENTED_EDGE('',*,*,#6774,.T.);
#9207=ORIENTED_EDGE('',*,*,#6682,.F.);
#9208=ORIENTED_EDGE('',*,*,#6775,.F.);
#9209=ORIENTED_EDGE('',*,*,#6776,.F.);
#9210=ORIENTED_EDGE('',*,*,#6777,.F.);
#9211=ORIENTED_EDGE('',*,*,#6778,.T.);
#9212=ORIENTED_EDGE('',*,*,#6779,.T.);
#9213=ORIENTED_EDGE('',*,*,#6780,.T.);
#9214=ORIENTED_EDGE('',*,*,#6781,.T.);
#9215=ORIENTED_EDGE('',*,*,#6782,.T.);
#9216=ORIENTED_EDGE('',*,*,#6783,.T.);
#9217=ORIENTED_EDGE('',*,*,#6784,.T.);
#9218=ORIENTED_EDGE('',*,*,#6785,.T.);
#9219=ORIENTED_EDGE('',*,*,#6786,.T.);
#9220=ORIENTED_EDGE('',*,*,#6787,.T.);
#9221=ORIENTED_EDGE('',*,*,#6788,.T.);
#9222=ORIENTED_EDGE('',*,*,#6789,.T.);
#9223=ORIENTED_EDGE('',*,*,#6790,.F.);
#9224=ORIENTED_EDGE('',*,*,#6791,.T.);
#9225=ORIENTED_EDGE('',*,*,#6792,.T.);
#9226=ORIENTED_EDGE('',*,*,#6793,.T.);
#9227=ORIENTED_EDGE('',*,*,#6794,.T.);
#9228=ORIENTED_EDGE('',*,*,#6795,.T.);
#9229=ORIENTED_EDGE('',*,*,#6796,.T.);
#9230=ORIENTED_EDGE('',*,*,#6797,.F.);
#9231=ORIENTED_EDGE('',*,*,#6798,.T.);
#9232=ORIENTED_EDGE('',*,*,#6799,.T.);
#9233=ORIENTED_EDGE('',*,*,#6800,.T.);
#9234=ORIENTED_EDGE('',*,*,#6801,.T.);
#9235=ORIENTED_EDGE('',*,*,#6802,.T.);
#9236=ORIENTED_EDGE('',*,*,#6803,.F.);
#9237=ORIENTED_EDGE('',*,*,#6804,.T.);
#9238=ORIENTED_EDGE('',*,*,#6805,.T.);
#9239=ORIENTED_EDGE('',*,*,#6806,.T.);
#9240=ORIENTED_EDGE('',*,*,#6807,.F.);
#9241=ORIENTED_EDGE('',*,*,#6808,.F.);
#9242=ORIENTED_EDGE('',*,*,#6809,.F.);
#9243=ORIENTED_EDGE('',*,*,#6810,.F.);
#9244=ORIENTED_EDGE('',*,*,#6811,.T.);
#9245=ORIENTED_EDGE('',*,*,#6812,.T.);
#9246=ORIENTED_EDGE('',*,*,#6813,.T.);
#9247=ORIENTED_EDGE('',*,*,#6814,.T.);
#9248=ORIENTED_EDGE('',*,*,#6815,.T.);
#9249=ORIENTED_EDGE('',*,*,#6816,.F.);
#9250=ORIENTED_EDGE('',*,*,#6655,.T.);
#9251=ORIENTED_EDGE('',*,*,#6817,.T.);
#9252=ORIENTED_EDGE('',*,*,#6818,.T.);
#9253=ORIENTED_EDGE('',*,*,#6819,.F.);
#9254=ORIENTED_EDGE('',*,*,#6820,.F.);
#9255=ORIENTED_EDGE('',*,*,#6821,.F.);
#9256=ORIENTED_EDGE('',*,*,#6822,.F.);
#9257=ORIENTED_EDGE('',*,*,#6823,.F.);
#9258=ORIENTED_EDGE('',*,*,#6821,.T.);
#9259=ORIENTED_EDGE('',*,*,#6824,.T.);
#9260=ORIENTED_EDGE('',*,*,#6825,.T.);
#9261=ORIENTED_EDGE('',*,*,#6826,.T.);
#9262=ORIENTED_EDGE('',*,*,#6827,.T.);
#9263=ORIENTED_EDGE('',*,*,#6828,.T.);
#9264=ORIENTED_EDGE('',*,*,#6778,.F.);
#9265=ORIENTED_EDGE('',*,*,#6829,.T.);
#9266=ORIENTED_EDGE('',*,*,#6830,.F.);
#9267=ORIENTED_EDGE('',*,*,#6831,.F.);
#9268=ORIENTED_EDGE('',*,*,#6826,.F.);
#9269=ORIENTED_EDGE('',*,*,#6827,.F.);
#9270=ORIENTED_EDGE('',*,*,#6831,.T.);
#9271=ORIENTED_EDGE('',*,*,#6832,.F.);
#9272=ORIENTED_EDGE('',*,*,#6833,.F.);
#9273=ORIENTED_EDGE('',*,*,#6828,.F.);
#9274=ORIENTED_EDGE('',*,*,#6833,.T.);
#9275=ORIENTED_EDGE('',*,*,#6834,.F.);
#9276=ORIENTED_EDGE('',*,*,#6835,.F.);
#9277=ORIENTED_EDGE('',*,*,#6670,.F.);
#9278=ORIENTED_EDGE('',*,*,#6834,.T.);
#9279=ORIENTED_EDGE('',*,*,#6832,.T.);
#9280=ORIENTED_EDGE('',*,*,#6830,.T.);
#9281=ORIENTED_EDGE('',*,*,#6836,.T.);
#9282=ORIENTED_EDGE('',*,*,#6837,.T.);
#9283=ORIENTED_EDGE('',*,*,#6838,.T.);
#9284=ORIENTED_EDGE('',*,*,#6839,.T.);
#9285=ORIENTED_EDGE('',*,*,#6840,.T.);
#9286=ORIENTED_EDGE('',*,*,#6840,.F.);
#9287=ORIENTED_EDGE('',*,*,#6841,.T.);
#9288=ORIENTED_EDGE('',*,*,#6842,.F.);
#9289=ORIENTED_EDGE('',*,*,#6824,.F.);
#9290=ORIENTED_EDGE('',*,*,#6820,.T.);
#9291=ORIENTED_EDGE('',*,*,#6789,.F.);
#9292=ORIENTED_EDGE('',*,*,#6735,.F.);
#9293=ORIENTED_EDGE('',*,*,#6823,.T.);
#9294=ORIENTED_EDGE('',*,*,#6843,.F.);
#9295=ORIENTED_EDGE('',*,*,#6844,.F.);
#9296=ORIENTED_EDGE('',*,*,#6838,.F.);
#9297=ORIENTED_EDGE('',*,*,#6839,.F.);
#9298=ORIENTED_EDGE('',*,*,#6844,.T.);
#9299=ORIENTED_EDGE('',*,*,#6845,.F.);
#9300=ORIENTED_EDGE('',*,*,#6841,.F.);
#9301=ORIENTED_EDGE('',*,*,#6845,.T.);
#9302=ORIENTED_EDGE('',*,*,#6843,.T.);
#9303=ORIENTED_EDGE('',*,*,#6822,.T.);
#9304=ORIENTED_EDGE('',*,*,#6842,.T.);
#9305=ORIENTED_EDGE('',*,*,#6846,.T.);
#9306=ORIENTED_EDGE('',*,*,#6847,.F.);
#9307=ORIENTED_EDGE('',*,*,#6848,.F.);
#9308=ORIENTED_EDGE('',*,*,#6849,.F.);
#9309=ORIENTED_EDGE('',*,*,#6850,.F.);
#9310=ORIENTED_EDGE('',*,*,#6851,.F.);
#9311=ORIENTED_EDGE('',*,*,#6852,.T.);
#9312=ORIENTED_EDGE('',*,*,#6853,.F.);
#9313=ORIENTED_EDGE('',*,*,#6854,.F.);
#9314=ORIENTED_EDGE('',*,*,#6855,.F.);
#9315=ORIENTED_EDGE('',*,*,#6856,.F.);
#9316=ORIENTED_EDGE('',*,*,#6857,.F.);
#9317=ORIENTED_EDGE('',*,*,#6846,.F.);
#9318=ORIENTED_EDGE('',*,*,#6858,.F.);
#9319=ORIENTED_EDGE('',*,*,#6852,.F.);
#9320=ORIENTED_EDGE('',*,*,#6859,.F.);
#9321=ORIENTED_EDGE('',*,*,#6857,.T.);
#9322=ORIENTED_EDGE('',*,*,#6860,.F.);
#9323=ORIENTED_EDGE('',*,*,#6861,.F.);
#9324=ORIENTED_EDGE('',*,*,#6862,.F.);
#9325=ORIENTED_EDGE('',*,*,#6863,.F.);
#9326=ORIENTED_EDGE('',*,*,#6864,.F.);
#9327=ORIENTED_EDGE('',*,*,#6865,.F.);
#9328=ORIENTED_EDGE('',*,*,#6866,.F.);
#9329=ORIENTED_EDGE('',*,*,#6867,.F.);
#9330=ORIENTED_EDGE('',*,*,#6868,.F.);
#9331=ORIENTED_EDGE('',*,*,#6869,.F.);
#9332=ORIENTED_EDGE('',*,*,#6870,.F.);
#9333=ORIENTED_EDGE('',*,*,#6871,.F.);
#9334=ORIENTED_EDGE('',*,*,#6872,.F.);
#9335=ORIENTED_EDGE('',*,*,#6873,.F.);
#9336=ORIENTED_EDGE('',*,*,#6874,.F.);
#9337=ORIENTED_EDGE('',*,*,#6875,.F.);
#9338=ORIENTED_EDGE('',*,*,#6876,.F.);
#9339=ORIENTED_EDGE('',*,*,#6877,.F.);
#9340=ORIENTED_EDGE('',*,*,#6878,.F.);
#9341=ORIENTED_EDGE('',*,*,#6879,.F.);
#9342=ORIENTED_EDGE('',*,*,#6880,.F.);
#9343=ORIENTED_EDGE('',*,*,#6881,.F.);
#9344=ORIENTED_EDGE('',*,*,#6882,.T.);
#9345=ORIENTED_EDGE('',*,*,#6883,.T.);
#9346=ORIENTED_EDGE('',*,*,#6884,.T.);
#9347=ORIENTED_EDGE('',*,*,#6885,.F.);
#9348=ORIENTED_EDGE('',*,*,#6886,.F.);
#9349=ORIENTED_EDGE('',*,*,#6887,.F.);
#9350=ORIENTED_EDGE('',*,*,#6888,.F.);
#9351=ORIENTED_EDGE('',*,*,#6889,.F.);
#9352=ORIENTED_EDGE('',*,*,#6847,.T.);
#9353=ORIENTED_EDGE('',*,*,#6859,.T.);
#9354=ORIENTED_EDGE('',*,*,#6890,.F.);
#9355=ORIENTED_EDGE('',*,*,#6891,.F.);
#9356=ORIENTED_EDGE('',*,*,#6892,.F.);
#9357=ORIENTED_EDGE('',*,*,#6893,.F.);
#9358=ORIENTED_EDGE('',*,*,#6894,.F.);
#9359=ORIENTED_EDGE('',*,*,#6895,.F.);
#9360=ORIENTED_EDGE('',*,*,#6896,.F.);
#9361=ORIENTED_EDGE('',*,*,#6897,.F.);
#9362=ORIENTED_EDGE('',*,*,#6898,.F.);
#9363=ORIENTED_EDGE('',*,*,#6899,.F.);
#9364=ORIENTED_EDGE('',*,*,#6900,.F.);
#9365=ORIENTED_EDGE('',*,*,#6901,.F.);
#9366=ORIENTED_EDGE('',*,*,#6902,.F.);
#9367=ORIENTED_EDGE('',*,*,#6686,.T.);
#9368=ORIENTED_EDGE('',*,*,#6903,.F.);
#9369=ORIENTED_EDGE('',*,*,#6853,.T.);
#9370=ORIENTED_EDGE('',*,*,#6858,.T.);
#9371=ORIENTED_EDGE('',*,*,#6851,.T.);
#9372=ORIENTED_EDGE('',*,*,#6904,.T.);
#9373=ORIENTED_EDGE('',*,*,#6905,.F.);
#9374=ORIENTED_EDGE('',*,*,#6883,.F.);
#9375=ORIENTED_EDGE('',*,*,#6906,.F.);
#9376=ORIENTED_EDGE('',*,*,#6907,.F.);
#9377=ORIENTED_EDGE('',*,*,#6905,.T.);
#9378=ORIENTED_EDGE('',*,*,#6908,.F.);
#9379=ORIENTED_EDGE('',*,*,#6909,.F.);
#9380=ORIENTED_EDGE('',*,*,#6910,.F.);
#9381=ORIENTED_EDGE('',*,*,#6911,.F.);
#9382=ORIENTED_EDGE('',*,*,#6884,.F.);
#9383=ORIENTED_EDGE('',*,*,#6882,.F.);
#9384=ORIENTED_EDGE('',*,*,#6912,.F.);
#9385=ORIENTED_EDGE('',*,*,#6913,.F.);
#9386=ORIENTED_EDGE('',*,*,#6906,.T.);
#9387=ORIENTED_EDGE('',*,*,#6912,.T.);
#9388=ORIENTED_EDGE('',*,*,#6881,.T.);
#9389=ORIENTED_EDGE('',*,*,#6914,.F.);
#9390=ORIENTED_EDGE('',*,*,#6915,.F.);
#9391=ORIENTED_EDGE('',*,*,#6916,.F.);
#9392=ORIENTED_EDGE('',*,*,#6917,.F.);
#9393=ORIENTED_EDGE('',*,*,#6878,.T.);
#9394=ORIENTED_EDGE('',*,*,#6918,.T.);
#9395=ORIENTED_EDGE('',*,*,#6919,.T.);
#9396=ORIENTED_EDGE('',*,*,#6920,.F.);
#9397=ORIENTED_EDGE('',*,*,#6921,.F.);
#9398=ORIENTED_EDGE('',*,*,#6848,.T.);
#9399=ORIENTED_EDGE('',*,*,#6889,.T.);
#9400=ORIENTED_EDGE('',*,*,#6922,.T.);
#9401=ORIENTED_EDGE('',*,*,#6923,.T.);
#9402=ORIENTED_EDGE('',*,*,#6924,.T.);
#9403=ORIENTED_EDGE('',*,*,#6925,.T.);
#9404=ORIENTED_EDGE('',*,*,#6922,.F.);
#9405=ORIENTED_EDGE('',*,*,#6888,.T.);
#9406=ORIENTED_EDGE('',*,*,#6926,.T.);
#9407=ORIENTED_EDGE('',*,*,#6927,.T.);
#9408=ORIENTED_EDGE('',*,*,#6924,.F.);
#9409=ORIENTED_EDGE('',*,*,#6887,.T.);
#9410=ORIENTED_EDGE('',*,*,#6928,.T.);
#9411=ORIENTED_EDGE('',*,*,#6929,.T.);
#9412=ORIENTED_EDGE('',*,*,#6926,.F.);
#9413=ORIENTED_EDGE('',*,*,#6886,.T.);
#9414=ORIENTED_EDGE('',*,*,#6911,.T.);
#9415=ORIENTED_EDGE('',*,*,#6930,.T.);
#9416=ORIENTED_EDGE('',*,*,#6928,.F.);
#9417=ORIENTED_EDGE('',*,*,#6885,.T.);
#9418=ORIENTED_EDGE('',*,*,#6923,.F.);
#9419=ORIENTED_EDGE('',*,*,#6931,.F.);
#9420=ORIENTED_EDGE('',*,*,#6932,.T.);
#9421=ORIENTED_EDGE('',*,*,#6933,.T.);
#9422=ORIENTED_EDGE('',*,*,#6934,.F.);
#9423=ORIENTED_EDGE('',*,*,#6855,.T.);
#9424=ORIENTED_EDGE('',*,*,#6935,.T.);
#9425=ORIENTED_EDGE('',*,*,#6936,.T.);
#9426=ORIENTED_EDGE('',*,*,#6937,.T.);
#9427=ORIENTED_EDGE('',*,*,#6849,.T.);
#9428=ORIENTED_EDGE('',*,*,#6866,.T.);
#9429=ORIENTED_EDGE('',*,*,#6938,.T.);
#9430=ORIENTED_EDGE('',*,*,#6939,.T.);
#9431=ORIENTED_EDGE('',*,*,#6940,.T.);
#9432=ORIENTED_EDGE('',*,*,#6914,.T.);
#9433=ORIENTED_EDGE('',*,*,#6880,.T.);
#9434=ORIENTED_EDGE('',*,*,#6941,.T.);
#9435=ORIENTED_EDGE('',*,*,#6942,.T.);
#9436=ORIENTED_EDGE('',*,*,#6920,.T.);
#9437=ORIENTED_EDGE('',*,*,#6943,.T.);
#9438=ORIENTED_EDGE('',*,*,#6941,.F.);
#9439=ORIENTED_EDGE('',*,*,#6879,.T.);
#9440=ORIENTED_EDGE('',*,*,#6918,.F.);
#9441=ORIENTED_EDGE('',*,*,#6877,.T.);
#9442=ORIENTED_EDGE('',*,*,#6944,.T.);
#9443=ORIENTED_EDGE('',*,*,#6945,.T.);
#9444=ORIENTED_EDGE('',*,*,#6946,.T.);
#9445=ORIENTED_EDGE('',*,*,#6947,.T.);
#9446=ORIENTED_EDGE('',*,*,#6944,.F.);
#9447=ORIENTED_EDGE('',*,*,#6876,.T.);
#9448=ORIENTED_EDGE('',*,*,#6948,.T.);
#9449=ORIENTED_EDGE('',*,*,#6949,.T.);
#9450=ORIENTED_EDGE('',*,*,#6946,.F.);
#9451=ORIENTED_EDGE('',*,*,#6875,.T.);
#9452=ORIENTED_EDGE('',*,*,#6950,.T.);
#9453=ORIENTED_EDGE('',*,*,#6951,.T.);
#9454=ORIENTED_EDGE('',*,*,#6948,.F.);
#9455=ORIENTED_EDGE('',*,*,#6874,.T.);
#9456=ORIENTED_EDGE('',*,*,#6952,.T.);
#9457=ORIENTED_EDGE('',*,*,#6953,.T.);
#9458=ORIENTED_EDGE('',*,*,#6950,.F.);
#9459=ORIENTED_EDGE('',*,*,#6873,.T.);
#9460=ORIENTED_EDGE('',*,*,#6954,.T.);
#9461=ORIENTED_EDGE('',*,*,#6955,.T.);
#9462=ORIENTED_EDGE('',*,*,#6952,.F.);
#9463=ORIENTED_EDGE('',*,*,#6872,.T.);
#9464=ORIENTED_EDGE('',*,*,#6956,.T.);
#9465=ORIENTED_EDGE('',*,*,#6957,.T.);
#9466=ORIENTED_EDGE('',*,*,#6954,.F.);
#9467=ORIENTED_EDGE('',*,*,#6871,.T.);
#9468=ORIENTED_EDGE('',*,*,#6958,.T.);
#9469=ORIENTED_EDGE('',*,*,#6959,.T.);
#9470=ORIENTED_EDGE('',*,*,#6956,.F.);
#9471=ORIENTED_EDGE('',*,*,#6870,.T.);
#9472=ORIENTED_EDGE('',*,*,#6960,.T.);
#9473=ORIENTED_EDGE('',*,*,#6961,.T.);
#9474=ORIENTED_EDGE('',*,*,#6958,.F.);
#9475=ORIENTED_EDGE('',*,*,#6869,.T.);
#9476=ORIENTED_EDGE('',*,*,#6962,.T.);
#9477=ORIENTED_EDGE('',*,*,#6963,.T.);
#9478=ORIENTED_EDGE('',*,*,#6960,.F.);
#9479=ORIENTED_EDGE('',*,*,#6868,.T.);
#9480=ORIENTED_EDGE('',*,*,#6964,.T.);
#9481=ORIENTED_EDGE('',*,*,#6962,.F.);
#9482=ORIENTED_EDGE('',*,*,#6867,.T.);
#9483=ORIENTED_EDGE('',*,*,#6940,.F.);
#9484=ORIENTED_EDGE('',*,*,#6965,.T.);
#9485=ORIENTED_EDGE('',*,*,#6966,.T.);
#9486=ORIENTED_EDGE('',*,*,#6938,.F.);
#9487=ORIENTED_EDGE('',*,*,#6865,.T.);
#9488=ORIENTED_EDGE('',*,*,#6967,.T.);
#9489=ORIENTED_EDGE('',*,*,#6968,.T.);
#9490=ORIENTED_EDGE('',*,*,#6965,.F.);
#9491=ORIENTED_EDGE('',*,*,#6864,.T.);
#9492=ORIENTED_EDGE('',*,*,#6969,.T.);
#9493=ORIENTED_EDGE('',*,*,#6970,.T.);
#9494=ORIENTED_EDGE('',*,*,#6967,.F.);
#9495=ORIENTED_EDGE('',*,*,#6863,.T.);
#9496=ORIENTED_EDGE('',*,*,#6971,.T.);
#9497=ORIENTED_EDGE('',*,*,#6972,.T.);
#9498=ORIENTED_EDGE('',*,*,#6969,.F.);
#9499=ORIENTED_EDGE('',*,*,#6862,.T.);
#9500=ORIENTED_EDGE('',*,*,#6973,.T.);
#9501=ORIENTED_EDGE('',*,*,#6974,.T.);
#9502=ORIENTED_EDGE('',*,*,#6971,.F.);
#9503=ORIENTED_EDGE('',*,*,#6861,.T.);
#9504=ORIENTED_EDGE('',*,*,#6856,.T.);
#9505=ORIENTED_EDGE('',*,*,#6934,.T.);
#9506=ORIENTED_EDGE('',*,*,#6973,.F.);
#9507=ORIENTED_EDGE('',*,*,#6860,.T.);
#9508=ORIENTED_EDGE('',*,*,#6930,.F.);
#9509=ORIENTED_EDGE('',*,*,#6910,.T.);
#9510=ORIENTED_EDGE('',*,*,#6975,.F.);
#9511=ORIENTED_EDGE('',*,*,#6976,.F.);
#9512=ORIENTED_EDGE('',*,*,#6977,.F.);
#9513=ORIENTED_EDGE('',*,*,#6915,.T.);
#9514=ORIENTED_EDGE('',*,*,#6942,.F.);
#9515=ORIENTED_EDGE('',*,*,#6978,.F.);
#9516=ORIENTED_EDGE('',*,*,#6979,.T.);
#9517=ORIENTED_EDGE('',*,*,#6980,.T.);
#9518=ORIENTED_EDGE('',*,*,#6981,.T.);
#9519=ORIENTED_EDGE('',*,*,#6982,.T.);
#9520=ORIENTED_EDGE('',*,*,#6902,.T.);
#9521=ORIENTED_EDGE('',*,*,#6983,.T.);
#9522=ORIENTED_EDGE('',*,*,#6690,.F.);
#9523=ORIENTED_EDGE('',*,*,#6983,.F.);
#9524=ORIENTED_EDGE('',*,*,#6984,.F.);
#9525=ORIENTED_EDGE('',*,*,#6985,.F.);
#9526=ORIENTED_EDGE('',*,*,#6986,.F.);
#9527=ORIENTED_EDGE('',*,*,#6987,.T.);
#9528=ORIENTED_EDGE('',*,*,#6988,.T.);
#9529=ORIENTED_EDGE('',*,*,#6989,.F.);
#9530=ORIENTED_EDGE('',*,*,#6990,.F.);
#9531=ORIENTED_EDGE('',*,*,#6991,.T.);
#9532=ORIENTED_EDGE('',*,*,#6701,.T.);
#9533=ORIENTED_EDGE('',*,*,#6992,.T.);
#9534=ORIENTED_EDGE('',*,*,#6993,.T.);
#9535=ORIENTED_EDGE('',*,*,#6698,.T.);
#9536=ORIENTED_EDGE('',*,*,#6994,.T.);
#9537=ORIENTED_EDGE('',*,*,#6995,.T.);
#9538=ORIENTED_EDGE('',*,*,#6996,.T.);
#9539=ORIENTED_EDGE('',*,*,#6693,.T.);
#9540=ORIENTED_EDGE('',*,*,#6745,.F.);
#9541=ORIENTED_EDGE('',*,*,#6997,.F.);
#9542=ORIENTED_EDGE('',*,*,#6989,.T.);
#9543=ORIENTED_EDGE('',*,*,#6998,.T.);
#9544=ORIENTED_EDGE('',*,*,#6999,.T.);
#9545=ORIENTED_EDGE('',*,*,#6675,.T.);
#9546=ORIENTED_EDGE('',*,*,#7000,.T.);
#9547=ORIENTED_EDGE('',*,*,#7001,.T.);
#9548=ORIENTED_EDGE('',*,*,#7002,.T.);
#9549=ORIENTED_EDGE('',*,*,#6671,.T.);
#9550=ORIENTED_EDGE('',*,*,#6835,.T.);
#9551=ORIENTED_EDGE('',*,*,#6836,.F.);
#9552=ORIENTED_EDGE('',*,*,#6829,.F.);
#9553=ORIENTED_EDGE('',*,*,#6816,.T.);
#9554=ORIENTED_EDGE('',*,*,#7003,.T.);
#9555=ORIENTED_EDGE('',*,*,#7004,.T.);
#9556=ORIENTED_EDGE('',*,*,#7005,.F.);
#9557=ORIENTED_EDGE('',*,*,#7006,.T.);
#9558=ORIENTED_EDGE('',*,*,#7007,.T.);
#9559=ORIENTED_EDGE('',*,*,#6683,.T.);
#9560=ORIENTED_EDGE('',*,*,#6777,.T.);
#9561=ORIENTED_EDGE('',*,*,#6681,.F.);
#9562=ORIENTED_EDGE('',*,*,#7008,.F.);
#9563=ORIENTED_EDGE('',*,*,#7009,.F.);
#9564=ORIENTED_EDGE('',*,*,#6775,.T.);
#9565=ORIENTED_EDGE('',*,*,#7010,.F.);
#9566=ORIENTED_EDGE('',*,*,#6761,.F.);
#9567=ORIENTED_EDGE('',*,*,#6741,.F.);
#9568=ORIENTED_EDGE('',*,*,#6691,.F.);
#9569=ORIENTED_EDGE('',*,*,#7011,.T.);
#9570=ORIENTED_EDGE('',*,*,#6714,.F.);
#9571=ORIENTED_EDGE('',*,*,#7012,.T.);
#9572=ORIENTED_EDGE('',*,*,#7013,.F.);
#9573=ORIENTED_EDGE('',*,*,#7014,.F.);
#9574=ORIENTED_EDGE('',*,*,#6722,.F.);
#9575=ORIENTED_EDGE('',*,*,#7015,.F.);
#9576=ORIENTED_EDGE('',*,*,#7016,.T.);
#9577=ORIENTED_EDGE('',*,*,#7014,.T.);
#9578=ORIENTED_EDGE('',*,*,#7017,.T.);
#9579=ORIENTED_EDGE('',*,*,#7018,.F.);
#9580=ORIENTED_EDGE('',*,*,#7019,.T.);
#9581=ORIENTED_EDGE('',*,*,#7020,.T.);
#9582=ORIENTED_EDGE('',*,*,#6723,.T.);
#9583=ORIENTED_EDGE('',*,*,#7021,.T.);
#9584=ORIENTED_EDGE('',*,*,#7022,.T.);
#9585=ORIENTED_EDGE('',*,*,#6724,.T.);
#9586=ORIENTED_EDGE('',*,*,#7020,.F.);
#9587=ORIENTED_EDGE('',*,*,#7023,.T.);
#9588=ORIENTED_EDGE('',*,*,#7024,.T.);
#9589=ORIENTED_EDGE('',*,*,#7012,.F.);
#9590=ORIENTED_EDGE('',*,*,#6713,.T.);
#9591=ORIENTED_EDGE('',*,*,#7025,.T.);
#9592=ORIENTED_EDGE('',*,*,#7026,.T.);
#9593=ORIENTED_EDGE('',*,*,#7027,.T.);
#9594=ORIENTED_EDGE('',*,*,#6709,.T.);
#9595=ORIENTED_EDGE('',*,*,#7028,.T.);
#9596=ORIENTED_EDGE('',*,*,#7029,.F.);
#9597=ORIENTED_EDGE('',*,*,#7030,.T.);
#9598=ORIENTED_EDGE('',*,*,#7031,.T.);
#9599=ORIENTED_EDGE('',*,*,#7032,.F.);
#9600=ORIENTED_EDGE('',*,*,#7033,.F.);
#9601=ORIENTED_EDGE('',*,*,#7034,.F.);
#9602=ORIENTED_EDGE('',*,*,#7035,.F.);
#9603=ORIENTED_EDGE('',*,*,#7036,.F.);
#9604=ORIENTED_EDGE('',*,*,#7037,.F.);
#9605=ORIENTED_EDGE('',*,*,#7034,.T.);
#9606=ORIENTED_EDGE('',*,*,#7038,.F.);
#9607=ORIENTED_EDGE('',*,*,#7039,.T.);
#9608=ORIENTED_EDGE('',*,*,#7024,.F.);
#9609=ORIENTED_EDGE('',*,*,#7040,.T.);
#9610=ORIENTED_EDGE('',*,*,#7041,.T.);
#9611=ORIENTED_EDGE('',*,*,#7042,.T.);
#9612=ORIENTED_EDGE('',*,*,#7036,.T.);
#9613=ORIENTED_EDGE('',*,*,#7043,.T.);
#9614=ORIENTED_EDGE('',*,*,#7032,.T.);
#9615=ORIENTED_EDGE('',*,*,#7044,.T.);
#9616=ORIENTED_EDGE('',*,*,#7045,.T.);
#9617=ORIENTED_EDGE('',*,*,#6729,.T.);
#9618=ORIENTED_EDGE('',*,*,#7046,.T.);
#9619=ORIENTED_EDGE('',*,*,#7038,.T.);
#9620=ORIENTED_EDGE('',*,*,#7033,.T.);
#9621=ORIENTED_EDGE('',*,*,#7043,.F.);
#9622=ORIENTED_EDGE('',*,*,#7047,.F.);
#9623=ORIENTED_EDGE('',*,*,#7048,.F.);
#9624=ORIENTED_EDGE('',*,*,#7049,.F.);
#9625=ORIENTED_EDGE('',*,*,#7050,.F.);
#9626=ORIENTED_EDGE('',*,*,#7051,.F.);
#9627=ORIENTED_EDGE('',*,*,#7052,.F.);
#9628=ORIENTED_EDGE('',*,*,#7049,.T.);
#9629=ORIENTED_EDGE('',*,*,#7053,.F.);
#9630=ORIENTED_EDGE('',*,*,#7054,.T.);
#9631=ORIENTED_EDGE('',*,*,#7051,.T.);
#9632=ORIENTED_EDGE('',*,*,#7055,.T.);
#9633=ORIENTED_EDGE('',*,*,#7056,.F.);
#9634=ORIENTED_EDGE('',*,*,#7057,.T.);
#9635=ORIENTED_EDGE('',*,*,#7058,.T.);
#9636=ORIENTED_EDGE('',*,*,#7059,.T.);
#9637=ORIENTED_EDGE('',*,*,#7060,.F.);
#9638=ORIENTED_EDGE('',*,*,#7061,.T.);
#9639=ORIENTED_EDGE('',*,*,#7062,.T.);
#9640=ORIENTED_EDGE('',*,*,#7063,.T.);
#9641=ORIENTED_EDGE('',*,*,#7047,.T.);
#9642=ORIENTED_EDGE('',*,*,#7064,.T.);
#9643=ORIENTED_EDGE('',*,*,#7065,.T.);
#9644=ORIENTED_EDGE('',*,*,#6797,.T.);
#9645=ORIENTED_EDGE('',*,*,#7066,.T.);
#9646=ORIENTED_EDGE('',*,*,#7053,.T.);
#9647=ORIENTED_EDGE('',*,*,#7048,.T.);
#9648=ORIENTED_EDGE('',*,*,#7063,.F.);
#9649=ORIENTED_EDGE('',*,*,#7067,.F.);
#9650=ORIENTED_EDGE('',*,*,#7055,.F.);
#9651=ORIENTED_EDGE('',*,*,#7068,.T.);
#9652=ORIENTED_EDGE('',*,*,#7058,.F.);
#9653=ORIENTED_EDGE('',*,*,#7069,.T.);
#9654=ORIENTED_EDGE('',*,*,#7070,.T.);
#9655=ORIENTED_EDGE('',*,*,#6807,.T.);
#9656=ORIENTED_EDGE('',*,*,#7071,.T.);
#9657=ORIENTED_EDGE('',*,*,#7072,.T.);
#9658=ORIENTED_EDGE('',*,*,#7073,.T.);
#9659=ORIENTED_EDGE('',*,*,#6803,.T.);
#9660=ORIENTED_EDGE('',*,*,#7074,.T.);
#9661=ORIENTED_EDGE('',*,*,#7075,.F.);
#9662=ORIENTED_EDGE('',*,*,#7076,.F.);
#9663=ORIENTED_EDGE('',*,*,#7077,.F.);
#9664=ORIENTED_EDGE('',*,*,#7078,.F.);
#9665=ORIENTED_EDGE('',*,*,#7079,.F.);
#9666=ORIENTED_EDGE('',*,*,#7080,.F.);
#9667=ORIENTED_EDGE('',*,*,#7077,.T.);
#9668=ORIENTED_EDGE('',*,*,#7081,.F.);
#9669=ORIENTED_EDGE('',*,*,#7076,.T.);
#9670=ORIENTED_EDGE('',*,*,#7082,.F.);
#9671=ORIENTED_EDGE('',*,*,#7083,.F.);
#9672=ORIENTED_EDGE('',*,*,#7084,.F.);
#9673=ORIENTED_EDGE('',*,*,#7081,.T.);
#9674=ORIENTED_EDGE('',*,*,#7085,.T.);
#9675=ORIENTED_EDGE('',*,*,#7079,.T.);
#9676=ORIENTED_EDGE('',*,*,#7084,.T.);
#9677=ORIENTED_EDGE('',*,*,#7086,.F.);
#9678=ORIENTED_EDGE('',*,*,#7087,.T.);
#9679=ORIENTED_EDGE('',*,*,#7005,.T.);
#9680=ORIENTED_EDGE('',*,*,#6715,.F.);
#9681=ORIENTED_EDGE('',*,*,#7011,.F.);
#9682=ORIENTED_EDGE('',*,*,#7088,.F.);
#9683=ORIENTED_EDGE('',*,*,#7089,.T.);
#9684=ORIENTED_EDGE('',*,*,#6721,.F.);
#9685=ORIENTED_EDGE('',*,*,#7090,.F.);
#9686=ORIENTED_EDGE('',*,*,#7091,.F.);
#9687=ORIENTED_EDGE('',*,*,#7015,.T.);
#9688=ORIENTED_EDGE('',*,*,#6720,.F.);
#9689=ORIENTED_EDGE('',*,*,#7092,.F.);
#9690=ORIENTED_EDGE('',*,*,#7093,.F.);
#9691=ORIENTED_EDGE('',*,*,#7090,.T.);
#9692=ORIENTED_EDGE('',*,*,#6719,.F.);
#9693=ORIENTED_EDGE('',*,*,#7094,.F.);
#9694=ORIENTED_EDGE('',*,*,#7095,.F.);
#9695=ORIENTED_EDGE('',*,*,#7092,.T.);
#9696=ORIENTED_EDGE('',*,*,#6718,.F.);
#9697=ORIENTED_EDGE('',*,*,#7096,.F.);
#9698=ORIENTED_EDGE('',*,*,#7097,.F.);
#9699=ORIENTED_EDGE('',*,*,#7094,.T.);
#9700=ORIENTED_EDGE('',*,*,#6717,.F.);
#9701=ORIENTED_EDGE('',*,*,#7098,.F.);
#9702=ORIENTED_EDGE('',*,*,#7099,.F.);
#9703=ORIENTED_EDGE('',*,*,#7096,.T.);
#9704=ORIENTED_EDGE('',*,*,#6716,.F.);
#9705=ORIENTED_EDGE('',*,*,#7089,.F.);
#9706=ORIENTED_EDGE('',*,*,#7100,.F.);
#9707=ORIENTED_EDGE('',*,*,#7098,.T.);
#9708=ORIENTED_EDGE('',*,*,#7091,.T.);
#9709=ORIENTED_EDGE('',*,*,#7093,.T.);
#9710=ORIENTED_EDGE('',*,*,#7095,.T.);
#9711=ORIENTED_EDGE('',*,*,#7097,.T.);
#9712=ORIENTED_EDGE('',*,*,#7099,.T.);
#9713=ORIENTED_EDGE('',*,*,#7100,.T.);
#9714=ORIENTED_EDGE('',*,*,#7088,.T.);
#9715=ORIENTED_EDGE('',*,*,#7013,.T.);
#9716=ORIENTED_EDGE('',*,*,#7031,.F.);
#9717=ORIENTED_EDGE('',*,*,#7101,.F.);
#9718=ORIENTED_EDGE('',*,*,#7017,.F.);
#9719=ORIENTED_EDGE('',*,*,#7016,.F.);
#9720=ORIENTED_EDGE('',*,*,#7102,.T.);
#9721=ORIENTED_EDGE('',*,*,#7103,.T.);
#9722=ORIENTED_EDGE('',*,*,#7104,.T.);
#9723=ORIENTED_EDGE('',*,*,#7021,.F.);
#9724=ORIENTED_EDGE('',*,*,#7039,.F.);
#9725=ORIENTED_EDGE('',*,*,#7105,.T.);
#9726=ORIENTED_EDGE('',*,*,#6725,.F.);
#9727=ORIENTED_EDGE('',*,*,#7022,.F.);
#9728=ORIENTED_EDGE('',*,*,#7104,.F.);
#9729=ORIENTED_EDGE('',*,*,#7106,.T.);
#9730=ORIENTED_EDGE('',*,*,#6726,.F.);
#9731=ORIENTED_EDGE('',*,*,#7106,.F.);
#9732=ORIENTED_EDGE('',*,*,#7103,.F.);
#9733=ORIENTED_EDGE('',*,*,#7107,.T.);
#9734=ORIENTED_EDGE('',*,*,#6727,.F.);
#9735=ORIENTED_EDGE('',*,*,#7107,.F.);
#9736=ORIENTED_EDGE('',*,*,#7102,.F.);
#9737=ORIENTED_EDGE('',*,*,#7108,.T.);
#9738=ORIENTED_EDGE('',*,*,#6728,.F.);
#9739=ORIENTED_EDGE('',*,*,#7108,.F.);
#9740=ORIENTED_EDGE('',*,*,#7105,.F.);
#9741=ORIENTED_EDGE('',*,*,#7046,.F.);
#9742=ORIENTED_EDGE('',*,*,#6796,.F.);
#9743=ORIENTED_EDGE('',*,*,#7109,.F.);
#9744=ORIENTED_EDGE('',*,*,#7110,.F.);
#9745=ORIENTED_EDGE('',*,*,#7066,.F.);
#9746=ORIENTED_EDGE('',*,*,#6795,.F.);
#9747=ORIENTED_EDGE('',*,*,#7111,.F.);
#9748=ORIENTED_EDGE('',*,*,#7112,.F.);
#9749=ORIENTED_EDGE('',*,*,#7109,.T.);
#9750=ORIENTED_EDGE('',*,*,#6794,.F.);
#9751=ORIENTED_EDGE('',*,*,#7113,.F.);
#9752=ORIENTED_EDGE('',*,*,#7114,.F.);
#9753=ORIENTED_EDGE('',*,*,#7111,.T.);
#9754=ORIENTED_EDGE('',*,*,#6793,.F.);
#9755=ORIENTED_EDGE('',*,*,#7115,.F.);
#9756=ORIENTED_EDGE('',*,*,#7116,.F.);
#9757=ORIENTED_EDGE('',*,*,#7113,.T.);
#9758=ORIENTED_EDGE('',*,*,#6792,.F.);
#9759=ORIENTED_EDGE('',*,*,#7117,.F.);
#9760=ORIENTED_EDGE('',*,*,#7118,.F.);
#9761=ORIENTED_EDGE('',*,*,#7115,.T.);
#9762=ORIENTED_EDGE('',*,*,#6791,.F.);
#9763=ORIENTED_EDGE('',*,*,#7119,.F.);
#9764=ORIENTED_EDGE('',*,*,#7120,.F.);
#9765=ORIENTED_EDGE('',*,*,#7117,.T.);
#9766=ORIENTED_EDGE('',*,*,#7112,.T.);
#9767=ORIENTED_EDGE('',*,*,#7114,.T.);
#9768=ORIENTED_EDGE('',*,*,#7116,.T.);
#9769=ORIENTED_EDGE('',*,*,#7118,.T.);
#9770=ORIENTED_EDGE('',*,*,#7120,.T.);
#9771=ORIENTED_EDGE('',*,*,#7121,.F.);
#9772=ORIENTED_EDGE('',*,*,#7122,.F.);
#9773=ORIENTED_EDGE('',*,*,#7123,.F.);
#9774=ORIENTED_EDGE('',*,*,#7059,.F.);
#9775=ORIENTED_EDGE('',*,*,#7110,.T.);
#9776=ORIENTED_EDGE('',*,*,#7124,.T.);
#9777=ORIENTED_EDGE('',*,*,#7125,.T.);
#9778=ORIENTED_EDGE('',*,*,#7126,.T.);
#9779=ORIENTED_EDGE('',*,*,#7127,.T.);
#9780=ORIENTED_EDGE('',*,*,#7128,.F.);
#9781=ORIENTED_EDGE('',*,*,#7078,.T.);
#9782=ORIENTED_EDGE('',*,*,#7080,.T.);
#9783=ORIENTED_EDGE('',*,*,#7085,.F.);
#9784=ORIENTED_EDGE('',*,*,#7004,.F.);
#9785=ORIENTED_EDGE('',*,*,#7129,.T.);
#9786=ORIENTED_EDGE('',*,*,#6811,.F.);
#9787=ORIENTED_EDGE('',*,*,#7130,.F.);
#9788=ORIENTED_EDGE('',*,*,#7127,.F.);
#9789=ORIENTED_EDGE('',*,*,#7131,.T.);
#9790=ORIENTED_EDGE('',*,*,#6812,.F.);
#9791=ORIENTED_EDGE('',*,*,#7131,.F.);
#9792=ORIENTED_EDGE('',*,*,#7126,.F.);
#9793=ORIENTED_EDGE('',*,*,#7132,.T.);
#9794=ORIENTED_EDGE('',*,*,#6813,.F.);
#9795=ORIENTED_EDGE('',*,*,#7132,.F.);
#9796=ORIENTED_EDGE('',*,*,#7125,.F.);
#9797=ORIENTED_EDGE('',*,*,#7133,.T.);
#9798=ORIENTED_EDGE('',*,*,#6814,.F.);
#9799=ORIENTED_EDGE('',*,*,#7133,.F.);
#9800=ORIENTED_EDGE('',*,*,#7124,.F.);
#9801=ORIENTED_EDGE('',*,*,#7134,.T.);
#9802=ORIENTED_EDGE('',*,*,#6815,.F.);
#9803=ORIENTED_EDGE('',*,*,#7134,.F.);
#9804=ORIENTED_EDGE('',*,*,#7129,.F.);
#9805=ORIENTED_EDGE('',*,*,#7003,.F.);
#9806=ORIENTED_EDGE('',*,*,#6739,.F.);
#9807=ORIENTED_EDGE('',*,*,#7135,.F.);
#9808=ORIENTED_EDGE('',*,*,#6762,.F.);
#9809=ORIENTED_EDGE('',*,*,#7010,.T.);
#9810=ORIENTED_EDGE('',*,*,#6738,.F.);
#9811=ORIENTED_EDGE('',*,*,#7136,.F.);
#9812=ORIENTED_EDGE('',*,*,#6763,.F.);
#9813=ORIENTED_EDGE('',*,*,#7135,.T.);
#9814=ORIENTED_EDGE('',*,*,#6737,.F.);
#9815=ORIENTED_EDGE('',*,*,#7137,.F.);
#9816=ORIENTED_EDGE('',*,*,#6764,.F.);
#9817=ORIENTED_EDGE('',*,*,#7136,.T.);
#9818=ORIENTED_EDGE('',*,*,#6788,.F.);
#9819=ORIENTED_EDGE('',*,*,#7138,.F.);
#9820=ORIENTED_EDGE('',*,*,#6765,.F.);
#9821=ORIENTED_EDGE('',*,*,#7137,.T.);
#9822=ORIENTED_EDGE('',*,*,#6736,.F.);
#9823=ORIENTED_EDGE('',*,*,#6837,.F.);
#9824=ORIENTED_EDGE('',*,*,#6787,.F.);
#9825=ORIENTED_EDGE('',*,*,#7139,.F.);
#9826=ORIENTED_EDGE('',*,*,#6766,.F.);
#9827=ORIENTED_EDGE('',*,*,#7138,.T.);
#9828=ORIENTED_EDGE('',*,*,#6786,.F.);
#9829=ORIENTED_EDGE('',*,*,#7140,.F.);
#9830=ORIENTED_EDGE('',*,*,#6767,.F.);
#9831=ORIENTED_EDGE('',*,*,#7139,.T.);
#9832=ORIENTED_EDGE('',*,*,#6785,.F.);
#9833=ORIENTED_EDGE('',*,*,#7141,.F.);
#9834=ORIENTED_EDGE('',*,*,#6768,.F.);
#9835=ORIENTED_EDGE('',*,*,#7140,.T.);
#9836=ORIENTED_EDGE('',*,*,#6784,.F.);
#9837=ORIENTED_EDGE('',*,*,#7142,.F.);
#9838=ORIENTED_EDGE('',*,*,#6769,.F.);
#9839=ORIENTED_EDGE('',*,*,#7141,.T.);
#9840=ORIENTED_EDGE('',*,*,#6783,.F.);
#9841=ORIENTED_EDGE('',*,*,#7143,.F.);
#9842=ORIENTED_EDGE('',*,*,#6770,.F.);
#9843=ORIENTED_EDGE('',*,*,#7142,.T.);
#9844=ORIENTED_EDGE('',*,*,#6782,.F.);
#9845=ORIENTED_EDGE('',*,*,#7144,.F.);
#9846=ORIENTED_EDGE('',*,*,#6771,.F.);
#9847=ORIENTED_EDGE('',*,*,#7143,.T.);
#9848=ORIENTED_EDGE('',*,*,#6781,.F.);
#9849=ORIENTED_EDGE('',*,*,#7145,.F.);
#9850=ORIENTED_EDGE('',*,*,#6772,.F.);
#9851=ORIENTED_EDGE('',*,*,#7144,.T.);
#9852=ORIENTED_EDGE('',*,*,#6780,.F.);
#9853=ORIENTED_EDGE('',*,*,#7146,.F.);
#9854=ORIENTED_EDGE('',*,*,#6773,.F.);
#9855=ORIENTED_EDGE('',*,*,#7145,.T.);
#9856=ORIENTED_EDGE('',*,*,#6669,.F.);
#9857=ORIENTED_EDGE('',*,*,#7147,.F.);
#9858=ORIENTED_EDGE('',*,*,#6774,.F.);
#9859=ORIENTED_EDGE('',*,*,#7146,.T.);
#9860=ORIENTED_EDGE('',*,*,#6779,.F.);
#9861=ORIENTED_EDGE('',*,*,#6825,.F.);
#9862=ORIENTED_EDGE('',*,*,#6668,.F.);
#9863=ORIENTED_EDGE('',*,*,#6659,.F.);
#9864=ORIENTED_EDGE('',*,*,#6746,.F.);
#9865=ORIENTED_EDGE('',*,*,#7147,.T.);
#9866=ORIENTED_EDGE('',*,*,#7148,.T.);
#9867=ORIENTED_EDGE('',*,*,#7149,.T.);
#9868=ORIENTED_EDGE('',*,*,#7001,.F.);
#9869=ORIENTED_EDGE('',*,*,#7150,.T.);
#9870=ORIENTED_EDGE('',*,*,#6674,.F.);
#9871=ORIENTED_EDGE('',*,*,#7151,.F.);
#9872=ORIENTED_EDGE('',*,*,#7150,.F.);
#9873=ORIENTED_EDGE('',*,*,#7000,.F.);
#9874=ORIENTED_EDGE('',*,*,#6672,.F.);
#9875=ORIENTED_EDGE('',*,*,#7002,.F.);
#9876=ORIENTED_EDGE('',*,*,#7149,.F.);
#9877=ORIENTED_EDGE('',*,*,#7152,.T.);
#9878=ORIENTED_EDGE('',*,*,#6673,.F.);
#9879=ORIENTED_EDGE('',*,*,#7152,.F.);
#9880=ORIENTED_EDGE('',*,*,#7148,.F.);
#9881=ORIENTED_EDGE('',*,*,#7151,.T.);
#9882=ORIENTED_EDGE('',*,*,#6733,.F.);
#9883=ORIENTED_EDGE('',*,*,#7153,.F.);
#9884=ORIENTED_EDGE('',*,*,#7154,.F.);
#9885=ORIENTED_EDGE('',*,*,#7155,.F.);
#9886=ORIENTED_EDGE('',*,*,#6732,.F.);
#9887=ORIENTED_EDGE('',*,*,#7156,.F.);
#9888=ORIENTED_EDGE('',*,*,#7157,.F.);
#9889=ORIENTED_EDGE('',*,*,#7153,.T.);
#9890=ORIENTED_EDGE('',*,*,#6731,.F.);
#9891=ORIENTED_EDGE('',*,*,#7158,.F.);
#9892=ORIENTED_EDGE('',*,*,#7159,.F.);
#9893=ORIENTED_EDGE('',*,*,#7156,.T.);
#9894=ORIENTED_EDGE('',*,*,#6730,.F.);
#9895=ORIENTED_EDGE('',*,*,#7045,.F.);
#9896=ORIENTED_EDGE('',*,*,#7160,.F.);
#9897=ORIENTED_EDGE('',*,*,#7158,.T.);
#9898=ORIENTED_EDGE('',*,*,#7157,.T.);
#9899=ORIENTED_EDGE('',*,*,#7159,.T.);
#9900=ORIENTED_EDGE('',*,*,#7160,.T.);
#9901=ORIENTED_EDGE('',*,*,#7044,.F.);
#9902=ORIENTED_EDGE('',*,*,#7035,.T.);
#9903=ORIENTED_EDGE('',*,*,#7037,.T.);
#9904=ORIENTED_EDGE('',*,*,#7042,.F.);
#9905=ORIENTED_EDGE('',*,*,#7161,.F.);
#9906=ORIENTED_EDGE('',*,*,#7162,.F.);
#9907=ORIENTED_EDGE('',*,*,#7154,.T.);
#9908=ORIENTED_EDGE('',*,*,#7163,.T.);
#9909=ORIENTED_EDGE('',*,*,#7164,.T.);
#9910=ORIENTED_EDGE('',*,*,#7026,.F.);
#9911=ORIENTED_EDGE('',*,*,#7165,.T.);
#9912=ORIENTED_EDGE('',*,*,#6712,.F.);
#9913=ORIENTED_EDGE('',*,*,#7166,.F.);
#9914=ORIENTED_EDGE('',*,*,#7165,.F.);
#9915=ORIENTED_EDGE('',*,*,#7025,.F.);
#9916=ORIENTED_EDGE('',*,*,#6710,.F.);
#9917=ORIENTED_EDGE('',*,*,#7027,.F.);
#9918=ORIENTED_EDGE('',*,*,#7164,.F.);
#9919=ORIENTED_EDGE('',*,*,#7167,.T.);
#9920=ORIENTED_EDGE('',*,*,#6711,.F.);
#9921=ORIENTED_EDGE('',*,*,#7167,.F.);
#9922=ORIENTED_EDGE('',*,*,#7163,.F.);
#9923=ORIENTED_EDGE('',*,*,#7166,.T.);
#9924=ORIENTED_EDGE('',*,*,#6802,.F.);
#9925=ORIENTED_EDGE('',*,*,#7168,.F.);
#9926=ORIENTED_EDGE('',*,*,#7169,.F.);
#9927=ORIENTED_EDGE('',*,*,#7074,.F.);
#9928=ORIENTED_EDGE('',*,*,#6801,.F.);
#9929=ORIENTED_EDGE('',*,*,#7170,.F.);
#9930=ORIENTED_EDGE('',*,*,#7171,.F.);
#9931=ORIENTED_EDGE('',*,*,#7168,.T.);
#9932=ORIENTED_EDGE('',*,*,#6800,.F.);
#9933=ORIENTED_EDGE('',*,*,#7172,.F.);
#9934=ORIENTED_EDGE('',*,*,#7173,.F.);
#9935=ORIENTED_EDGE('',*,*,#7170,.T.);
#9936=ORIENTED_EDGE('',*,*,#6799,.F.);
#9937=ORIENTED_EDGE('',*,*,#7174,.F.);
#9938=ORIENTED_EDGE('',*,*,#7175,.F.);
#9939=ORIENTED_EDGE('',*,*,#7172,.T.);
#9940=ORIENTED_EDGE('',*,*,#6798,.F.);
#9941=ORIENTED_EDGE('',*,*,#7065,.F.);
#9942=ORIENTED_EDGE('',*,*,#7176,.F.);
#9943=ORIENTED_EDGE('',*,*,#7174,.T.);
#9944=ORIENTED_EDGE('',*,*,#7171,.T.);
#9945=ORIENTED_EDGE('',*,*,#7173,.T.);
#9946=ORIENTED_EDGE('',*,*,#7175,.T.);
#9947=ORIENTED_EDGE('',*,*,#7176,.T.);
#9948=ORIENTED_EDGE('',*,*,#7064,.F.);
#9949=ORIENTED_EDGE('',*,*,#7050,.T.);
#9950=ORIENTED_EDGE('',*,*,#7052,.T.);
#9951=ORIENTED_EDGE('',*,*,#7054,.F.);
#9952=ORIENTED_EDGE('',*,*,#7068,.F.);
#9953=ORIENTED_EDGE('',*,*,#7169,.T.);
#9954=ORIENTED_EDGE('',*,*,#7177,.T.);
#9955=ORIENTED_EDGE('',*,*,#7178,.T.);
#9956=ORIENTED_EDGE('',*,*,#7179,.T.);
#9957=ORIENTED_EDGE('',*,*,#7180,.T.);
#9958=ORIENTED_EDGE('',*,*,#6998,.F.);
#9959=ORIENTED_EDGE('',*,*,#6776,.T.);
#9960=ORIENTED_EDGE('',*,*,#7009,.T.);
#9961=ORIENTED_EDGE('',*,*,#7181,.T.);
#9962=ORIENTED_EDGE('',*,*,#6676,.F.);
#9963=ORIENTED_EDGE('',*,*,#6999,.F.);
#9964=ORIENTED_EDGE('',*,*,#7180,.F.);
#9965=ORIENTED_EDGE('',*,*,#7182,.T.);
#9966=ORIENTED_EDGE('',*,*,#6677,.F.);
#9967=ORIENTED_EDGE('',*,*,#7182,.F.);
#9968=ORIENTED_EDGE('',*,*,#7179,.F.);
#9969=ORIENTED_EDGE('',*,*,#7183,.T.);
#9970=ORIENTED_EDGE('',*,*,#6678,.F.);
#9971=ORIENTED_EDGE('',*,*,#7183,.F.);
#9972=ORIENTED_EDGE('',*,*,#7178,.F.);
#9973=ORIENTED_EDGE('',*,*,#7184,.T.);
#9974=ORIENTED_EDGE('',*,*,#6679,.F.);
#9975=ORIENTED_EDGE('',*,*,#7184,.F.);
#9976=ORIENTED_EDGE('',*,*,#7177,.F.);
#9977=ORIENTED_EDGE('',*,*,#7185,.T.);
#9978=ORIENTED_EDGE('',*,*,#6680,.F.);
#9979=ORIENTED_EDGE('',*,*,#7185,.F.);
#9980=ORIENTED_EDGE('',*,*,#7181,.F.);
#9981=ORIENTED_EDGE('',*,*,#7008,.T.);
#9982=ORIENTED_EDGE('',*,*,#6699,.F.);
#9983=ORIENTED_EDGE('',*,*,#6993,.F.);
#9984=ORIENTED_EDGE('',*,*,#7186,.F.);
#9985=ORIENTED_EDGE('',*,*,#7187,.T.);
#9986=ORIENTED_EDGE('',*,*,#6700,.F.);
#9987=ORIENTED_EDGE('',*,*,#7187,.F.);
#9988=ORIENTED_EDGE('',*,*,#7188,.F.);
#9989=ORIENTED_EDGE('',*,*,#6987,.F.);
#9990=ORIENTED_EDGE('',*,*,#7186,.T.);
#9991=ORIENTED_EDGE('',*,*,#6992,.F.);
#9992=ORIENTED_EDGE('',*,*,#6988,.F.);
#9993=ORIENTED_EDGE('',*,*,#7188,.T.);
#9994=ORIENTED_EDGE('',*,*,#7189,.T.);
#9995=ORIENTED_EDGE('',*,*,#7190,.T.);
#9996=ORIENTED_EDGE('',*,*,#7072,.F.);
#9997=ORIENTED_EDGE('',*,*,#7191,.T.);
#9998=ORIENTED_EDGE('',*,*,#6806,.F.);
#9999=ORIENTED_EDGE('',*,*,#7192,.F.);
#10000=ORIENTED_EDGE('',*,*,#7191,.F.);
#10001=ORIENTED_EDGE('',*,*,#7071,.F.);
#10002=ORIENTED_EDGE('',*,*,#6804,.F.);
#10003=ORIENTED_EDGE('',*,*,#7073,.F.);
#10004=ORIENTED_EDGE('',*,*,#7190,.F.);
#10005=ORIENTED_EDGE('',*,*,#7193,.T.);
#10006=ORIENTED_EDGE('',*,*,#6805,.F.);
#10007=ORIENTED_EDGE('',*,*,#7193,.F.);
#10008=ORIENTED_EDGE('',*,*,#7189,.F.);
#10009=ORIENTED_EDGE('',*,*,#7192,.T.);
#10010=ORIENTED_EDGE('',*,*,#6702,.T.);
#10011=ORIENTED_EDGE('',*,*,#6991,.F.);
#10012=ORIENTED_EDGE('',*,*,#7194,.F.);
#10013=ORIENTED_EDGE('',*,*,#7195,.F.);
#10014=ORIENTED_EDGE('',*,*,#7196,.F.);
#10015=ORIENTED_EDGE('',*,*,#7197,.T.);
#10016=ORIENTED_EDGE('',*,*,#7198,.F.);
#10017=ORIENTED_EDGE('',*,*,#7199,.F.);
#10018=ORIENTED_EDGE('',*,*,#6994,.F.);
#10019=ORIENTED_EDGE('',*,*,#6697,.T.);
#10020=ORIENTED_EDGE('',*,*,#7200,.F.);
#10021=ORIENTED_EDGE('',*,*,#6916,.T.);
#10022=ORIENTED_EDGE('',*,*,#6977,.T.);
#10023=ORIENTED_EDGE('',*,*,#7201,.F.);
#10024=ORIENTED_EDGE('',*,*,#6661,.F.);
#10025=ORIENTED_EDGE('',*,*,#6687,.T.);
#10026=ORIENTED_EDGE('',*,*,#6904,.F.);
#10027=ORIENTED_EDGE('',*,*,#6850,.T.);
#10028=ORIENTED_EDGE('',*,*,#6937,.F.);
#10029=ORIENTED_EDGE('',*,*,#7202,.F.);
#10030=ORIENTED_EDGE('',*,*,#6685,.T.);
#10031=ORIENTED_EDGE('',*,*,#6663,.F.);
#10032=ORIENTED_EDGE('',*,*,#7203,.F.);
#10033=ORIENTED_EDGE('',*,*,#6935,.F.);
#10034=ORIENTED_EDGE('',*,*,#6854,.T.);
#10035=ORIENTED_EDGE('',*,*,#6903,.T.);
#10036=ORIENTED_EDGE('',*,*,#7204,.F.);
#10037=ORIENTED_EDGE('',*,*,#7205,.F.);
#10038=ORIENTED_EDGE('',*,*,#7206,.F.);
#10039=ORIENTED_EDGE('',*,*,#7207,.T.);
#10040=ORIENTED_EDGE('',*,*,#7208,.F.);
#10041=ORIENTED_EDGE('',*,*,#7209,.F.);
#10042=ORIENTED_EDGE('',*,*,#7210,.F.);
#10043=ORIENTED_EDGE('',*,*,#7204,.T.);
#10044=ORIENTED_EDGE('',*,*,#7211,.F.);
#10045=ORIENTED_EDGE('',*,*,#7212,.T.);
#10046=ORIENTED_EDGE('',*,*,#7213,.F.);
#10047=ORIENTED_EDGE('',*,*,#7209,.T.);
#10048=ORIENTED_EDGE('',*,*,#7214,.F.);
#10049=ORIENTED_EDGE('',*,*,#7205,.T.);
#10050=ORIENTED_EDGE('',*,*,#7215,.F.);
#10051=ORIENTED_EDGE('',*,*,#7216,.T.);
#10052=ORIENTED_EDGE('',*,*,#7217,.T.);
#10053=ORIENTED_EDGE('',*,*,#7218,.T.);
#10054=ORIENTED_EDGE('',*,*,#7219,.F.);
#10055=ORIENTED_EDGE('',*,*,#7206,.T.);
#10056=ORIENTED_EDGE('',*,*,#7219,.T.);
#10057=ORIENTED_EDGE('',*,*,#7220,.F.);
#10058=ORIENTED_EDGE('',*,*,#7221,.F.);
#10059=ORIENTED_EDGE('',*,*,#7222,.F.);
#10060=ORIENTED_EDGE('',*,*,#7207,.F.);
#10061=ORIENTED_EDGE('',*,*,#6945,.F.);
#10062=ORIENTED_EDGE('',*,*,#7223,.F.);
#10063=ORIENTED_EDGE('',*,*,#7224,.F.);
#10064=ORIENTED_EDGE('',*,*,#7225,.F.);
#10065=ORIENTED_EDGE('',*,*,#7226,.T.);
#10066=ORIENTED_EDGE('',*,*,#7214,.T.);
#10067=ORIENTED_EDGE('',*,*,#7227,.T.);
#10068=ORIENTED_EDGE('',*,*,#6919,.F.);
#10069=ORIENTED_EDGE('',*,*,#7227,.F.);
#10070=ORIENTED_EDGE('',*,*,#7211,.T.);
#10071=ORIENTED_EDGE('',*,*,#7208,.T.);
#10072=ORIENTED_EDGE('',*,*,#7222,.T.);
#10073=ORIENTED_EDGE('',*,*,#7228,.T.);
#10074=ORIENTED_EDGE('',*,*,#7229,.F.);
#10075=ORIENTED_EDGE('',*,*,#7230,.F.);
#10076=ORIENTED_EDGE('',*,*,#7221,.T.);
#10077=ORIENTED_EDGE('',*,*,#7231,.F.);
#10078=ORIENTED_EDGE('',*,*,#7232,.F.);
#10079=ORIENTED_EDGE('',*,*,#7233,.F.);
#10080=ORIENTED_EDGE('',*,*,#6979,.F.);
#10081=ORIENTED_EDGE('',*,*,#7229,.T.);
#10082=ORIENTED_EDGE('',*,*,#7234,.F.);
#10083=ORIENTED_EDGE('',*,*,#7233,.T.);
#10084=ORIENTED_EDGE('',*,*,#7235,.F.);
#10085=ORIENTED_EDGE('',*,*,#7236,.F.);
#10086=ORIENTED_EDGE('',*,*,#7236,.T.);
#10087=ORIENTED_EDGE('',*,*,#7237,.T.);
#10088=ORIENTED_EDGE('',*,*,#7238,.T.);
#10089=ORIENTED_EDGE('',*,*,#7239,.F.);
#10090=ORIENTED_EDGE('',*,*,#7240,.F.);
#10091=ORIENTED_EDGE('',*,*,#7234,.T.);
#10092=ORIENTED_EDGE('',*,*,#7240,.T.);
#10093=ORIENTED_EDGE('',*,*,#7241,.T.);
#10094=ORIENTED_EDGE('',*,*,#7242,.T.);
#10095=ORIENTED_EDGE('',*,*,#7243,.T.);
#10096=ORIENTED_EDGE('',*,*,#6980,.F.);
#10097=ORIENTED_EDGE('',*,*,#6943,.F.);
#10098=ORIENTED_EDGE('',*,*,#7228,.F.);
#10099=ORIENTED_EDGE('',*,*,#7230,.T.);
#10100=ORIENTED_EDGE('',*,*,#6978,.T.);
#10101=ORIENTED_EDGE('',*,*,#6947,.F.);
#10102=ORIENTED_EDGE('',*,*,#7244,.F.);
#10103=ORIENTED_EDGE('',*,*,#7245,.T.);
#10104=ORIENTED_EDGE('',*,*,#7223,.T.);
#10105=ORIENTED_EDGE('',*,*,#7246,.F.);
#10106=ORIENTED_EDGE('',*,*,#7247,.F.);
#10107=ORIENTED_EDGE('',*,*,#7248,.F.);
#10108=ORIENTED_EDGE('',*,*,#7249,.F.);
#10109=ORIENTED_EDGE('',*,*,#7246,.T.);
#10110=ORIENTED_EDGE('',*,*,#7250,.F.);
#10111=ORIENTED_EDGE('',*,*,#7251,.F.);
#10112=ORIENTED_EDGE('',*,*,#7252,.F.);
#10113=ORIENTED_EDGE('',*,*,#7243,.F.);
#10114=ORIENTED_EDGE('',*,*,#7253,.F.);
#10115=ORIENTED_EDGE('',*,*,#7254,.F.);
#10116=ORIENTED_EDGE('',*,*,#6981,.F.);
#10117=ORIENTED_EDGE('',*,*,#7255,.F.);
#10118=ORIENTED_EDGE('',*,*,#7256,.F.);
#10119=ORIENTED_EDGE('',*,*,#7254,.T.);
#10120=ORIENTED_EDGE('',*,*,#7257,.F.);
#10121=ORIENTED_EDGE('',*,*,#7258,.F.);
#10122=ORIENTED_EDGE('',*,*,#7259,.F.);
#10123=ORIENTED_EDGE('',*,*,#7255,.T.);
#10124=ORIENTED_EDGE('',*,*,#7260,.F.);
#10125=ORIENTED_EDGE('',*,*,#7261,.F.);
#10126=ORIENTED_EDGE('',*,*,#7262,.F.);
#10127=ORIENTED_EDGE('',*,*,#7258,.T.);
#10128=ORIENTED_EDGE('',*,*,#7263,.F.);
#10129=ORIENTED_EDGE('',*,*,#7264,.F.);
#10130=ORIENTED_EDGE('',*,*,#6932,.F.);
#10131=ORIENTED_EDGE('',*,*,#7261,.T.);
#10132=ORIENTED_EDGE('',*,*,#7265,.F.);
#10133=ORIENTED_EDGE('',*,*,#7266,.F.);
#10134=ORIENTED_EDGE('',*,*,#7267,.F.);
#10135=ORIENTED_EDGE('',*,*,#7264,.T.);
#10136=ORIENTED_EDGE('',*,*,#7268,.F.);
#10137=ORIENTED_EDGE('',*,*,#7269,.F.);
#10138=ORIENTED_EDGE('',*,*,#7270,.F.);
#10139=ORIENTED_EDGE('',*,*,#7266,.T.);
#10140=ORIENTED_EDGE('',*,*,#7271,.F.);
#10141=ORIENTED_EDGE('',*,*,#7272,.F.);
#10142=ORIENTED_EDGE('',*,*,#7273,.F.);
#10143=ORIENTED_EDGE('',*,*,#7269,.T.);
#10144=ORIENTED_EDGE('',*,*,#7274,.F.);
#10145=ORIENTED_EDGE('',*,*,#7275,.F.);
#10146=ORIENTED_EDGE('',*,*,#7276,.F.);
#10147=ORIENTED_EDGE('',*,*,#7272,.T.);
#10148=ORIENTED_EDGE('',*,*,#7277,.F.);
#10149=ORIENTED_EDGE('',*,*,#7278,.F.);
#10150=ORIENTED_EDGE('',*,*,#7279,.F.);
#10151=ORIENTED_EDGE('',*,*,#7275,.T.);
#10152=ORIENTED_EDGE('',*,*,#7280,.F.);
#10153=ORIENTED_EDGE('',*,*,#7251,.T.);
#10154=ORIENTED_EDGE('',*,*,#7281,.F.);
#10155=ORIENTED_EDGE('',*,*,#7278,.T.);
#10156=ORIENTED_EDGE('',*,*,#7282,.F.);
#10157=ORIENTED_EDGE('',*,*,#7283,.F.);
#10158=ORIENTED_EDGE('',*,*,#7284,.F.);
#10159=ORIENTED_EDGE('',*,*,#7248,.T.);
#10160=ORIENTED_EDGE('',*,*,#7285,.F.);
#10161=ORIENTED_EDGE('',*,*,#7286,.F.);
#10162=ORIENTED_EDGE('',*,*,#7287,.F.);
#10163=ORIENTED_EDGE('',*,*,#7283,.T.);
#10164=ORIENTED_EDGE('',*,*,#7288,.F.);
#10165=ORIENTED_EDGE('',*,*,#7289,.F.);
#10166=ORIENTED_EDGE('',*,*,#7290,.F.);
#10167=ORIENTED_EDGE('',*,*,#7286,.T.);
#10168=ORIENTED_EDGE('',*,*,#7291,.F.);
#10169=ORIENTED_EDGE('',*,*,#7292,.F.);
#10170=ORIENTED_EDGE('',*,*,#7293,.F.);
#10171=ORIENTED_EDGE('',*,*,#7289,.T.);
#10172=ORIENTED_EDGE('',*,*,#7294,.F.);
#10173=ORIENTED_EDGE('',*,*,#7295,.F.);
#10174=ORIENTED_EDGE('',*,*,#7296,.F.);
#10175=ORIENTED_EDGE('',*,*,#7292,.T.);
#10176=ORIENTED_EDGE('',*,*,#7297,.F.);
#10177=ORIENTED_EDGE('',*,*,#7298,.F.);
#10178=ORIENTED_EDGE('',*,*,#7299,.F.);
#10179=ORIENTED_EDGE('',*,*,#7295,.T.);
#10180=ORIENTED_EDGE('',*,*,#7300,.F.);
#10181=ORIENTED_EDGE('',*,*,#7301,.F.);
#10182=ORIENTED_EDGE('',*,*,#7302,.F.);
#10183=ORIENTED_EDGE('',*,*,#7298,.T.);
#10184=ORIENTED_EDGE('',*,*,#7303,.F.);
#10185=ORIENTED_EDGE('',*,*,#7304,.F.);
#10186=ORIENTED_EDGE('',*,*,#7305,.F.);
#10187=ORIENTED_EDGE('',*,*,#7224,.T.);
#10188=ORIENTED_EDGE('',*,*,#7245,.F.);
#10189=ORIENTED_EDGE('',*,*,#7301,.T.);
#10190=ORIENTED_EDGE('',*,*,#7215,.T.);
#10191=ORIENTED_EDGE('',*,*,#7210,.T.);
#10192=ORIENTED_EDGE('',*,*,#7213,.T.);
#10193=ORIENTED_EDGE('',*,*,#7212,.F.);
#10194=ORIENTED_EDGE('',*,*,#7226,.F.);
#10195=ORIENTED_EDGE('',*,*,#7225,.T.);
#10196=ORIENTED_EDGE('',*,*,#7305,.T.);
#10197=ORIENTED_EDGE('',*,*,#7306,.F.);
#10198=ORIENTED_EDGE('',*,*,#6949,.F.);
#10199=ORIENTED_EDGE('',*,*,#7307,.F.);
#10200=ORIENTED_EDGE('',*,*,#7302,.T.);
#10201=ORIENTED_EDGE('',*,*,#7244,.T.);
#10202=ORIENTED_EDGE('',*,*,#6951,.F.);
#10203=ORIENTED_EDGE('',*,*,#7308,.F.);
#10204=ORIENTED_EDGE('',*,*,#7299,.T.);
#10205=ORIENTED_EDGE('',*,*,#7307,.T.);
#10206=ORIENTED_EDGE('',*,*,#6953,.F.);
#10207=ORIENTED_EDGE('',*,*,#7309,.F.);
#10208=ORIENTED_EDGE('',*,*,#7296,.T.);
#10209=ORIENTED_EDGE('',*,*,#7308,.T.);
#10210=ORIENTED_EDGE('',*,*,#6955,.F.);
#10211=ORIENTED_EDGE('',*,*,#7310,.F.);
#10212=ORIENTED_EDGE('',*,*,#7293,.T.);
#10213=ORIENTED_EDGE('',*,*,#7309,.T.);
#10214=ORIENTED_EDGE('',*,*,#6957,.F.);
#10215=ORIENTED_EDGE('',*,*,#7311,.F.);
#10216=ORIENTED_EDGE('',*,*,#7290,.T.);
#10217=ORIENTED_EDGE('',*,*,#7310,.T.);
#10218=ORIENTED_EDGE('',*,*,#6959,.F.);
#10219=ORIENTED_EDGE('',*,*,#7312,.F.);
#10220=ORIENTED_EDGE('',*,*,#7287,.T.);
#10221=ORIENTED_EDGE('',*,*,#7311,.T.);
#10222=ORIENTED_EDGE('',*,*,#6961,.F.);
#10223=ORIENTED_EDGE('',*,*,#7313,.F.);
#10224=ORIENTED_EDGE('',*,*,#7284,.T.);
#10225=ORIENTED_EDGE('',*,*,#7312,.T.);
#10226=ORIENTED_EDGE('',*,*,#6963,.F.);
#10227=ORIENTED_EDGE('',*,*,#7314,.F.);
#10228=ORIENTED_EDGE('',*,*,#7249,.T.);
#10229=ORIENTED_EDGE('',*,*,#7313,.T.);
#10230=ORIENTED_EDGE('',*,*,#6964,.F.);
#10231=ORIENTED_EDGE('',*,*,#7315,.F.);
#10232=ORIENTED_EDGE('',*,*,#7250,.T.);
#10233=ORIENTED_EDGE('',*,*,#7314,.T.);
#10234=ORIENTED_EDGE('',*,*,#6939,.F.);
#10235=ORIENTED_EDGE('',*,*,#7316,.F.);
#10236=ORIENTED_EDGE('',*,*,#7281,.T.);
#10237=ORIENTED_EDGE('',*,*,#7315,.T.);
#10238=ORIENTED_EDGE('',*,*,#6966,.F.);
#10239=ORIENTED_EDGE('',*,*,#7317,.F.);
#10240=ORIENTED_EDGE('',*,*,#7279,.T.);
#10241=ORIENTED_EDGE('',*,*,#7316,.T.);
#10242=ORIENTED_EDGE('',*,*,#6968,.F.);
#10243=ORIENTED_EDGE('',*,*,#7318,.F.);
#10244=ORIENTED_EDGE('',*,*,#7276,.T.);
#10245=ORIENTED_EDGE('',*,*,#7317,.T.);
#10246=ORIENTED_EDGE('',*,*,#6970,.F.);
#10247=ORIENTED_EDGE('',*,*,#7319,.F.);
#10248=ORIENTED_EDGE('',*,*,#7273,.T.);
#10249=ORIENTED_EDGE('',*,*,#7318,.T.);
#10250=ORIENTED_EDGE('',*,*,#6972,.F.);
#10251=ORIENTED_EDGE('',*,*,#7320,.F.);
#10252=ORIENTED_EDGE('',*,*,#7270,.T.);
#10253=ORIENTED_EDGE('',*,*,#7319,.T.);
#10254=ORIENTED_EDGE('',*,*,#6974,.F.);
#10255=ORIENTED_EDGE('',*,*,#6933,.F.);
#10256=ORIENTED_EDGE('',*,*,#7267,.T.);
#10257=ORIENTED_EDGE('',*,*,#7320,.T.);
#10258=ORIENTED_EDGE('',*,*,#6925,.F.);
#10259=ORIENTED_EDGE('',*,*,#7321,.F.);
#10260=ORIENTED_EDGE('',*,*,#7262,.T.);
#10261=ORIENTED_EDGE('',*,*,#6931,.T.);
#10262=ORIENTED_EDGE('',*,*,#6927,.F.);
#10263=ORIENTED_EDGE('',*,*,#7322,.F.);
#10264=ORIENTED_EDGE('',*,*,#7259,.T.);
#10265=ORIENTED_EDGE('',*,*,#7321,.T.);
#10266=ORIENTED_EDGE('',*,*,#6929,.F.);
#10267=ORIENTED_EDGE('',*,*,#6982,.F.);
#10268=ORIENTED_EDGE('',*,*,#7256,.T.);
#10269=ORIENTED_EDGE('',*,*,#7322,.T.);
#10270=ORIENTED_EDGE('',*,*,#7323,.T.);
#10271=ORIENTED_EDGE('',*,*,#7324,.F.);
#10272=ORIENTED_EDGE('',*,*,#7325,.T.);
#10273=ORIENTED_EDGE('',*,*,#6892,.T.);
#10274=ORIENTED_EDGE('',*,*,#7325,.F.);
#10275=ORIENTED_EDGE('',*,*,#7326,.F.);
#10276=ORIENTED_EDGE('',*,*,#7327,.T.);
#10277=ORIENTED_EDGE('',*,*,#6893,.T.);
#10278=ORIENTED_EDGE('',*,*,#7327,.F.);
#10279=ORIENTED_EDGE('',*,*,#7328,.F.);
#10280=ORIENTED_EDGE('',*,*,#7329,.T.);
#10281=ORIENTED_EDGE('',*,*,#6894,.T.);
#10282=ORIENTED_EDGE('',*,*,#7329,.F.);
#10283=ORIENTED_EDGE('',*,*,#7330,.F.);
#10284=ORIENTED_EDGE('',*,*,#7323,.F.);
#10285=ORIENTED_EDGE('',*,*,#6895,.T.);
#10286=ORIENTED_EDGE('',*,*,#7330,.T.);
#10287=ORIENTED_EDGE('',*,*,#7328,.T.);
#10288=ORIENTED_EDGE('',*,*,#7326,.T.);
#10289=ORIENTED_EDGE('',*,*,#7324,.T.);
#10290=ORIENTED_EDGE('',*,*,#7331,.T.);
#10291=ORIENTED_EDGE('',*,*,#7332,.F.);
#10292=ORIENTED_EDGE('',*,*,#7333,.T.);
#10293=ORIENTED_EDGE('',*,*,#6896,.T.);
#10294=ORIENTED_EDGE('',*,*,#7333,.F.);
#10295=ORIENTED_EDGE('',*,*,#7334,.F.);
#10296=ORIENTED_EDGE('',*,*,#7335,.T.);
#10297=ORIENTED_EDGE('',*,*,#6897,.T.);
#10298=ORIENTED_EDGE('',*,*,#7335,.F.);
#10299=ORIENTED_EDGE('',*,*,#7336,.F.);
#10300=ORIENTED_EDGE('',*,*,#7337,.T.);
#10301=ORIENTED_EDGE('',*,*,#6898,.T.);
#10302=ORIENTED_EDGE('',*,*,#7337,.F.);
#10303=ORIENTED_EDGE('',*,*,#7338,.F.);
#10304=ORIENTED_EDGE('',*,*,#7331,.F.);
#10305=ORIENTED_EDGE('',*,*,#6899,.T.);
#10306=ORIENTED_EDGE('',*,*,#7338,.T.);
#10307=ORIENTED_EDGE('',*,*,#7336,.T.);
#10308=ORIENTED_EDGE('',*,*,#7334,.T.);
#10309=ORIENTED_EDGE('',*,*,#7332,.T.);
#10310=ORIENTED_EDGE('',*,*,#6900,.T.);
#10311=ORIENTED_EDGE('',*,*,#7339,.T.);
#10312=ORIENTED_EDGE('',*,*,#6985,.T.);
#10313=ORIENTED_EDGE('',*,*,#7339,.F.);
#10314=ORIENTED_EDGE('',*,*,#6996,.F.);
#10315=ORIENTED_EDGE('',*,*,#7340,.F.);
#10316=ORIENTED_EDGE('',*,*,#6975,.T.);
#10317=ORIENTED_EDGE('',*,*,#6909,.T.);
#10318=ORIENTED_EDGE('',*,*,#7341,.T.);
#10319=ORIENTED_EDGE('',*,*,#6694,.T.);
#10320=ORIENTED_EDGE('',*,*,#7342,.T.);
#10321=ORIENTED_EDGE('',*,*,#6695,.T.);
#10322=ORIENTED_EDGE('',*,*,#7341,.F.);
#10323=ORIENTED_EDGE('',*,*,#6908,.T.);
#10324=ORIENTED_EDGE('',*,*,#6907,.T.);
#10325=ORIENTED_EDGE('',*,*,#7200,.T.);
#10326=ORIENTED_EDGE('',*,*,#6696,.T.);
#10327=ORIENTED_EDGE('',*,*,#7342,.F.);
#10328=ORIENTED_EDGE('',*,*,#6913,.T.);
#10329=ORIENTED_EDGE('',*,*,#6917,.T.);
#10330=ORIENTED_EDGE('',*,*,#7201,.T.);
#10331=ORIENTED_EDGE('',*,*,#6976,.T.);
#10332=ORIENTED_EDGE('',*,*,#7340,.T.);
#10333=ORIENTED_EDGE('',*,*,#6995,.F.);
#10334=ORIENTED_EDGE('',*,*,#7197,.F.);
#10335=ORIENTED_EDGE('',*,*,#7343,.T.);
#10336=ORIENTED_EDGE('',*,*,#7344,.F.);
#10337=ORIENTED_EDGE('',*,*,#7345,.T.);
#10338=ORIENTED_EDGE('',*,*,#7346,.T.);
#10339=ORIENTED_EDGE('',*,*,#7347,.T.);
#10340=ORIENTED_EDGE('',*,*,#7194,.T.);
#10341=ORIENTED_EDGE('',*,*,#6990,.T.);
#10342=ORIENTED_EDGE('',*,*,#6997,.T.);
#10343=ORIENTED_EDGE('',*,*,#6744,.T.);
#10344=ORIENTED_EDGE('',*,*,#7348,.T.);
#10345=ORIENTED_EDGE('',*,*,#7241,.F.);
#10346=ORIENTED_EDGE('',*,*,#7239,.T.);
#10347=ORIENTED_EDGE('',*,*,#7349,.T.);
#10348=ORIENTED_EDGE('',*,*,#7235,.T.);
#10349=ORIENTED_EDGE('',*,*,#7232,.T.);
#10350=ORIENTED_EDGE('',*,*,#7231,.T.);
#10351=ORIENTED_EDGE('',*,*,#7220,.T.);
#10352=ORIENTED_EDGE('',*,*,#7218,.F.);
#10353=ORIENTED_EDGE('',*,*,#7350,.F.);
#10354=ORIENTED_EDGE('',*,*,#7351,.T.);
#10355=ORIENTED_EDGE('',*,*,#7352,.F.);
#10356=ORIENTED_EDGE('',*,*,#7353,.F.);
#10357=ORIENTED_EDGE('',*,*,#7354,.F.);
#10358=ORIENTED_EDGE('',*,*,#7355,.F.);
#10359=ORIENTED_EDGE('',*,*,#7237,.F.);
#10360=ORIENTED_EDGE('',*,*,#6662,.F.);
#10361=ORIENTED_EDGE('',*,*,#7202,.T.);
#10362=ORIENTED_EDGE('',*,*,#6936,.F.);
#10363=ORIENTED_EDGE('',*,*,#7203,.T.);
#10364=ORIENTED_EDGE('',*,*,#7356,.T.);
#10365=ORIENTED_EDGE('',*,*,#7357,.T.);
#10366=ORIENTED_EDGE('',*,*,#7358,.T.);
#10367=ORIENTED_EDGE('',*,*,#7359,.T.);
#10368=ORIENTED_EDGE('',*,*,#7029,.T.);
#10369=ORIENTED_EDGE('',*,*,#7101,.T.);
#10370=ORIENTED_EDGE('',*,*,#7030,.F.);
#10371=ORIENTED_EDGE('',*,*,#7359,.F.);
#10372=ORIENTED_EDGE('',*,*,#7360,.T.);
#10373=ORIENTED_EDGE('',*,*,#7018,.T.);
#10374=ORIENTED_EDGE('',*,*,#6760,.T.);
#10375=ORIENTED_EDGE('',*,*,#7361,.F.);
#10376=ORIENTED_EDGE('',*,*,#7362,.T.);
#10377=ORIENTED_EDGE('',*,*,#7348,.F.);
#10378=ORIENTED_EDGE('',*,*,#6743,.T.);
#10379=ORIENTED_EDGE('',*,*,#6759,.T.);
#10380=ORIENTED_EDGE('',*,*,#7363,.F.);
#10381=ORIENTED_EDGE('',*,*,#7364,.T.);
#10382=ORIENTED_EDGE('',*,*,#7361,.T.);
#10383=ORIENTED_EDGE('',*,*,#6758,.T.);
#10384=ORIENTED_EDGE('',*,*,#7365,.F.);
#10385=ORIENTED_EDGE('',*,*,#7366,.T.);
#10386=ORIENTED_EDGE('',*,*,#7363,.T.);
#10387=ORIENTED_EDGE('',*,*,#6757,.T.);
#10388=ORIENTED_EDGE('',*,*,#7367,.F.);
#10389=ORIENTED_EDGE('',*,*,#7368,.T.);
#10390=ORIENTED_EDGE('',*,*,#7365,.T.);
#10391=ORIENTED_EDGE('',*,*,#6756,.T.);
#10392=ORIENTED_EDGE('',*,*,#7369,.F.);
#10393=ORIENTED_EDGE('',*,*,#7370,.T.);
#10394=ORIENTED_EDGE('',*,*,#7367,.T.);
#10395=ORIENTED_EDGE('',*,*,#6755,.T.);
#10396=ORIENTED_EDGE('',*,*,#7371,.F.);
#10397=ORIENTED_EDGE('',*,*,#7372,.T.);
#10398=ORIENTED_EDGE('',*,*,#7369,.T.);
#10399=ORIENTED_EDGE('',*,*,#6754,.T.);
#10400=ORIENTED_EDGE('',*,*,#7373,.F.);
#10401=ORIENTED_EDGE('',*,*,#7374,.T.);
#10402=ORIENTED_EDGE('',*,*,#7371,.T.);
#10403=ORIENTED_EDGE('',*,*,#6753,.T.);
#10404=ORIENTED_EDGE('',*,*,#7375,.F.);
#10405=ORIENTED_EDGE('',*,*,#7376,.T.);
#10406=ORIENTED_EDGE('',*,*,#7373,.T.);
#10407=ORIENTED_EDGE('',*,*,#6752,.T.);
#10408=ORIENTED_EDGE('',*,*,#7377,.F.);
#10409=ORIENTED_EDGE('',*,*,#7378,.T.);
#10410=ORIENTED_EDGE('',*,*,#7375,.T.);
#10411=ORIENTED_EDGE('',*,*,#6751,.T.);
#10412=ORIENTED_EDGE('',*,*,#7379,.F.);
#10413=ORIENTED_EDGE('',*,*,#7380,.T.);
#10414=ORIENTED_EDGE('',*,*,#7377,.T.);
#10415=ORIENTED_EDGE('',*,*,#6750,.T.);
#10416=ORIENTED_EDGE('',*,*,#7381,.F.);
#10417=ORIENTED_EDGE('',*,*,#7382,.T.);
#10418=ORIENTED_EDGE('',*,*,#7379,.T.);
#10419=ORIENTED_EDGE('',*,*,#6749,.T.);
#10420=ORIENTED_EDGE('',*,*,#7383,.F.);
#10421=ORIENTED_EDGE('',*,*,#7384,.T.);
#10422=ORIENTED_EDGE('',*,*,#7381,.T.);
#10423=ORIENTED_EDGE('',*,*,#7385,.F.);
#10424=ORIENTED_EDGE('',*,*,#7386,.T.);
#10425=ORIENTED_EDGE('',*,*,#7383,.T.);
#10426=ORIENTED_EDGE('',*,*,#6748,.F.);
#10427=ORIENTED_EDGE('',*,*,#6747,.T.);
#10428=ORIENTED_EDGE('',*,*,#6667,.F.);
#10429=ORIENTED_EDGE('',*,*,#7387,.T.);
#10430=ORIENTED_EDGE('',*,*,#7385,.T.);
#10431=ORIENTED_EDGE('',*,*,#7007,.F.);
#10432=ORIENTED_EDGE('',*,*,#7388,.T.);
#10433=ORIENTED_EDGE('',*,*,#6665,.T.);
#10434=ORIENTED_EDGE('',*,*,#6684,.T.);
#10435=ORIENTED_EDGE('',*,*,#7389,.F.);
#10436=ORIENTED_EDGE('',*,*,#7390,.T.);
#10437=ORIENTED_EDGE('',*,*,#7086,.T.);
#10438=ORIENTED_EDGE('',*,*,#7083,.T.);
#10439=ORIENTED_EDGE('',*,*,#7130,.T.);
#10440=ORIENTED_EDGE('',*,*,#6810,.T.);
#10441=ORIENTED_EDGE('',*,*,#7391,.F.);
#10442=ORIENTED_EDGE('',*,*,#7392,.T.);
#10443=ORIENTED_EDGE('',*,*,#7389,.T.);
#10444=ORIENTED_EDGE('',*,*,#7082,.T.);
#10445=ORIENTED_EDGE('',*,*,#7075,.T.);
#10446=ORIENTED_EDGE('',*,*,#7128,.T.);
#10447=ORIENTED_EDGE('',*,*,#7393,.F.);
#10448=ORIENTED_EDGE('',*,*,#7394,.T.);
#10449=ORIENTED_EDGE('',*,*,#7391,.T.);
#10450=ORIENTED_EDGE('',*,*,#6809,.T.);
#10451=ORIENTED_EDGE('',*,*,#7070,.F.);
#10452=ORIENTED_EDGE('',*,*,#7395,.T.);
#10453=ORIENTED_EDGE('',*,*,#7393,.T.);
#10454=ORIENTED_EDGE('',*,*,#6808,.T.);
#10455=ORIENTED_EDGE('',*,*,#7062,.F.);
#10456=ORIENTED_EDGE('',*,*,#7396,.T.);
#10457=ORIENTED_EDGE('',*,*,#7056,.T.);
#10458=ORIENTED_EDGE('',*,*,#7067,.T.);
#10459=ORIENTED_EDGE('',*,*,#7123,.T.);
#10460=ORIENTED_EDGE('',*,*,#7397,.F.);
#10461=ORIENTED_EDGE('',*,*,#7398,.T.);
#10462=ORIENTED_EDGE('',*,*,#7060,.T.);
#10463=ORIENTED_EDGE('',*,*,#7122,.T.);
#10464=ORIENTED_EDGE('',*,*,#7399,.F.);
#10465=ORIENTED_EDGE('',*,*,#7400,.T.);
#10466=ORIENTED_EDGE('',*,*,#7397,.T.);
#10467=ORIENTED_EDGE('',*,*,#7162,.T.);
#10468=ORIENTED_EDGE('',*,*,#7401,.F.);
#10469=ORIENTED_EDGE('',*,*,#7402,.T.);
#10470=ORIENTED_EDGE('',*,*,#7399,.T.);
#10471=ORIENTED_EDGE('',*,*,#7121,.T.);
#10472=ORIENTED_EDGE('',*,*,#7119,.T.);
#10473=ORIENTED_EDGE('',*,*,#6790,.T.);
#10474=ORIENTED_EDGE('',*,*,#6819,.T.);
#10475=ORIENTED_EDGE('',*,*,#6734,.T.);
#10476=ORIENTED_EDGE('',*,*,#7155,.T.);
#10477=ORIENTED_EDGE('',*,*,#7161,.T.);
#10478=ORIENTED_EDGE('',*,*,#7041,.F.);
#10479=ORIENTED_EDGE('',*,*,#7403,.T.);
#10480=ORIENTED_EDGE('',*,*,#7401,.T.);
#10481=ORIENTED_EDGE('',*,*,#6708,.T.);
#10482=ORIENTED_EDGE('',*,*,#7404,.F.);
#10483=ORIENTED_EDGE('',*,*,#7405,.F.);
#10484=ORIENTED_EDGE('',*,*,#7406,.T.);
#10485=ORIENTED_EDGE('',*,*,#7407,.F.);
#10486=ORIENTED_EDGE('',*,*,#7408,.F.);
#10487=ORIENTED_EDGE('',*,*,#7356,.F.);
#10488=ORIENTED_EDGE('',*,*,#7028,.F.);
#10489=ORIENTED_EDGE('',*,*,#7306,.T.);
#10490=ORIENTED_EDGE('',*,*,#7304,.T.);
#10491=ORIENTED_EDGE('',*,*,#7303,.T.);
#10492=ORIENTED_EDGE('',*,*,#7300,.T.);
#10493=ORIENTED_EDGE('',*,*,#7297,.T.);
#10494=ORIENTED_EDGE('',*,*,#7294,.T.);
#10495=ORIENTED_EDGE('',*,*,#7291,.T.);
#10496=ORIENTED_EDGE('',*,*,#7288,.T.);
#10497=ORIENTED_EDGE('',*,*,#7285,.T.);
#10498=ORIENTED_EDGE('',*,*,#7247,.T.);
#10499=ORIENTED_EDGE('',*,*,#7252,.T.);
#10500=ORIENTED_EDGE('',*,*,#7282,.T.);
#10501=ORIENTED_EDGE('',*,*,#7280,.T.);
#10502=ORIENTED_EDGE('',*,*,#7277,.T.);
#10503=ORIENTED_EDGE('',*,*,#7274,.T.);
#10504=ORIENTED_EDGE('',*,*,#7271,.T.);
#10505=ORIENTED_EDGE('',*,*,#7268,.T.);
#10506=ORIENTED_EDGE('',*,*,#7265,.T.);
#10507=ORIENTED_EDGE('',*,*,#7263,.T.);
#10508=ORIENTED_EDGE('',*,*,#7260,.T.);
#10509=ORIENTED_EDGE('',*,*,#7257,.T.);
#10510=ORIENTED_EDGE('',*,*,#7253,.T.);
#10511=ORIENTED_EDGE('',*,*,#7242,.F.);
#10512=ORIENTED_EDGE('',*,*,#7362,.F.);
#10513=ORIENTED_EDGE('',*,*,#7364,.F.);
#10514=ORIENTED_EDGE('',*,*,#7366,.F.);
#10515=ORIENTED_EDGE('',*,*,#7368,.F.);
#10516=ORIENTED_EDGE('',*,*,#7370,.F.);
#10517=ORIENTED_EDGE('',*,*,#7372,.F.);
#10518=ORIENTED_EDGE('',*,*,#7374,.F.);
#10519=ORIENTED_EDGE('',*,*,#7376,.F.);
#10520=ORIENTED_EDGE('',*,*,#7378,.F.);
#10521=ORIENTED_EDGE('',*,*,#7380,.F.);
#10522=ORIENTED_EDGE('',*,*,#7382,.F.);
#10523=ORIENTED_EDGE('',*,*,#7384,.F.);
#10524=ORIENTED_EDGE('',*,*,#7386,.F.);
#10525=ORIENTED_EDGE('',*,*,#7387,.F.);
#10526=ORIENTED_EDGE('',*,*,#6666,.F.);
#10527=ORIENTED_EDGE('',*,*,#7388,.F.);
#10528=ORIENTED_EDGE('',*,*,#7006,.F.);
#10529=ORIENTED_EDGE('',*,*,#7087,.F.);
#10530=ORIENTED_EDGE('',*,*,#7390,.F.);
#10531=ORIENTED_EDGE('',*,*,#7392,.F.);
#10532=ORIENTED_EDGE('',*,*,#7394,.F.);
#10533=ORIENTED_EDGE('',*,*,#7395,.F.);
#10534=ORIENTED_EDGE('',*,*,#7069,.F.);
#10535=ORIENTED_EDGE('',*,*,#7057,.F.);
#10536=ORIENTED_EDGE('',*,*,#7396,.F.);
#10537=ORIENTED_EDGE('',*,*,#7061,.F.);
#10538=ORIENTED_EDGE('',*,*,#7398,.F.);
#10539=ORIENTED_EDGE('',*,*,#7400,.F.);
#10540=ORIENTED_EDGE('',*,*,#7402,.F.);
#10541=ORIENTED_EDGE('',*,*,#7403,.F.);
#10542=ORIENTED_EDGE('',*,*,#7040,.F.);
#10543=ORIENTED_EDGE('',*,*,#7023,.F.);
#10544=ORIENTED_EDGE('',*,*,#7019,.F.);
#10545=ORIENTED_EDGE('',*,*,#7360,.F.);
#10546=ORIENTED_EDGE('',*,*,#7409,.T.);
#10547=ORIENTED_EDGE('',*,*,#7216,.F.);
#10548=ORIENTED_EDGE('',*,*,#7357,.F.);
#10549=ORIENTED_EDGE('',*,*,#7408,.T.);
#10550=ORIENTED_EDGE('',*,*,#7410,.F.);
#10551=ORIENTED_EDGE('',*,*,#7195,.T.);
#10552=ORIENTED_EDGE('',*,*,#7347,.F.);
#10553=ORIENTED_EDGE('',*,*,#7411,.T.);
#10554=ORIENTED_EDGE('',*,*,#7412,.T.);
#10555=ORIENTED_EDGE('',*,*,#7413,.T.);
#10556=ORIENTED_EDGE('',*,*,#6707,.T.);
#10557=ORIENTED_EDGE('',*,*,#7414,.F.);
#10558=ORIENTED_EDGE('',*,*,#7415,.F.);
#10559=ORIENTED_EDGE('',*,*,#7404,.T.);
#10560=ORIENTED_EDGE('',*,*,#7346,.F.);
#10561=ORIENTED_EDGE('',*,*,#7416,.T.);
#10562=ORIENTED_EDGE('',*,*,#7417,.T.);
#10563=ORIENTED_EDGE('',*,*,#7411,.F.);
#10564=ORIENTED_EDGE('',*,*,#7418,.F.);
#10565=ORIENTED_EDGE('',*,*,#7354,.T.);
#10566=ORIENTED_EDGE('',*,*,#7419,.T.);
#10567=ORIENTED_EDGE('',*,*,#7420,.F.);
#10568=ORIENTED_EDGE('',*,*,#7349,.F.);
#10569=ORIENTED_EDGE('',*,*,#7238,.F.);
#10570=ORIENTED_EDGE('',*,*,#7355,.T.);
#10571=ORIENTED_EDGE('',*,*,#7418,.T.);
#10572=ORIENTED_EDGE('',*,*,#7416,.F.);
#10573=ORIENTED_EDGE('',*,*,#7421,.F.);
#10574=ORIENTED_EDGE('',*,*,#7422,.F.);
#10575=ORIENTED_EDGE('',*,*,#7423,.F.);
#10576=ORIENTED_EDGE('',*,*,#7424,.F.);
#10577=ORIENTED_EDGE('',*,*,#7425,.F.);
#10578=ORIENTED_EDGE('',*,*,#7426,.F.);
#10579=ORIENTED_EDGE('',*,*,#7427,.F.);
#10580=ORIENTED_EDGE('',*,*,#7428,.F.);
#10581=ORIENTED_EDGE('',*,*,#7429,.F.);
#10582=ORIENTED_EDGE('',*,*,#7430,.F.);
#10583=ORIENTED_EDGE('',*,*,#7431,.F.);
#10584=ORIENTED_EDGE('',*,*,#7432,.F.);
#10585=ORIENTED_EDGE('',*,*,#7351,.F.);
#10586=ORIENTED_EDGE('',*,*,#7433,.T.);
#10587=ORIENTED_EDGE('',*,*,#7431,.T.);
#10588=ORIENTED_EDGE('',*,*,#7412,.F.);
#10589=ORIENTED_EDGE('',*,*,#7434,.F.);
#10590=ORIENTED_EDGE('',*,*,#7435,.F.);
#10591=ORIENTED_EDGE('',*,*,#7417,.F.);
#10592=ORIENTED_EDGE('',*,*,#7420,.T.);
#10593=ORIENTED_EDGE('',*,*,#7436,.F.);
#10594=ORIENTED_EDGE('',*,*,#7434,.T.);
#10595=ORIENTED_EDGE('',*,*,#7433,.F.);
#10596=ORIENTED_EDGE('',*,*,#7350,.T.);
#10597=ORIENTED_EDGE('',*,*,#7217,.F.);
#10598=ORIENTED_EDGE('',*,*,#7409,.F.);
#10599=ORIENTED_EDGE('',*,*,#7358,.F.);
#10600=ORIENTED_EDGE('',*,*,#7413,.F.);
#10601=ORIENTED_EDGE('',*,*,#7436,.T.);
#10602=ORIENTED_EDGE('',*,*,#7419,.F.);
#10603=ORIENTED_EDGE('',*,*,#7353,.T.);
#10604=ORIENTED_EDGE('',*,*,#7437,.T.);
#10605=ORIENTED_EDGE('',*,*,#7432,.T.);
#10606=ORIENTED_EDGE('',*,*,#7435,.T.);
#10607=ORIENTED_EDGE('',*,*,#7437,.F.);
#10608=ORIENTED_EDGE('',*,*,#7352,.T.);
#10609=ORIENTED_EDGE('',*,*,#7438,.T.);
#10610=ORIENTED_EDGE('',*,*,#7439,.T.);
#10611=ORIENTED_EDGE('',*,*,#6703,.T.);
#10612=ORIENTED_EDGE('',*,*,#7199,.T.);
#10613=ORIENTED_EDGE('',*,*,#7440,.T.);
#10614=ORIENTED_EDGE('',*,*,#7441,.T.);
#10615=ORIENTED_EDGE('',*,*,#6704,.T.);
#10616=ORIENTED_EDGE('',*,*,#7439,.F.);
#10617=ORIENTED_EDGE('',*,*,#6891,.T.);
#10618=ORIENTED_EDGE('',*,*,#7442,.T.);
#10619=ORIENTED_EDGE('',*,*,#6921,.T.);
#10620=ORIENTED_EDGE('',*,*,#7442,.F.);
#10621=ORIENTED_EDGE('',*,*,#7443,.T.);
#10622=ORIENTED_EDGE('',*,*,#7444,.F.);
#10623=ORIENTED_EDGE('',*,*,#7445,.T.);
#10624=ORIENTED_EDGE('',*,*,#7406,.F.);
#10625=ORIENTED_EDGE('',*,*,#7445,.F.);
#10626=ORIENTED_EDGE('',*,*,#7446,.F.);
#10627=ORIENTED_EDGE('',*,*,#7343,.F.);
#10628=ORIENTED_EDGE('',*,*,#7196,.T.);
#10629=ORIENTED_EDGE('',*,*,#7410,.T.);
#10630=ORIENTED_EDGE('',*,*,#7407,.T.);
#10631=ORIENTED_EDGE('',*,*,#7440,.F.);
#10632=ORIENTED_EDGE('',*,*,#7438,.F.);
#10633=ORIENTED_EDGE('',*,*,#7198,.T.);
#10634=ORIENTED_EDGE('',*,*,#7345,.F.);
#10635=ORIENTED_EDGE('',*,*,#7447,.F.);
#10636=ORIENTED_EDGE('',*,*,#7443,.F.);
#10637=ORIENTED_EDGE('',*,*,#7405,.T.);
#10638=ORIENTED_EDGE('',*,*,#7415,.T.);
#10639=ORIENTED_EDGE('',*,*,#7448,.T.);
#10640=ORIENTED_EDGE('',*,*,#7449,.T.);
#10641=ORIENTED_EDGE('',*,*,#7444,.T.);
#10642=ORIENTED_EDGE('',*,*,#7447,.T.);
#10643=ORIENTED_EDGE('',*,*,#7344,.T.);
#10644=ORIENTED_EDGE('',*,*,#7446,.T.);
#10645=ORIENTED_EDGE('',*,*,#6890,.T.);
#10646=ORIENTED_EDGE('',*,*,#7450,.T.);
#10647=ORIENTED_EDGE('',*,*,#6984,.T.);
#10648=ORIENTED_EDGE('',*,*,#7450,.F.);
#10649=ORIENTED_EDGE('',*,*,#6901,.T.);
#10650=ORIENTED_EDGE('',*,*,#7451,.T.);
#10651=ORIENTED_EDGE('',*,*,#6986,.T.);
#10652=ORIENTED_EDGE('',*,*,#7451,.F.);
#10653=ORIENTED_EDGE('',*,*,#6706,.T.);
#10654=ORIENTED_EDGE('',*,*,#7452,.F.);
#10655=ORIENTED_EDGE('',*,*,#7448,.F.);
#10656=ORIENTED_EDGE('',*,*,#7414,.T.);
#10657=ORIENTED_EDGE('',*,*,#7441,.F.);
#10658=ORIENTED_EDGE('',*,*,#7449,.F.);
#10659=ORIENTED_EDGE('',*,*,#7452,.T.);
#10660=ORIENTED_EDGE('',*,*,#6705,.T.);
#10661=ORIENTED_EDGE('',*,*,#7453,.F.);
#10662=ORIENTED_EDGE('',*,*,#7454,.T.);
#10663=ORIENTED_EDGE('',*,*,#6818,.F.);
#10664=ORIENTED_EDGE('',*,*,#7454,.F.);
#10665=ORIENTED_EDGE('',*,*,#7423,.T.);
#10666=ORIENTED_EDGE('',*,*,#7455,.T.);
#10667=ORIENTED_EDGE('',*,*,#7453,.T.);
#10668=ORIENTED_EDGE('',*,*,#7455,.F.);
#10669=ORIENTED_EDGE('',*,*,#7456,.F.);
#10670=ORIENTED_EDGE('',*,*,#7457,.T.);
#10671=ORIENTED_EDGE('',*,*,#6740,.F.);
#10672=ORIENTED_EDGE('',*,*,#7457,.F.);
#10673=ORIENTED_EDGE('',*,*,#7429,.T.);
#10674=ORIENTED_EDGE('',*,*,#7458,.T.);
#10675=ORIENTED_EDGE('',*,*,#7456,.T.);
#10676=ORIENTED_EDGE('',*,*,#7458,.F.);
#10677=ORIENTED_EDGE('',*,*,#7459,.F.);
#10678=ORIENTED_EDGE('',*,*,#7460,.T.);
#10679=ORIENTED_EDGE('',*,*,#6817,.F.);
#10680=ORIENTED_EDGE('',*,*,#7460,.F.);
#10681=ORIENTED_EDGE('',*,*,#7427,.T.);
#10682=ORIENTED_EDGE('',*,*,#7461,.T.);
#10683=ORIENTED_EDGE('',*,*,#7459,.T.);
#10684=ORIENTED_EDGE('',*,*,#7461,.F.);
#10685=ORIENTED_EDGE('',*,*,#7462,.F.);
#10686=ORIENTED_EDGE('',*,*,#7463,.T.);
#10687=ORIENTED_EDGE('',*,*,#6688,.F.);
#10688=ORIENTED_EDGE('',*,*,#7463,.F.);
#10689=ORIENTED_EDGE('',*,*,#7421,.T.);
#10690=ORIENTED_EDGE('',*,*,#7464,.T.);
#10691=ORIENTED_EDGE('',*,*,#7462,.T.);
#10692=ORIENTED_EDGE('',*,*,#7464,.F.);
#10693=ORIENTED_EDGE('',*,*,#7465,.F.);
#10694=ORIENTED_EDGE('',*,*,#7466,.T.);
#10695=ORIENTED_EDGE('',*,*,#6689,.F.);
#10696=ORIENTED_EDGE('',*,*,#7466,.F.);
#10697=ORIENTED_EDGE('',*,*,#7425,.T.);
#10698=ORIENTED_EDGE('',*,*,#7467,.T.);
#10699=ORIENTED_EDGE('',*,*,#7465,.T.);
#10700=ORIENTED_EDGE('',*,*,#7467,.F.);
#10701=ORIENTED_EDGE('',*,*,#7468,.T.);
#10702=ORIENTED_EDGE('',*,*,#7469,.T.);
#10703=ORIENTED_EDGE('',*,*,#7470,.T.);
#10704=ORIENTED_EDGE('',*,*,#7471,.T.);
#10705=ORIENTED_EDGE('',*,*,#7472,.T.);
#10706=ORIENTED_EDGE('',*,*,#7468,.F.);
#10707=ORIENTED_EDGE('',*,*,#7473,.T.);
#10708=ORIENTED_EDGE('',*,*,#7422,.T.);
#10709=ORIENTED_EDGE('',*,*,#7473,.F.);
#10710=ORIENTED_EDGE('',*,*,#7469,.F.);
#10711=ORIENTED_EDGE('',*,*,#7474,.T.);
#10712=ORIENTED_EDGE('',*,*,#7424,.T.);
#10713=ORIENTED_EDGE('',*,*,#7474,.F.);
#10714=ORIENTED_EDGE('',*,*,#7470,.F.);
#10715=ORIENTED_EDGE('',*,*,#7475,.T.);
#10716=ORIENTED_EDGE('',*,*,#7430,.T.);
#10717=ORIENTED_EDGE('',*,*,#7475,.F.);
#10718=ORIENTED_EDGE('',*,*,#7471,.F.);
#10719=ORIENTED_EDGE('',*,*,#7476,.T.);
#10720=ORIENTED_EDGE('',*,*,#7426,.T.);
#10721=ORIENTED_EDGE('',*,*,#7476,.F.);
#10722=ORIENTED_EDGE('',*,*,#7472,.F.);
#10723=ORIENTED_EDGE('',*,*,#7477,.T.);
#10724=ORIENTED_EDGE('',*,*,#7428,.T.);
#10725=ORIENTED_EDGE('',*,*,#7477,.F.);
#10726=CYLINDRICAL_SURFACE('',#11458,30.);
#10727=CYLINDRICAL_SURFACE('',#11510,5.);
#10728=CYLINDRICAL_SURFACE('',#11518,6.4);
#10729=CYLINDRICAL_SURFACE('',#11521,6.4);
#10730=CYLINDRICAL_SURFACE('',#11553,3.4);
#10731=CYLINDRICAL_SURFACE('',#11556,3.4);
#10732=CYLINDRICAL_SURFACE('',#11559,5.4);
#10733=CYLINDRICAL_SURFACE('',#11564,2.6);
#10734=CYLINDRICAL_SURFACE('',#11567,2.6);
#10735=CYLINDRICAL_SURFACE('',#11570,3.4);
#10736=CYLINDRICAL_SURFACE('',#11573,3.4);
#10737=CYLINDRICAL_SURFACE('',#11576,1.);
#10738=CYLINDRICAL_SURFACE('',#11579,3.4);
#10739=CYLINDRICAL_SURFACE('',#11588,1.00000000000004);
#10740=CYLINDRICAL_SURFACE('',#11642,5.);
#10741=CYLINDRICAL_SURFACE('',#11651,0.499999999999972);
#10742=CYLINDRICAL_SURFACE('',#11670,1.79999999998805);
#10743=CYLINDRICAL_SURFACE('',#11673,0.399999999988049);
#10744=CYLINDRICAL_SURFACE('',#11678,0.399999999988049);
#10745=CYLINDRICAL_SURFACE('',#11683,0.399999999988049);
#10746=CYLINDRICAL_SURFACE('',#11689,0.399999999988049);
#10747=CYLINDRICAL_SURFACE('',#11694,0.399999999988049);
#10748=CYLINDRICAL_SURFACE('',#11700,0.399999999988049);
#10749=CYLINDRICAL_SURFACE('',#11706,0.399999999988049);
#10750=CYLINDRICAL_SURFACE('',#11710,0.399999999988049);
#10751=CYLINDRICAL_SURFACE('',#11715,0.399999999988049);
#10752=CYLINDRICAL_SURFACE('',#11720,2.79999999998805);
#10753=CYLINDRICAL_SURFACE('',#11725,0.5);
#10754=CYLINDRICAL_SURFACE('',#11731,2.);
#10755=CYLINDRICAL_SURFACE('',#11748,0.6);
#10756=CYLINDRICAL_SURFACE('',#11768,1.);
#10757=CYLINDRICAL_SURFACE('',#11773,0.499999999999972);
#10758=CYLINDRICAL_SURFACE('',#11780,0.5);
#10759=CYLINDRICAL_SURFACE('',#11783,5.00000000000004);
#10760=CYLINDRICAL_SURFACE('',#11784,5.);
#10761=CYLINDRICAL_SURFACE('',#11789,1.49999999999999);
#10762=CYLINDRICAL_SURFACE('',#11797,2.54999999999999);
#10763=CYLINDRICAL_SURFACE('',#11801,2.55000000000003);
#10764=CYLINDRICAL_SURFACE('',#11805,2.54999999999999);
#10765=CYLINDRICAL_SURFACE('',#11809,2.54999999999999);
#10766=CYLINDRICAL_SURFACE('',#11813,2.54999999999999);
#10767=CYLINDRICAL_SURFACE('',#11852,1.55000000000001);
#10768=CYLINDRICAL_SURFACE('',#11853,1.5499110998222);
#10769=CYLINDRICAL_SURFACE('',#11854,1.55000000000001);
#10770=CYLINDRICAL_SURFACE('',#11855,1.5499110998222);
#10771=CYLINDRICAL_SURFACE('',#11856,1.5499110998222);
#10772=CYLINDRICAL_SURFACE('',#11893,30.);
#10773=CYLINDRICAL_SURFACE('',#11907,0.399999999988049);
#10774=CYLINDRICAL_SURFACE('',#12016,2.8);
#10775=CYLINDRICAL_SURFACE('',#12022,0.4);
#10776=CYLINDRICAL_SURFACE('',#12025,0.399999999988049);
#10777=CYLINDRICAL_SURFACE('',#12033,0.4);
#10778=CYLINDRICAL_SURFACE('',#12038,0.399999999988049);
#10779=CYLINDRICAL_SURFACE('',#12116,0.5);
#10780=CYLINDRICAL_SURFACE('',#12123,1.00000000000004);
#10781=CYLINDRICAL_SURFACE('',#12129,1.);
#10782=CYLINDRICAL_SURFACE('',#12139,3.4);
#10783=CYLINDRICAL_SURFACE('',#12182,3.4);
#10784=CYLINDRICAL_SURFACE('',#12184,3.4);
#10785=CYLINDRICAL_SURFACE('',#12186,2.6);
#10786=CYLINDRICAL_SURFACE('',#12188,2.6);
#10787=CYLINDRICAL_SURFACE('',#12192,5.4);
#10788=CYLINDRICAL_SURFACE('',#12194,3.4);
#10789=CYLINDRICAL_SURFACE('',#12196,3.4);
#10790=CYLINDRICAL_SURFACE('',#12197,6.4);
#10791=CYLINDRICAL_SURFACE('',#12199,6.4);
#10792=CYLINDRICAL_SURFACE('',#12210,5.);
#10793=CYLINDRICAL_SURFACE('',#12215,0.499999999999972);
#10794=CYLINDRICAL_SURFACE('',#12228,1.79999999998805);
#10795=CYLINDRICAL_SURFACE('',#12233,0.399999999988049);
#10796=CYLINDRICAL_SURFACE('',#12237,0.399999999988049);
#10797=CYLINDRICAL_SURFACE('',#12242,0.399999999988049);
#10798=CYLINDRICAL_SURFACE('',#12246,0.399999999988049);
#10799=CYLINDRICAL_SURFACE('',#12252,0.399999999988049);
#10800=CYLINDRICAL_SURFACE('',#12255,0.399999999988049);
#10801=CYLINDRICAL_SURFACE('',#12259,2.79999999998805);
#10802=CYLINDRICAL_SURFACE('',#12261,0.5);
#10803=CYLINDRICAL_SURFACE('',#12270,0.6);
#10804=CYLINDRICAL_SURFACE('',#12289,1.);
#10805=CYLINDRICAL_SURFACE('',#12294,5.);
#10806=CYLINDRICAL_SURFACE('',#12295,0.499999999999972);
#10807=CYLINDRICAL_SURFACE('',#12301,5.00000000000004);
#10808=CYLINDRICAL_SURFACE('',#12302,5.);
#10809=CYLINDRICAL_SURFACE('',#12308,2.54999999999999);
#10810=CYLINDRICAL_SURFACE('',#12312,2.55000000000003);
#10811=CYLINDRICAL_SURFACE('',#12316,2.54999999999999);
#10812=CYLINDRICAL_SURFACE('',#12320,2.54999999999999);
#10813=CYLINDRICAL_SURFACE('',#12324,2.54999999999999);
#10814=CYLINDRICAL_SURFACE('',#12335,1.55000000000001);
#10815=CYLINDRICAL_SURFACE('',#12336,1.5499110998222);
#10816=CYLINDRICAL_SURFACE('',#12337,1.55000000000001);
#10817=CYLINDRICAL_SURFACE('',#12338,1.5499110998222);
#10818=CYLINDRICAL_SURFACE('',#12339,1.5499110998222);
#10819=ADVANCED_FACE('',(#592),#10726,.F.);
#10820=ADVANCED_FACE('',(#593),#130,.T.);
#10821=ADVANCED_FACE('',(#594),#131,.F.);
#10822=ADVANCED_FACE('',(#595),#132,.F.);
#10823=ADVANCED_FACE('',(#596),#133,.F.);
#10824=ADVANCED_FACE('',(#597),#134,.F.);
#10825=ADVANCED_FACE('',(#598),#135,.F.);
#10826=ADVANCED_FACE('',(#599),#136,.F.);
#10827=ADVANCED_FACE('',(#600),#137,.F.);
#10828=ADVANCED_FACE('',(#601),#138,.F.);
#10829=ADVANCED_FACE('',(#602),#139,.F.);
#10830=ADVANCED_FACE('',(#603,#91,#92),#140,.T.);
#10831=ADVANCED_FACE('',(#604,#93,#94,#95),#141,.T.);
#10832=ADVANCED_FACE('',(#605,#96,#97,#98),#142,.T.);
#10833=ADVANCED_FACE('',(#606),#143,.T.);
#10834=ADVANCED_FACE('',(#607),#144,.T.);
#10835=ADVANCED_FACE('',(#608),#145,.T.);
#10836=ADVANCED_FACE('',(#609,#99,#100,#101,#102,#103,#104,#105),#146,.F.);
#10837=ADVANCED_FACE('',(#610),#147,.T.);
#10838=ADVANCED_FACE('',(#611),#148,.T.);
#10839=ADVANCED_FACE('',(#612),#149,.T.);
#10840=ADVANCED_FACE('',(#613),#150,.T.);
#10841=ADVANCED_FACE('',(#614),#151,.T.);
#10842=ADVANCED_FACE('',(#615),#152,.T.);
#10843=ADVANCED_FACE('',(#616),#153,.T.);
#10844=ADVANCED_FACE('',(#617),#10727,.F.);
#10845=ADVANCED_FACE('',(#618),#154,.T.);
#10846=ADVANCED_FACE('',(#619),#45,.T.);
#10847=ADVANCED_FACE('',(#620),#155,.T.);
#10848=ADVANCED_FACE('',(#621),#46,.T.);
#10849=ADVANCED_FACE('',(#622),#156,.T.);
#10850=ADVANCED_FACE('',(#623),#10728,.T.);
#10851=ADVANCED_FACE('',(#624),#157,.T.);
#10852=ADVANCED_FACE('',(#625),#10729,.T.);
#10853=ADVANCED_FACE('',(#626),#158,.T.);
#10854=ADVANCED_FACE('',(#627),#47,.T.);
#10855=ADVANCED_FACE('',(#628),#159,.T.);
#10856=ADVANCED_FACE('',(#629),#48,.F.);
#10857=ADVANCED_FACE('',(#630),#160,.T.);
#10858=ADVANCED_FACE('',(#631),#49,.T.);
#10859=ADVANCED_FACE('',(#632),#161,.T.);
#10860=ADVANCED_FACE('',(#633),#50,.T.);
#10861=ADVANCED_FACE('',(#634),#162,.T.);
#10862=ADVANCED_FACE('',(#635),#51,.F.);
#10863=ADVANCED_FACE('',(#636),#163,.T.);
#10864=ADVANCED_FACE('',(#637),#52,.F.);
#10865=ADVANCED_FACE('',(#638),#164,.T.);
#10866=ADVANCED_FACE('',(#639),#165,.T.);
#10867=ADVANCED_FACE('',(#640),#166,.T.);
#10868=ADVANCED_FACE('',(#641),#53,.T.);
#10869=ADVANCED_FACE('',(#642),#167,.T.);
#10870=ADVANCED_FACE('',(#643),#54,.T.);
#10871=ADVANCED_FACE('',(#644),#168,.T.);
#10872=ADVANCED_FACE('',(#645),#55,.T.);
#10873=ADVANCED_FACE('',(#646),#169,.T.);
#10874=ADVANCED_FACE('',(#647),#10730,.T.);
#10875=ADVANCED_FACE('',(#648),#170,.T.);
#10876=ADVANCED_FACE('',(#649),#10731,.T.);
#10877=ADVANCED_FACE('',(#650),#171,.T.);
#10878=ADVANCED_FACE('',(#651),#10732,.T.);
#10879=ADVANCED_FACE('',(#652),#172,.T.);
#10880=ADVANCED_FACE('',(#653),#173,.T.);
#10881=ADVANCED_FACE('',(#654),#174,.T.);
#10882=ADVANCED_FACE('',(#655),#10733,.F.);
#10883=ADVANCED_FACE('',(#656),#175,.T.);
#10884=ADVANCED_FACE('',(#657),#10734,.F.);
#10885=ADVANCED_FACE('',(#658),#176,.T.);
#10886=ADVANCED_FACE('',(#659),#10735,.T.);
#10887=ADVANCED_FACE('',(#660),#177,.T.);
#10888=ADVANCED_FACE('',(#661),#10736,.T.);
#10889=ADVANCED_FACE('',(#662),#178,.T.);
#10890=ADVANCED_FACE('',(#663),#10737,.F.);
#10891=ADVANCED_FACE('',(#664),#179,.T.);
#10892=ADVANCED_FACE('',(#665),#10738,.T.);
#10893=ADVANCED_FACE('',(#666),#56,.F.);
#10894=ADVANCED_FACE('',(#667),#180,.T.);
#10895=ADVANCED_FACE('',(#668),#181,.T.);
#10896=ADVANCED_FACE('',(#669),#182,.T.);
#10897=ADVANCED_FACE('',(#670),#10739,.T.);
#10898=ADVANCED_FACE('',(#671),#27,.F.);
#10899=ADVANCED_FACE('',(#672),#28,.F.);
#10900=ADVANCED_FACE('',(#673),#183,.T.);
#10901=ADVANCED_FACE('',(#674),#184,.T.);
#10902=ADVANCED_FACE('',(#675),#57,.T.);
#10903=ADVANCED_FACE('',(#676),#185,.T.);
#10904=ADVANCED_FACE('',(#677),#186,.T.);
#10905=ADVANCED_FACE('',(#678),#187,.T.);
#10906=ADVANCED_FACE('',(#679),#188,.T.);
#10907=ADVANCED_FACE('',(#680),#189,.T.);
#10908=ADVANCED_FACE('',(#681),#190,.T.);
#10909=ADVANCED_FACE('',(#682),#191,.T.);
#10910=ADVANCED_FACE('',(#683),#58,.T.);
#10911=ADVANCED_FACE('',(#684),#192,.T.);
#10912=ADVANCED_FACE('',(#685),#59,.T.);
#10913=ADVANCED_FACE('',(#686),#193,.T.);
#10914=ADVANCED_FACE('',(#687),#60,.T.);
#10915=ADVANCED_FACE('',(#688),#194,.T.);
#10916=ADVANCED_FACE('',(#689),#61,.T.);
#10917=ADVANCED_FACE('',(#690),#195,.T.);
#10918=ADVANCED_FACE('',(#691),#62,.T.);
#10919=ADVANCED_FACE('',(#692),#196,.T.);
#10920=ADVANCED_FACE('',(#693),#63,.F.);
#10921=ADVANCED_FACE('',(#694),#197,.T.);
#10922=ADVANCED_FACE('',(#695),#64,.F.);
#10923=ADVANCED_FACE('',(#696),#198,.T.);
#10924=ADVANCED_FACE('',(#697),#65,.T.);
#10925=ADVANCED_FACE('',(#698),#199,.T.);
#10926=ADVANCED_FACE('',(#699),#66,.T.);
#10927=ADVANCED_FACE('',(#700),#200,.T.);
#10928=ADVANCED_FACE('',(#701),#67,.F.);
#10929=ADVANCED_FACE('',(#702),#201,.F.);
#10930=ADVANCED_FACE('',(#703),#202,.F.);
#10931=ADVANCED_FACE('',(#704),#203,.F.);
#10932=ADVANCED_FACE('',(#705),#204,.F.);
#10933=ADVANCED_FACE('',(#706),#205,.F.);
#10934=ADVANCED_FACE('',(#707),#206,.F.);
#10935=ADVANCED_FACE('',(#708),#207,.F.);
#10936=ADVANCED_FACE('',(#709),#208,.F.);
#10937=ADVANCED_FACE('',(#710),#209,.F.);
#10938=ADVANCED_FACE('',(#711),#210,.F.);
#10939=ADVANCED_FACE('',(#712),#10740,.F.);
#10940=ADVANCED_FACE('',(#713),#211,.F.);
#10941=ADVANCED_FACE('',(#714),#212,.F.);
#10942=ADVANCED_FACE('',(#715),#213,.F.);
#10943=ADVANCED_FACE('',(#716),#214,.F.);
#10944=ADVANCED_FACE('',(#717),#215,.F.);
#10945=ADVANCED_FACE('',(#718),#216,.F.);
#10946=ADVANCED_FACE('',(#719),#217,.F.);
#10947=ADVANCED_FACE('',(#720),#218,.F.);
#10948=ADVANCED_FACE('',(#721),#10741,.F.);
#10949=ADVANCED_FACE('',(#722),#219,.F.);
#10950=ADVANCED_FACE('',(#723),#220,.F.);
#10951=ADVANCED_FACE('',(#724),#221,.T.);
#10952=ADVANCED_FACE('',(#725),#222,.F.);
#10953=ADVANCED_FACE('',(#726),#223,.F.);
#10954=ADVANCED_FACE('',(#727),#224,.F.);
#10955=ADVANCED_FACE('',(#728),#225,.F.);
#10956=ADVANCED_FACE('',(#729),#226,.F.);
#10957=ADVANCED_FACE('',(#730),#10742,.T.);
#10958=ADVANCED_FACE('',(#731),#10743,.T.);
#10959=ADVANCED_FACE('',(#732),#227,.F.);
#10960=ADVANCED_FACE('',(#733),#228,.F.);
#10961=ADVANCED_FACE('',(#734),#229,.F.);
#10962=ADVANCED_FACE('',(#735),#10744,.T.);
#10963=ADVANCED_FACE('',(#736),#230,.F.);
#10964=ADVANCED_FACE('',(#737),#231,.F.);
#10965=ADVANCED_FACE('',(#738),#10745,.T.);
#10966=ADVANCED_FACE('',(#739),#232,.F.);
#10967=ADVANCED_FACE('',(#740),#233,.F.);
#10968=ADVANCED_FACE('',(#741),#234,.F.);
#10969=ADVANCED_FACE('',(#742),#10746,.T.);
#10970=ADVANCED_FACE('',(#743),#235,.F.);
#10971=ADVANCED_FACE('',(#744),#236,.F.);
#10972=ADVANCED_FACE('',(#745),#10747,.T.);
#10973=ADVANCED_FACE('',(#746),#237,.F.);
#10974=ADVANCED_FACE('',(#747),#238,.F.);
#10975=ADVANCED_FACE('',(#748),#239,.F.);
#10976=ADVANCED_FACE('',(#749),#10748,.T.);
#10977=ADVANCED_FACE('',(#750),#240,.F.);
#10978=ADVANCED_FACE('',(#751),#241,.F.);
#10979=ADVANCED_FACE('',(#752),#242,.F.);
#10980=ADVANCED_FACE('',(#753),#10749,.T.);
#10981=ADVANCED_FACE('',(#754),#243,.F.);
#10982=ADVANCED_FACE('',(#755),#10750,.T.);
#10983=ADVANCED_FACE('',(#756),#244,.F.);
#10984=ADVANCED_FACE('',(#757),#245,.F.);
#10985=ADVANCED_FACE('',(#758),#10751,.T.);
#10986=ADVANCED_FACE('',(#759),#246,.F.);
#10987=ADVANCED_FACE('',(#760),#247,.F.);
#10988=ADVANCED_FACE('',(#761),#10752,.T.);
#10989=ADVANCED_FACE('',(#762),#248,.F.);
#10990=ADVANCED_FACE('',(#763),#249,.F.);
#10991=ADVANCED_FACE('',(#764),#10753,.T.);
#10992=ADVANCED_FACE('',(#765),#250,.T.);
#10993=ADVANCED_FACE('',(#766),#10754,.T.);
#10994=ADVANCED_FACE('',(#767),#251,.T.);
#10995=ADVANCED_FACE('',(#768),#252,.T.);
#10996=ADVANCED_FACE('',(#769),#253,.T.);
#10997=ADVANCED_FACE('',(#770),#254,.T.);
#10998=ADVANCED_FACE('',(#771),#255,.T.);
#10999=ADVANCED_FACE('',(#772),#256,.T.);
#11000=ADVANCED_FACE('',(#773),#257,.T.);
#11001=ADVANCED_FACE('',(#774),#258,.T.);
#11002=ADVANCED_FACE('',(#775),#259,.T.);
#11003=ADVANCED_FACE('',(#776),#260,.T.);
#11004=ADVANCED_FACE('',(#777),#261,.T.);
#11005=ADVANCED_FACE('',(#778),#262,.T.);
#11006=ADVANCED_FACE('',(#779),#263,.T.);
#11007=ADVANCED_FACE('',(#780),#264,.T.);
#11008=ADVANCED_FACE('',(#781),#265,.T.);
#11009=ADVANCED_FACE('',(#782),#10755,.T.);
#11010=ADVANCED_FACE('',(#783,#106),#266,.T.);
#11011=ADVANCED_FACE('',(#784,#107),#267,.T.);
#11012=ADVANCED_FACE('',(#785,#108),#268,.T.);
#11013=ADVANCED_FACE('',(#786,#109),#269,.T.);
#11014=ADVANCED_FACE('',(#787,#110),#270,.T.);
#11015=ADVANCED_FACE('',(#788),#271,.T.);
#11016=ADVANCED_FACE('',(#789),#272,.T.);
#11017=ADVANCED_FACE('',(#790),#273,.T.);
#11018=ADVANCED_FACE('',(#791),#274,.T.);
#11019=ADVANCED_FACE('',(#792),#10756,.T.);
#11020=ADVANCED_FACE('',(#793),#275,.T.);
#11021=ADVANCED_FACE('',(#794),#276,.T.);
#11022=ADVANCED_FACE('',(#795),#277,.T.);
#11023=ADVANCED_FACE('',(#796),#278,.T.);
#11024=ADVANCED_FACE('',(#797),#10757,.F.);
#11025=ADVANCED_FACE('',(#798),#279,.F.);
#11026=ADVANCED_FACE('',(#799),#280,.T.);
#11027=ADVANCED_FACE('',(#800),#10758,.T.);
#11028=ADVANCED_FACE('',(#801),#281,.F.);
#11029=ADVANCED_FACE('',(#802),#10759,.F.);
#11030=ADVANCED_FACE('',(#803),#10760,.F.);
#11031=ADVANCED_FACE('',(#804),#282,.T.);
#11032=ADVANCED_FACE('',(#805),#283,.T.);
#11033=ADVANCED_FACE('',(#806),#284,.T.);
#11034=ADVANCED_FACE('',(#807),#285,.T.);
#11035=ADVANCED_FACE('',(#808),#10761,.T.);
#11036=ADVANCED_FACE('',(#809),#286,.T.);
#11037=ADVANCED_FACE('',(#810),#287,.F.);
#11038=ADVANCED_FACE('',(#811),#288,.F.);
#11039=ADVANCED_FACE('',(#812),#17,.F.);
#11040=ADVANCED_FACE('',(#813),#10762,.T.);
#11041=ADVANCED_FACE('',(#814),#18,.F.);
#11042=ADVANCED_FACE('',(#815),#10763,.T.);
#11043=ADVANCED_FACE('',(#816),#19,.F.);
#11044=ADVANCED_FACE('',(#817),#10764,.T.);
#11045=ADVANCED_FACE('',(#818),#20,.F.);
#11046=ADVANCED_FACE('',(#819),#10765,.T.);
#11047=ADVANCED_FACE('',(#820),#21,.F.);
#11048=ADVANCED_FACE('',(#821),#10766,.T.);
#11049=ADVANCED_FACE('',(#822),#289,.T.);
#11050=ADVANCED_FACE('',(#823),#290,.T.);
#11051=ADVANCED_FACE('',(#824),#291,.T.);
#11052=ADVANCED_FACE('',(#825),#292,.T.);
#11053=ADVANCED_FACE('',(#826),#293,.T.);
#11054=ADVANCED_FACE('',(#827),#294,.T.);
#11055=ADVANCED_FACE('',(#828),#295,.T.);
#11056=ADVANCED_FACE('',(#829),#296,.T.);
#11057=ADVANCED_FACE('',(#830),#297,.T.);
#11058=ADVANCED_FACE('',(#831),#298,.T.);
#11059=ADVANCED_FACE('',(#832),#299,.T.);
#11060=ADVANCED_FACE('',(#833),#300,.T.);
#11061=ADVANCED_FACE('',(#834),#301,.T.);
#11062=ADVANCED_FACE('',(#835),#302,.T.);
#11063=ADVANCED_FACE('',(#836),#303,.T.);
#11064=ADVANCED_FACE('',(#837),#304,.T.);
#11065=ADVANCED_FACE('',(#838),#305,.T.);
#11066=ADVANCED_FACE('',(#839),#306,.T.);
#11067=ADVANCED_FACE('',(#840),#307,.T.);
#11068=ADVANCED_FACE('',(#841),#308,.T.);
#11069=ADVANCED_FACE('',(#842),#309,.T.);
#11070=ADVANCED_FACE('',(#843),#310,.T.);
#11071=ADVANCED_FACE('',(#844),#311,.T.);
#11072=ADVANCED_FACE('',(#845),#312,.T.);
#11073=ADVANCED_FACE('',(#846),#313,.T.);
#11074=ADVANCED_FACE('',(#847),#314,.T.);
#11075=ADVANCED_FACE('',(#848),#315,.T.);
#11076=ADVANCED_FACE('',(#849),#316,.T.);
#11077=ADVANCED_FACE('',(#850),#317,.T.);
#11078=ADVANCED_FACE('',(#851),#318,.T.);
#11079=ADVANCED_FACE('',(#852),#319,.T.);
#11080=ADVANCED_FACE('',(#853),#320,.T.);
#11081=ADVANCED_FACE('',(#854),#321,.T.);
#11082=ADVANCED_FACE('',(#855),#10767,.F.);
#11083=ADVANCED_FACE('',(#856),#10768,.F.);
#11084=ADVANCED_FACE('',(#857),#10769,.F.);
#11085=ADVANCED_FACE('',(#858),#10770,.F.);
#11086=ADVANCED_FACE('',(#859),#10771,.F.);
#11087=ADVANCED_FACE('',(#860),#322,.T.);
#11088=ADVANCED_FACE('',(#861),#323,.T.);
#11089=ADVANCED_FACE('',(#862),#324,.T.);
#11090=ADVANCED_FACE('',(#863),#325,.T.);
#11091=ADVANCED_FACE('',(#864),#326,.T.);
#11092=ADVANCED_FACE('',(#865),#327,.T.);
#11093=ADVANCED_FACE('',(#866),#328,.T.);
#11094=ADVANCED_FACE('',(#867),#329,.T.);
#11095=ADVANCED_FACE('',(#868),#330,.T.);
#11096=ADVANCED_FACE('',(#869),#331,.T.);
#11097=ADVANCED_FACE('',(#870),#332,.T.);
#11098=ADVANCED_FACE('',(#871),#333,.T.);
#11099=ADVANCED_FACE('',(#872),#334,.T.);
#11100=ADVANCED_FACE('',(#873),#335,.T.);
#11101=ADVANCED_FACE('',(#874),#336,.T.);
#11102=ADVANCED_FACE('',(#875),#337,.T.);
#11103=ADVANCED_FACE('',(#876),#338,.T.);
#11104=ADVANCED_FACE('',(#877),#339,.T.);
#11105=ADVANCED_FACE('',(#878),#340,.T.);
#11106=ADVANCED_FACE('',(#879),#341,.T.);
#11107=ADVANCED_FACE('',(#880),#342,.T.);
#11108=ADVANCED_FACE('',(#881),#343,.T.);
#11109=ADVANCED_FACE('',(#882),#344,.T.);
#11110=ADVANCED_FACE('',(#883),#345,.T.);
#11111=ADVANCED_FACE('',(#884),#346,.T.);
#11112=ADVANCED_FACE('',(#885),#347,.T.);
#11113=ADVANCED_FACE('',(#886),#348,.T.);
#11114=ADVANCED_FACE('',(#887),#349,.T.);
#11115=ADVANCED_FACE('',(#888),#350,.T.);
#11116=ADVANCED_FACE('',(#889),#351,.T.);
#11117=ADVANCED_FACE('',(#890),#352,.T.);
#11118=ADVANCED_FACE('',(#891),#353,.T.);
#11119=ADVANCED_FACE('',(#892),#354,.T.);
#11120=ADVANCED_FACE('',(#893),#355,.T.);
#11121=ADVANCED_FACE('',(#894),#356,.T.);
#11122=ADVANCED_FACE('',(#895),#357,.T.);
#11123=ADVANCED_FACE('',(#896),#10772,.F.);
#11124=ADVANCED_FACE('',(#897),#358,.F.);
#11125=ADVANCED_FACE('',(#898),#359,.T.);
#11126=ADVANCED_FACE('',(#899,#111,#112,#113),#360,.F.);
#11127=ADVANCED_FACE('',(#900,#114),#361,.F.);
#11128=ADVANCED_FACE('',(#901),#10773,.T.);
#11129=ADVANCED_FACE('',(#902),#362,.T.);
#11130=ADVANCED_FACE('',(#903),#363,.T.);
#11131=ADVANCED_FACE('',(#904,#115,#116,#117),#364,.F.);
#11132=ADVANCED_FACE('',(#905),#365,.F.);
#11133=ADVANCED_FACE('',(#906),#366,.F.);
#11134=ADVANCED_FACE('',(#907),#367,.T.);
#11135=ADVANCED_FACE('',(#908),#368,.T.);
#11136=ADVANCED_FACE('',(#909),#369,.T.);
#11137=ADVANCED_FACE('',(#910),#370,.T.);
#11138=ADVANCED_FACE('',(#911),#371,.T.);
#11139=ADVANCED_FACE('',(#912),#372,.T.);
#11140=ADVANCED_FACE('',(#913),#373,.T.);
#11141=ADVANCED_FACE('',(#914),#374,.T.);
#11142=ADVANCED_FACE('',(#915),#375,.T.);
#11143=ADVANCED_FACE('',(#916),#376,.T.);
#11144=ADVANCED_FACE('',(#917),#377,.F.);
#11145=ADVANCED_FACE('',(#918),#378,.F.);
#11146=ADVANCED_FACE('',(#919),#379,.F.);
#11147=ADVANCED_FACE('',(#920,#118,#119,#120,#121,#122,#123,#124),#380,
 .T.);
#11148=ADVANCED_FACE('',(#921),#381,.T.);
#11149=ADVANCED_FACE('',(#922),#382,.F.);
#11150=ADVANCED_FACE('',(#923),#383,.F.);
#11151=ADVANCED_FACE('',(#924),#384,.F.);
#11152=ADVANCED_FACE('',(#925),#385,.F.);
#11153=ADVANCED_FACE('',(#926),#386,.T.);
#11154=ADVANCED_FACE('',(#927),#387,.T.);
#11155=ADVANCED_FACE('',(#928),#388,.T.);
#11156=ADVANCED_FACE('',(#929),#68,.T.);
#11157=ADVANCED_FACE('',(#930),#389,.T.);
#11158=ADVANCED_FACE('',(#931),#69,.T.);
#11159=ADVANCED_FACE('',(#932),#390,.T.);
#11160=ADVANCED_FACE('',(#933),#391,.F.);
#11161=ADVANCED_FACE('',(#934),#392,.T.);
#11162=ADVANCED_FACE('',(#935),#393,.T.);
#11163=ADVANCED_FACE('',(#936),#70,.T.);
#11164=ADVANCED_FACE('',(#937),#71,.F.);
#11165=ADVANCED_FACE('',(#938),#394,.T.);
#11166=ADVANCED_FACE('',(#939),#72,.T.);
#11167=ADVANCED_FACE('',(#940),#395,.T.);
#11168=ADVANCED_FACE('',(#941),#73,.T.);
#11169=ADVANCED_FACE('',(#942),#396,.T.);
#11170=ADVANCED_FACE('',(#943),#74,.F.);
#11171=ADVANCED_FACE('',(#944),#397,.T.);
#11172=ADVANCED_FACE('',(#945),#75,.F.);
#11173=ADVANCED_FACE('',(#946),#398,.T.);
#11174=ADVANCED_FACE('',(#947),#399,.T.);
#11175=ADVANCED_FACE('',(#948),#76,.T.);
#11176=ADVANCED_FACE('',(#949),#400,.T.);
#11177=ADVANCED_FACE('',(#950),#77,.T.);
#11178=ADVANCED_FACE('',(#951),#401,.T.);
#11179=ADVANCED_FACE('',(#952),#78,.T.);
#11180=ADVANCED_FACE('',(#953),#402,.T.);
#11181=ADVANCED_FACE('',(#954),#403,.F.);
#11182=ADVANCED_FACE('',(#955),#79,.F.);
#11183=ADVANCED_FACE('',(#956),#404,.T.);
#11184=ADVANCED_FACE('',(#957),#405,.T.);
#11185=ADVANCED_FACE('',(#958),#406,.T.);
#11186=ADVANCED_FACE('',(#959),#407,.T.);
#11187=ADVANCED_FACE('',(#960),#408,.T.);
#11188=ADVANCED_FACE('',(#961),#409,.T.);
#11189=ADVANCED_FACE('',(#962),#410,.T.);
#11190=ADVANCED_FACE('',(#963),#411,.F.);
#11191=ADVANCED_FACE('',(#964),#412,.F.);
#11192=ADVANCED_FACE('',(#965),#413,.F.);
#11193=ADVANCED_FACE('',(#966),#414,.T.);
#11194=ADVANCED_FACE('',(#967),#415,.T.);
#11195=ADVANCED_FACE('',(#968),#416,.T.);
#11196=ADVANCED_FACE('',(#969),#417,.T.);
#11197=ADVANCED_FACE('',(#970),#10774,.F.);
#11198=ADVANCED_FACE('',(#971),#418,.T.);
#11199=ADVANCED_FACE('',(#972),#419,.F.);
#11200=ADVANCED_FACE('',(#973),#420,.T.);
#11201=ADVANCED_FACE('',(#974),#10775,.F.);
#11202=ADVANCED_FACE('',(#975),#10776,.T.);
#11203=ADVANCED_FACE('',(#976),#421,.T.);
#11204=ADVANCED_FACE('',(#977),#422,.F.);
#11205=ADVANCED_FACE('',(#978),#423,.T.);
#11206=ADVANCED_FACE('',(#979),#424,.T.);
#11207=ADVANCED_FACE('',(#980),#10777,.F.);
#11208=ADVANCED_FACE('',(#981),#425,.F.);
#11209=ADVANCED_FACE('',(#982),#10778,.T.);
#11210=ADVANCED_FACE('',(#983),#426,.T.);
#11211=ADVANCED_FACE('',(#984),#427,.T.);
#11212=ADVANCED_FACE('',(#985),#428,.T.);
#11213=ADVANCED_FACE('',(#986),#429,.T.);
#11214=ADVANCED_FACE('',(#987),#430,.T.);
#11215=ADVANCED_FACE('',(#988),#431,.T.);
#11216=ADVANCED_FACE('',(#989),#432,.T.);
#11217=ADVANCED_FACE('',(#990),#433,.T.);
#11218=ADVANCED_FACE('',(#991),#434,.T.);
#11219=ADVANCED_FACE('',(#992),#435,.T.);
#11220=ADVANCED_FACE('',(#993),#436,.T.);
#11221=ADVANCED_FACE('',(#994),#437,.T.);
#11222=ADVANCED_FACE('',(#995),#438,.T.);
#11223=ADVANCED_FACE('',(#996),#439,.T.);
#11224=ADVANCED_FACE('',(#997),#440,.T.);
#11225=ADVANCED_FACE('',(#998),#441,.T.);
#11226=ADVANCED_FACE('',(#999),#442,.T.);
#11227=ADVANCED_FACE('',(#1000),#443,.T.);
#11228=ADVANCED_FACE('',(#1001),#444,.T.);
#11229=ADVANCED_FACE('',(#1002),#445,.T.);
#11230=ADVANCED_FACE('',(#1003),#446,.T.);
#11231=ADVANCED_FACE('',(#1004),#447,.T.);
#11232=ADVANCED_FACE('',(#1005),#448,.T.);
#11233=ADVANCED_FACE('',(#1006),#449,.T.);
#11234=ADVANCED_FACE('',(#1007),#450,.T.);
#11235=ADVANCED_FACE('',(#1008),#451,.T.);
#11236=ADVANCED_FACE('',(#1009),#452,.T.);
#11237=ADVANCED_FACE('',(#1010),#453,.T.);
#11238=ADVANCED_FACE('',(#1011),#454,.T.);
#11239=ADVANCED_FACE('',(#1012),#455,.T.);
#11240=ADVANCED_FACE('',(#1013),#456,.T.);
#11241=ADVANCED_FACE('',(#1014),#457,.T.);
#11242=ADVANCED_FACE('',(#1015),#458,.T.);
#11243=ADVANCED_FACE('',(#1016),#459,.T.);
#11244=ADVANCED_FACE('',(#1017),#460,.T.);
#11245=ADVANCED_FACE('',(#1018),#461,.T.);
#11246=ADVANCED_FACE('',(#1019),#462,.T.);
#11247=ADVANCED_FACE('',(#1020),#463,.T.);
#11248=ADVANCED_FACE('',(#1021),#464,.T.);
#11249=ADVANCED_FACE('',(#1022),#465,.T.);
#11250=ADVANCED_FACE('',(#1023),#466,.T.);
#11251=ADVANCED_FACE('',(#1024),#467,.T.);
#11252=ADVANCED_FACE('',(#1025),#468,.T.);
#11253=ADVANCED_FACE('',(#1026),#469,.T.);
#11254=ADVANCED_FACE('',(#1027),#470,.T.);
#11255=ADVANCED_FACE('',(#1028),#471,.T.);
#11256=ADVANCED_FACE('',(#1029),#472,.T.);
#11257=ADVANCED_FACE('',(#1030),#473,.T.);
#11258=ADVANCED_FACE('',(#1031),#474,.T.);
#11259=ADVANCED_FACE('',(#1032),#475,.T.);
#11260=ADVANCED_FACE('',(#1033),#476,.T.);
#11261=ADVANCED_FACE('',(#1034),#477,.T.);
#11262=ADVANCED_FACE('',(#1035),#478,.T.);
#11263=ADVANCED_FACE('',(#1036),#479,.T.);
#11264=ADVANCED_FACE('',(#1037),#480,.T.);
#11265=ADVANCED_FACE('',(#1038),#481,.T.);
#11266=ADVANCED_FACE('',(#1039),#482,.T.);
#11267=ADVANCED_FACE('',(#1040),#483,.T.);
#11268=ADVANCED_FACE('',(#1041),#484,.T.);
#11269=ADVANCED_FACE('',(#1042),#485,.T.);
#11270=ADVANCED_FACE('',(#1043),#486,.T.);
#11271=ADVANCED_FACE('',(#1044),#487,.T.);
#11272=ADVANCED_FACE('',(#1045),#488,.T.);
#11273=ADVANCED_FACE('',(#1046),#489,.T.);
#11274=ADVANCED_FACE('',(#1047),#490,.T.);
#11275=ADVANCED_FACE('',(#1048),#491,.T.);
#11276=ADVANCED_FACE('',(#1049),#492,.T.);
#11277=ADVANCED_FACE('',(#1050),#493,.T.);
#11278=ADVANCED_FACE('',(#1051),#494,.T.);
#11279=ADVANCED_FACE('',(#1052),#495,.T.);
#11280=ADVANCED_FACE('',(#1053),#496,.T.);
#11281=ADVANCED_FACE('',(#1054),#497,.T.);
#11282=ADVANCED_FACE('',(#1055),#10779,.T.);
#11283=ADVANCED_FACE('',(#1056),#498,.T.);
#11284=ADVANCED_FACE('',(#1057),#499,.T.);
#11285=ADVANCED_FACE('',(#1058),#500,.T.);
#11286=ADVANCED_FACE('',(#1059),#10780,.T.);
#11287=ADVANCED_FACE('',(#1060),#29,.T.);
#11288=ADVANCED_FACE('',(#1061),#30,.T.);
#11289=ADVANCED_FACE('',(#1062),#501,.F.);
#11290=ADVANCED_FACE('',(#1063),#502,.F.);
#11291=ADVANCED_FACE('',(#1064),#10781,.F.);
#11292=ADVANCED_FACE('',(#1065),#503,.F.);
#11293=ADVANCED_FACE('',(#1066),#80,.T.);
#11294=ADVANCED_FACE('',(#1067),#504,.F.);
#11295=ADVANCED_FACE('',(#1068),#505,.F.);
#11296=ADVANCED_FACE('',(#1069),#506,.F.);
#11297=ADVANCED_FACE('',(#1070),#507,.F.);
#11298=ADVANCED_FACE('',(#1071),#10782,.T.);
#11299=ADVANCED_FACE('',(#1072),#508,.F.);
#11300=ADVANCED_FACE('',(#1073),#509,.F.);
#11301=ADVANCED_FACE('',(#1074),#510,.F.);
#11302=ADVANCED_FACE('',(#1075),#511,.F.);
#11303=ADVANCED_FACE('',(#1076),#81,.T.);
#11304=ADVANCED_FACE('',(#1077),#512,.F.);
#11305=ADVANCED_FACE('',(#1078),#82,.T.);
#11306=ADVANCED_FACE('',(#1079),#513,.F.);
#11307=ADVANCED_FACE('',(#1080),#83,.T.);
#11308=ADVANCED_FACE('',(#1081),#514,.F.);
#11309=ADVANCED_FACE('',(#1082),#84,.T.);
#11310=ADVANCED_FACE('',(#1083),#515,.F.);
#11311=ADVANCED_FACE('',(#1084),#85,.T.);
#11312=ADVANCED_FACE('',(#1085),#516,.F.);
#11313=ADVANCED_FACE('',(#1086),#86,.F.);
#11314=ADVANCED_FACE('',(#1087),#517,.F.);
#11315=ADVANCED_FACE('',(#1088),#87,.F.);
#11316=ADVANCED_FACE('',(#1089),#518,.F.);
#11317=ADVANCED_FACE('',(#1090),#88,.T.);
#11318=ADVANCED_FACE('',(#1091),#519,.F.);
#11319=ADVANCED_FACE('',(#1092),#89,.T.);
#11320=ADVANCED_FACE('',(#1093),#520,.F.);
#11321=ADVANCED_FACE('',(#1094),#90,.F.);
#11322=ADVANCED_FACE('',(#1095),#10783,.T.);
#11323=ADVANCED_FACE('',(#1096),#521,.F.);
#11324=ADVANCED_FACE('',(#1097),#10784,.T.);
#11325=ADVANCED_FACE('',(#1098),#522,.F.);
#11326=ADVANCED_FACE('',(#1099),#10785,.F.);
#11327=ADVANCED_FACE('',(#1100),#523,.F.);
#11328=ADVANCED_FACE('',(#1101),#10786,.F.);
#11329=ADVANCED_FACE('',(#1102),#524,.F.);
#11330=ADVANCED_FACE('',(#1103),#525,.F.);
#11331=ADVANCED_FACE('',(#1104),#526,.F.);
#11332=ADVANCED_FACE('',(#1105),#10787,.T.);
#11333=ADVANCED_FACE('',(#1106),#527,.F.);
#11334=ADVANCED_FACE('',(#1107),#10788,.T.);
#11335=ADVANCED_FACE('',(#1108),#528,.F.);
#11336=ADVANCED_FACE('',(#1109),#10789,.T.);
#11337=ADVANCED_FACE('',(#1110),#10790,.T.);
#11338=ADVANCED_FACE('',(#1111),#529,.F.);
#11339=ADVANCED_FACE('',(#1112),#10791,.T.);
#11340=ADVANCED_FACE('',(#1113),#530,.T.);
#11341=ADVANCED_FACE('',(#1114),#531,.T.);
#11342=ADVANCED_FACE('',(#1115),#532,.T.);
#11343=ADVANCED_FACE('',(#1116),#533,.T.);
#11344=ADVANCED_FACE('',(#1117),#534,.T.);
#11345=ADVANCED_FACE('',(#1118),#535,.T.);
#11346=ADVANCED_FACE('',(#1119),#536,.T.);
#11347=ADVANCED_FACE('',(#1120),#537,.T.);
#11348=ADVANCED_FACE('',(#1121),#538,.T.);
#11349=ADVANCED_FACE('',(#1122),#539,.T.);
#11350=ADVANCED_FACE('',(#1123),#10792,.F.);
#11351=ADVANCED_FACE('',(#1124),#540,.T.);
#11352=ADVANCED_FACE('',(#1125),#541,.T.);
#11353=ADVANCED_FACE('',(#1126),#542,.T.);
#11354=ADVANCED_FACE('',(#1127),#543,.T.);
#11355=ADVANCED_FACE('',(#1128),#10793,.F.);
#11356=ADVANCED_FACE('',(#1129),#544,.T.);
#11357=ADVANCED_FACE('',(#1130),#545,.F.);
#11358=ADVANCED_FACE('',(#1131),#546,.T.);
#11359=ADVANCED_FACE('',(#1132),#547,.T.);
#11360=ADVANCED_FACE('',(#1133),#10794,.T.);
#11361=ADVANCED_FACE('',(#1134),#548,.T.);
#11362=ADVANCED_FACE('',(#1135),#549,.T.);
#11363=ADVANCED_FACE('',(#1136),#550,.T.);
#11364=ADVANCED_FACE('',(#1137),#10795,.T.);
#11365=ADVANCED_FACE('',(#1138),#551,.T.);
#11366=ADVANCED_FACE('',(#1139),#552,.T.);
#11367=ADVANCED_FACE('',(#1140),#10796,.T.);
#11368=ADVANCED_FACE('',(#1141),#553,.T.);
#11369=ADVANCED_FACE('',(#1142),#554,.T.);
#11370=ADVANCED_FACE('',(#1143),#555,.T.);
#11371=ADVANCED_FACE('',(#1144),#10797,.T.);
#11372=ADVANCED_FACE('',(#1145),#556,.T.);
#11373=ADVANCED_FACE('',(#1146),#557,.T.);
#11374=ADVANCED_FACE('',(#1147),#10798,.T.);
#11375=ADVANCED_FACE('',(#1148),#558,.T.);
#11376=ADVANCED_FACE('',(#1149),#559,.T.);
#11377=ADVANCED_FACE('',(#1150),#560,.T.);
#11378=ADVANCED_FACE('',(#1151),#561,.T.);
#11379=ADVANCED_FACE('',(#1152),#10799,.T.);
#11380=ADVANCED_FACE('',(#1153),#562,.T.);
#11381=ADVANCED_FACE('',(#1154),#10800,.T.);
#11382=ADVANCED_FACE('',(#1155),#563,.T.);
#11383=ADVANCED_FACE('',(#1156),#564,.T.);
#11384=ADVANCED_FACE('',(#1157),#10801,.T.);
#11385=ADVANCED_FACE('',(#1158),#10802,.T.);
#11386=ADVANCED_FACE('',(#1159),#565,.F.);
#11387=ADVANCED_FACE('',(#1160),#566,.F.);
#11388=ADVANCED_FACE('',(#1161),#567,.F.);
#11389=ADVANCED_FACE('',(#1162),#568,.F.);
#11390=ADVANCED_FACE('',(#1163),#569,.F.);
#11391=ADVANCED_FACE('',(#1164),#10803,.T.);
#11392=ADVANCED_FACE('',(#1165,#125),#570,.F.);
#11393=ADVANCED_FACE('',(#1166,#126),#571,.F.);
#11394=ADVANCED_FACE('',(#1167,#127),#572,.F.);
#11395=ADVANCED_FACE('',(#1168,#128),#573,.F.);
#11396=ADVANCED_FACE('',(#1169,#129),#574,.F.);
#11397=ADVANCED_FACE('',(#1170),#575,.F.);
#11398=ADVANCED_FACE('',(#1171),#576,.F.);
#11399=ADVANCED_FACE('',(#1172),#577,.F.);
#11400=ADVANCED_FACE('',(#1173),#10804,.T.);
#11401=ADVANCED_FACE('',(#1174),#578,.F.);
#11402=ADVANCED_FACE('',(#1175),#579,.F.);
#11403=ADVANCED_FACE('',(#1176),#580,.F.);
#11404=ADVANCED_FACE('',(#1177),#581,.F.);
#11405=ADVANCED_FACE('',(#1178),#10805,.F.);
#11406=ADVANCED_FACE('',(#1179),#10806,.F.);
#11407=ADVANCED_FACE('',(#1180),#582,.T.);
#11408=ADVANCED_FACE('',(#1181),#583,.F.);
#11409=ADVANCED_FACE('',(#1182),#584,.T.);
#11410=ADVANCED_FACE('',(#1183),#10807,.F.);
#11411=ADVANCED_FACE('',(#1184),#10808,.F.);
#11412=ADVANCED_FACE('',(#1185),#585,.T.);
#11413=ADVANCED_FACE('',(#1186),#586,.T.);
#11414=ADVANCED_FACE('',(#1187),#22,.F.);
#11415=ADVANCED_FACE('',(#1188),#10809,.T.);
#11416=ADVANCED_FACE('',(#1189),#23,.F.);
#11417=ADVANCED_FACE('',(#1190),#10810,.T.);
#11418=ADVANCED_FACE('',(#1191),#24,.F.);
#11419=ADVANCED_FACE('',(#1192),#10811,.T.);
#11420=ADVANCED_FACE('',(#1193),#25,.F.);
#11421=ADVANCED_FACE('',(#1194),#10812,.T.);
#11422=ADVANCED_FACE('',(#1195),#26,.F.);
#11423=ADVANCED_FACE('',(#1196),#10813,.T.);
#11424=ADVANCED_FACE('',(#1197),#587,.F.);
#11425=ADVANCED_FACE('',(#1198),#588,.F.);
#11426=ADVANCED_FACE('',(#1199),#589,.F.);
#11427=ADVANCED_FACE('',(#1200),#590,.F.);
#11428=ADVANCED_FACE('',(#1201),#591,.F.);
#11429=ADVANCED_FACE('',(#1202),#10814,.F.);
#11430=ADVANCED_FACE('',(#1203),#10815,.F.);
#11431=ADVANCED_FACE('',(#1204),#10816,.F.);
#11432=ADVANCED_FACE('',(#1205),#10817,.F.);
#11433=ADVANCED_FACE('',(#1206),#10818,.F.);
#11434=CLOSED_SHELL('',(#10819,#10820,#10821,#10822,#10823,#10824,#10825,
#10826,#10827,#10828,#10829,#10830,#10831,#10832,#10833,#10834,#10835,#10836,
#10837,#10838,#10839,#10840,#10841,#10842,#10843,#10844,#10845,#10846,#10847,
#10848,#10849,#10850,#10851,#10852,#10853,#10854,#10855,#10856,#10857,#10858,
#10859,#10860,#10861,#10862,#10863,#10864,#10865,#10866,#10867,#10868,#10869,
#10870,#10871,#10872,#10873,#10874,#10875,#10876,#10877,#10878,#10879,#10880,
#10881,#10882,#10883,#10884,#10885,#10886,#10887,#10888,#10889,#10890,#10891,
#10892,#10893,#10894,#10895,#10896,#10897,#10898,#10899,#10900,#10901,#10902,
#10903,#10904,#10905,#10906,#10907,#10908,#10909,#10910,#10911,#10912,#10913,
#10914,#10915,#10916,#10917,#10918,#10919,#10920,#10921,#10922,#10923,#10924,
#10925,#10926,#10927,#10928,#10929,#10930,#10931,#10932,#10933,#10934,#10935,
#10936,#10937,#10938,#10939,#10940,#10941,#10942,#10943,#10944,#10945,#10946,
#10947,#10948,#10949,#10950,#10951,#10952,#10953,#10954,#10955,#10956,#10957,
#10958,#10959,#10960,#10961,#10962,#10963,#10964,#10965,#10966,#10967,#10968,
#10969,#10970,#10971,#10972,#10973,#10974,#10975,#10976,#10977,#10978,#10979,
#10980,#10981,#10982,#10983,#10984,#10985,#10986,#10987,#10988,#10989,#10990,
#10991,#10992,#10993,#10994,#10995,#10996,#10997,#10998,#10999,#11000,#11001,
#11002,#11003,#11004,#11005,#11006,#11007,#11008,#11009,#11010,#11011,#11012,
#11013,#11014,#11015,#11016,#11017,#11018,#11019,#11020,#11021,#11022,#11023,
#11024,#11025,#11026,#11027,#11028,#11029,#11030,#11031,#11032,#11033,#11034,
#11035,#11036,#11037,#11038,#11039,#11040,#11041,#11042,#11043,#11044,#11045,
#11046,#11047,#11048,#11049,#11050,#11051,#11052,#11053,#11054,#11055,#11056,
#11057,#11058,#11059,#11060,#11061,#11062,#11063,#11064,#11065,#11066,#11067,
#11068,#11069,#11070,#11071,#11072,#11073,#11074,#11075,#11076,#11077,#11078,
#11079,#11080,#11081,#11082,#11083,#11084,#11085,#11086,#11087,#11088,#11089,
#11090,#11091,#11092,#11093,#11094,#11095,#11096,#11097,#11098,#11099,#11100,
#11101,#11102,#11103,#11104,#11105,#11106,#11107,#11108,#11109,#11110,#11111,
#11112,#11113,#11114,#11115,#11116,#11117,#11118,#11119,#11120,#11121,#11122));
#11435=CLOSED_SHELL('',(#11123,#11124,#11125,#11126,#11127,#11128,#11129,
#11130,#11131,#11132,#11133,#11134,#11135,#11136,#11137,#11138,#11139,#11140,
#11141,#11142,#11143,#11144,#11145,#11146,#11147,#11148,#11149,#11150,#11151,
#11152,#11153,#11154,#11155,#11156,#11157,#11158,#11159,#11160,#11161,#11162,
#11163,#11164,#11165,#11166,#11167,#11168,#11169,#11170,#11171,#11172,#11173,
#11174,#11175,#11176,#11177,#11178,#11179,#11180,#11181,#11182,#11183,#11184,
#11185,#11186,#11187,#11188,#11189,#11190,#11191,#11192,#11193,#11194,#11195,
#11196,#11197,#11198,#11199,#11200,#11201,#11202,#11203,#11204,#11205,#11206,
#11207,#11208,#11209,#11210,#11211,#11212,#11213,#11214,#11215,#11216,#11217,
#11218,#11219,#11220,#11221,#11222,#11223,#11224,#11225,#11226,#11227,#11228,
#11229,#11230,#11231,#11232,#11233,#11234,#11235,#11236,#11237,#11238,#11239,
#11240,#11241,#11242,#11243,#11244,#11245,#11246,#11247,#11248,#11249,#11250,
#11251,#11252,#11253,#11254,#11255,#11256,#11257,#11258,#11259,#11260,#11261,
#11262,#11263,#11264,#11265,#11266,#11267,#11268,#11269,#11270,#11271,#11272,
#11273,#11274,#11275,#11276,#11277,#11278,#11279,#11280,#11281,#11282,#11283,
#11284,#11285,#11286,#11287,#11288,#11289,#11290,#11291,#11292,#11293,#11294,
#11295,#11296,#11297,#11298,#11299,#11300,#11301,#11302,#11303,#11304,#11305,
#11306,#11307,#11308,#11309,#11310,#11311,#11312,#11313,#11314,#11315,#11316,
#11317,#11318,#11319,#11320,#11321,#11322,#11323,#11324,#11325,#11326,#11327,
#11328,#11329,#11330,#11331,#11332,#11333,#11334,#11335,#11336,#11337,#11338,
#11339,#11340,#11341,#11342,#11343,#11344,#11345,#11346,#11347,#11348,#11349,
#11350,#11351,#11352,#11353,#11354,#11355,#11356,#11357,#11358,#11359,#11360,
#11361,#11362,#11363,#11364,#11365,#11366,#11367,#11368,#11369,#11370,#11371,
#11372,#11373,#11374,#11375,#11376,#11377,#11378,#11379,#11380,#11381,#11382,
#11383,#11384,#11385,#11386,#11387,#11388,#11389,#11390,#11391,#11392,#11393,
#11394,#11395,#11396,#11397,#11398,#11399,#11400,#11401,#11402,#11403,#11404,
#11405,#11406,#11407,#11408,#11409,#11410,#11411,#11412,#11413,#11414,#11415,
#11416,#11417,#11418,#11419,#11420,#11421,#11422,#11423,#11424,#11425,#11426,
#11427,#11428,#11429,#11430,#11431,#11432,#11433));
#11436=DERIVED_UNIT_ELEMENT(#11439,1.);
#11437=DERIVED_UNIT_ELEMENT(#18926,-3.);
#11438=DIMENSIONAL_EXPONENTS(0.,1.,0.,0.,0.,0.,0.);
#11439=(
CONVERSION_BASED_UNIT('gram',#11441)
MASS_UNIT()
NAMED_UNIT(#11438)
);
#11440=(
MASS_UNIT()
NAMED_UNIT(*)
SI_UNIT(.KILO.,.GRAM.)
);
#11441=MASS_MEASURE_WITH_UNIT(MASS_MEASURE(0.001),#11440);
#11442=DERIVED_UNIT((#11436,#11437));
#11443=MEASURE_REPRESENTATION_ITEM('density measure',
POSITIVE_RATIO_MEASURE(7.85),#11442);
#11444=PROPERTY_DEFINITION_REPRESENTATION(#11449,#11446);
#11445=PROPERTY_DEFINITION_REPRESENTATION(#11450,#11447);
#11446=REPRESENTATION('material name',(#11448),#18923);
#11447=REPRESENTATION('density',(#11443),#18923);
#11448=DESCRIPTIVE_REPRESENTATION_ITEM('\X2\94A2\X0\','\X2\94A2\X0\');
#11449=PROPERTY_DEFINITION('material property','material name',#18933);
#11450=PROPERTY_DEFINITION('material property','density of part',#18933);
#11451=DATE_TIME_ROLE('creation_date');
#11452=APPLIED_DATE_AND_TIME_ASSIGNMENT(#11453,#11451,(#18933));
#11453=DATE_AND_TIME(#11454,#11455);
#11454=CALENDAR_DATE(2025,9,8);
#11455=LOCAL_TIME(9,21,59.,#11456);
#11456=COORDINATED_UNIVERSAL_TIME_OFFSET(0,0,.BEHIND.);
#11457=AXIS2_PLACEMENT_3D('',#15449,#12340,#12341);
#11458=AXIS2_PLACEMENT_3D('',#15450,#12342,#12343);
#11459=AXIS2_PLACEMENT_3D('',#15452,#12344,#12345);
#11460=AXIS2_PLACEMENT_3D('',#15455,#12347,#12348);
#11461=AXIS2_PLACEMENT_3D('',#15456,#12349,#12350);
#11462=AXIS2_PLACEMENT_3D('',#15457,#12351,#12352);
#11463=AXIS2_PLACEMENT_3D('',#15466,#12357,#12358);
#11464=AXIS2_PLACEMENT_3D('',#15475,#12363,#12364);
#11465=AXIS2_PLACEMENT_3D('',#15478,#12367,#12368);
#11466=AXIS2_PLACEMENT_3D('',#15489,#12374,#12375);
#11467=AXIS2_PLACEMENT_3D('',#15495,#12379,#12380);
#11468=AXIS2_PLACEMENT_3D('',#15503,#12385,#12386);
#11469=AXIS2_PLACEMENT_3D('',#15506,#12389,#12390);
#11470=AXIS2_PLACEMENT_3D('',#15508,#12392,#12393);
#11471=AXIS2_PLACEMENT_3D('',#15509,#12394,#12395);
#11472=AXIS2_PLACEMENT_3D('',#15533,#12407,#12408);
#11473=AXIS2_PLACEMENT_3D('',#15572,#12428,#12429);
#11474=AXIS2_PLACEMENT_3D('',#15574,#12430,#12431);
#11475=AXIS2_PLACEMENT_3D('',#15575,#12432,#12433);
#11476=AXIS2_PLACEMENT_3D('',#15641,#12467,#12468);
#11477=AXIS2_PLACEMENT_3D('',#15643,#12469,#12470);
#11478=AXIS2_PLACEMENT_3D('',#15644,#12471,#12472);
#11479=AXIS2_PLACEMENT_3D('',#15703,#12502,#12503);
#11480=AXIS2_PLACEMENT_3D('',#15705,#12504,#12505);
#11481=AXIS2_PLACEMENT_3D('',#15707,#12506,#12507);
#11482=AXIS2_PLACEMENT_3D('',#15708,#12508,#12509);
#11483=AXIS2_PLACEMENT_3D('',#15717,#12514,#12515);
#11484=AXIS2_PLACEMENT_3D('',#15727,#12521,#12522);
#11485=AXIS2_PLACEMENT_3D('',#15737,#12528,#12529);
#11486=AXIS2_PLACEMENT_3D('',#15741,#12531,#12532);
#11487=AXIS2_PLACEMENT_3D('',#15745,#12534,#12535);
#11488=AXIS2_PLACEMENT_3D('',#15759,#12542,#12543);
#11489=AXIS2_PLACEMENT_3D('',#15763,#12545,#12546);
#11490=AXIS2_PLACEMENT_3D('',#15767,#12548,#12549);
#11491=AXIS2_PLACEMENT_3D('',#15771,#12551,#12552);
#11492=AXIS2_PLACEMENT_3D('',#15775,#12554,#12555);
#11493=AXIS2_PLACEMENT_3D('',#15779,#12557,#12558);
#11494=AXIS2_PLACEMENT_3D('',#15787,#12562,#12563);
#11495=AXIS2_PLACEMENT_3D('',#15791,#12565,#12566);
#11496=AXIS2_PLACEMENT_3D('',#15795,#12568,#12569);
#11497=AXIS2_PLACEMENT_3D('',#15798,#12571,#12572);
#11498=AXIS2_PLACEMENT_3D('',#15816,#12581,#12582);
#11499=AXIS2_PLACEMENT_3D('',#15818,#12583,#12584);
#11500=AXIS2_PLACEMENT_3D('',#15820,#12585,#12586);
#11501=AXIS2_PLACEMENT_3D('',#15822,#12587,#12588);
#11502=AXIS2_PLACEMENT_3D('',#15823,#12589,#12590);
#11503=AXIS2_PLACEMENT_3D('',#15838,#12599,#12600);
#11504=AXIS2_PLACEMENT_3D('',#15844,#12604,#12605);
#11505=AXIS2_PLACEMENT_3D('',#15852,#12610,#12611);
#11506=AXIS2_PLACEMENT_3D('',#15856,#12614,#12615);
#11507=AXIS2_PLACEMENT_3D('',#15864,#12620,#12621);
#11508=AXIS2_PLACEMENT_3D('',#15883,#12632,#12633);
#11509=AXIS2_PLACEMENT_3D('',#15885,#12634,#12635);
#11510=AXIS2_PLACEMENT_3D('',#15886,#12636,#12637);
#11511=AXIS2_PLACEMENT_3D('',#15888,#12639,#12640);
#11512=AXIS2_PLACEMENT_3D('',#15890,#12642,#12643);
#11513=AXIS2_PLACEMENT_3D('',#15893,#12645,#12646);
#11514=AXIS2_PLACEMENT_3D('',#15894,#12647,#12648);
#11515=AXIS2_PLACEMENT_3D('',#15898,#12651,#12652);
#11516=AXIS2_PLACEMENT_3D('',#15900,#12654,#12655);
#11517=AXIS2_PLACEMENT_3D('',#15901,#12656,#12657);
#11518=AXIS2_PLACEMENT_3D('',#15902,#12658,#12659);
#11519=AXIS2_PLACEMENT_3D('',#15905,#12661,#12662);
#11520=AXIS2_PLACEMENT_3D('',#15906,#12663,#12664);
#11521=AXIS2_PLACEMENT_3D('',#15910,#12667,#12668);
#11522=AXIS2_PLACEMENT_3D('',#15911,#12669,#12670);
#11523=AXIS2_PLACEMENT_3D('',#15912,#12671,#12672);
#11524=AXIS2_PLACEMENT_3D('',#15914,#12674,#12675);
#11525=AXIS2_PLACEMENT_3D('',#15917,#12677,#12678);
#11526=AXIS2_PLACEMENT_3D('',#15918,#12679,#12680);
#11527=AXIS2_PLACEMENT_3D('',#15922,#12683,#12684);
#11528=AXIS2_PLACEMENT_3D('',#15924,#12685,#12686);
#11529=AXIS2_PLACEMENT_3D('',#15926,#12688,#12689);
#11530=AXIS2_PLACEMENT_3D('',#15930,#12692,#12693);
#11531=AXIS2_PLACEMENT_3D('',#15933,#12695,#12696);
#11532=AXIS2_PLACEMENT_3D('',#15934,#12697,#12698);
#11533=AXIS2_PLACEMENT_3D('',#15938,#12701,#12702);
#11534=AXIS2_PLACEMENT_3D('',#15941,#12704,#12705);
#11535=AXIS2_PLACEMENT_3D('',#15942,#12706,#12707);
#11536=AXIS2_PLACEMENT_3D('',#15946,#12710,#12711);
#11537=AXIS2_PLACEMENT_3D('',#15949,#12713,#12714);
#11538=AXIS2_PLACEMENT_3D('',#15950,#12715,#12716);
#11539=AXIS2_PLACEMENT_3D('',#15954,#12719,#12720);
#11540=AXIS2_PLACEMENT_3D('',#15957,#12722,#12723);
#11541=AXIS2_PLACEMENT_3D('',#15958,#12724,#12725);
#11542=AXIS2_PLACEMENT_3D('',#15962,#12728,#12729);
#11543=AXIS2_PLACEMENT_3D('',#15966,#12732,#12733);
#11544=AXIS2_PLACEMENT_3D('',#15970,#12736,#12737);
#11545=AXIS2_PLACEMENT_3D('',#15973,#12739,#12740);
#11546=AXIS2_PLACEMENT_3D('',#15974,#12741,#12742);
#11547=AXIS2_PLACEMENT_3D('',#15978,#12745,#12746);
#11548=AXIS2_PLACEMENT_3D('',#15981,#12748,#12749);
#11549=AXIS2_PLACEMENT_3D('',#15982,#12750,#12751);
#11550=AXIS2_PLACEMENT_3D('',#15986,#12754,#12755);
#11551=AXIS2_PLACEMENT_3D('',#15988,#12757,#12758);
#11552=AXIS2_PLACEMENT_3D('',#15989,#12759,#12760);
#11553=AXIS2_PLACEMENT_3D('',#15990,#12761,#12762);
#11554=AXIS2_PLACEMENT_3D('',#15993,#12764,#12765);
#11555=AXIS2_PLACEMENT_3D('',#15994,#12766,#12767);
#11556=AXIS2_PLACEMENT_3D('',#15998,#12770,#12771);
#11557=AXIS2_PLACEMENT_3D('',#16001,#12773,#12774);
#11558=AXIS2_PLACEMENT_3D('',#16002,#12775,#12776);
#11559=AXIS2_PLACEMENT_3D('',#16006,#12779,#12780);
#11560=AXIS2_PLACEMENT_3D('',#16009,#12782,#12783);
#11561=AXIS2_PLACEMENT_3D('',#16010,#12784,#12785);
#11562=AXIS2_PLACEMENT_3D('',#16014,#12788,#12789);
#11563=AXIS2_PLACEMENT_3D('',#16018,#12792,#12793);
#11564=AXIS2_PLACEMENT_3D('',#16022,#12796,#12797);
#11565=AXIS2_PLACEMENT_3D('',#16025,#12799,#12800);
#11566=AXIS2_PLACEMENT_3D('',#16026,#12801,#12802);
#11567=AXIS2_PLACEMENT_3D('',#16030,#12805,#12806);
#11568=AXIS2_PLACEMENT_3D('',#16033,#12808,#12809);
#11569=AXIS2_PLACEMENT_3D('',#16034,#12810,#12811);
#11570=AXIS2_PLACEMENT_3D('',#16038,#12814,#12815);
#11571=AXIS2_PLACEMENT_3D('',#16041,#12817,#12818);
#11572=AXIS2_PLACEMENT_3D('',#16042,#12819,#12820);
#11573=AXIS2_PLACEMENT_3D('',#16046,#12823,#12824);
#11574=AXIS2_PLACEMENT_3D('',#16049,#12826,#12827);
#11575=AXIS2_PLACEMENT_3D('',#16050,#12828,#12829);
#11576=AXIS2_PLACEMENT_3D('',#16054,#12832,#12833);
#11577=AXIS2_PLACEMENT_3D('',#16081,#12835,#12836);
#11578=AXIS2_PLACEMENT_3D('',#16082,#12837,#12838);
#11579=AXIS2_PLACEMENT_3D('',#16093,#12842,#12843);
#11580=AXIS2_PLACEMENT_3D('',#16094,#12844,#12845);
#11581=AXIS2_PLACEMENT_3D('',#16095,#12846,#12847);
#11582=AXIS2_PLACEMENT_3D('',#16097,#12849,#12850);
#11583=AXIS2_PLACEMENT_3D('',#16099,#12851,#12852);
#11584=AXIS2_PLACEMENT_3D('',#16100,#12853,#12854);
#11585=AXIS2_PLACEMENT_3D('',#16102,#12855,#12856);
#11586=AXIS2_PLACEMENT_3D('',#16103,#12857,#12858);
#11587=AXIS2_PLACEMENT_3D('',#16105,#12859,#12860);
#11588=AXIS2_PLACEMENT_3D('',#16106,#12861,#12862);
#11589=AXIS2_PLACEMENT_3D('',#16108,#12863,#12864);
#11590=AXIS2_PLACEMENT_3D('',#16112,#12866,#12867);
#11591=AXIS2_PLACEMENT_3D('',#16135,#12869,#12870);
#11592=AXIS2_PLACEMENT_3D('',#16197,#12873,#12874);
#11593=AXIS2_PLACEMENT_3D('',#16207,#12880,#12881);
#11594=AXIS2_PLACEMENT_3D('',#16211,#12884,#12885);
#11595=AXIS2_PLACEMENT_3D('',#16214,#12887,#12888);
#11596=AXIS2_PLACEMENT_3D('',#16215,#12889,#12890);
#11597=AXIS2_PLACEMENT_3D('',#16219,#12893,#12894);
#11598=AXIS2_PLACEMENT_3D('',#16225,#12898,#12899);
#11599=AXIS2_PLACEMENT_3D('',#16233,#12904,#12905);
#11600=AXIS2_PLACEMENT_3D('',#16239,#12909,#12910);
#11601=AXIS2_PLACEMENT_3D('',#16245,#12914,#12915);
#11602=AXIS2_PLACEMENT_3D('',#16249,#12918,#12919);
#11603=AXIS2_PLACEMENT_3D('',#16253,#12922,#12923);
#11604=AXIS2_PLACEMENT_3D('',#16256,#12925,#12926);
#11605=AXIS2_PLACEMENT_3D('',#16257,#12927,#12928);
#11606=AXIS2_PLACEMENT_3D('',#16261,#12931,#12932);
#11607=AXIS2_PLACEMENT_3D('',#16264,#12934,#12935);
#11608=AXIS2_PLACEMENT_3D('',#16265,#12936,#12937);
#11609=AXIS2_PLACEMENT_3D('',#16269,#12940,#12941);
#11610=AXIS2_PLACEMENT_3D('',#16272,#12943,#12944);
#11611=AXIS2_PLACEMENT_3D('',#16273,#12945,#12946);
#11612=AXIS2_PLACEMENT_3D('',#16277,#12949,#12950);
#11613=AXIS2_PLACEMENT_3D('',#16280,#12952,#12953);
#11614=AXIS2_PLACEMENT_3D('',#16281,#12954,#12955);
#11615=AXIS2_PLACEMENT_3D('',#16285,#12958,#12959);
#11616=AXIS2_PLACEMENT_3D('',#16288,#12961,#12962);
#11617=AXIS2_PLACEMENT_3D('',#16289,#12963,#12964);
#11618=AXIS2_PLACEMENT_3D('',#16291,#12966,#12967);
#11619=AXIS2_PLACEMENT_3D('',#16294,#12969,#12970);
#11620=AXIS2_PLACEMENT_3D('',#16295,#12971,#12972);
#11621=AXIS2_PLACEMENT_3D('',#16299,#12975,#12976);
#11622=AXIS2_PLACEMENT_3D('',#16302,#12978,#12979);
#11623=AXIS2_PLACEMENT_3D('',#16303,#12980,#12981);
#11624=AXIS2_PLACEMENT_3D('',#16307,#12984,#12985);
#11625=AXIS2_PLACEMENT_3D('',#16310,#12987,#12988);
#11626=AXIS2_PLACEMENT_3D('',#16311,#12989,#12990);
#11627=AXIS2_PLACEMENT_3D('',#16315,#12993,#12994);
#11628=AXIS2_PLACEMENT_3D('',#16318,#12996,#12997);
#11629=AXIS2_PLACEMENT_3D('',#16319,#12998,#12999);
#11630=AXIS2_PLACEMENT_3D('',#16323,#13002,#13003);
#11631=AXIS2_PLACEMENT_3D('',#16324,#13004,#13005);
#11632=AXIS2_PLACEMENT_3D('',#16325,#13006,#13007);
#11633=AXIS2_PLACEMENT_3D('',#16331,#13011,#13012);
#11634=AXIS2_PLACEMENT_3D('',#16335,#13015,#13016);
#11635=AXIS2_PLACEMENT_3D('',#16339,#13019,#13020);
#11636=AXIS2_PLACEMENT_3D('',#16341,#13022,#13023);
#11637=AXIS2_PLACEMENT_3D('',#16342,#13024,#13025);
#11638=AXIS2_PLACEMENT_3D('',#16348,#13029,#13030);
#11639=AXIS2_PLACEMENT_3D('',#16352,#13033,#13034);
#11640=AXIS2_PLACEMENT_3D('',#16356,#13037,#13038);
#11641=AXIS2_PLACEMENT_3D('',#16358,#13040,#13041);
#11642=AXIS2_PLACEMENT_3D('',#16359,#13042,#13043);
#11643=AXIS2_PLACEMENT_3D('',#16361,#13045,#13046);
#11644=AXIS2_PLACEMENT_3D('',#16370,#13052,#13053);
#11645=AXIS2_PLACEMENT_3D('',#16372,#13055,#13056);
#11646=AXIS2_PLACEMENT_3D('',#16380,#13061,#13062);
#11647=AXIS2_PLACEMENT_3D('',#16389,#13068,#13069);
#11648=AXIS2_PLACEMENT_3D('',#16391,#13071,#13072);
#11649=AXIS2_PLACEMENT_3D('',#16393,#13074,#13075);
#11650=AXIS2_PLACEMENT_3D('',#16401,#13080,#13081);
#11651=AXIS2_PLACEMENT_3D('',#16403,#13083,#13084);
#11652=AXIS2_PLACEMENT_3D('',#16408,#13086,#13087);
#11653=AXIS2_PLACEMENT_3D('',#16411,#13089,#13090);
#11654=AXIS2_PLACEMENT_3D('',#16412,#13091,#13092);
#11655=AXIS2_PLACEMENT_3D('',#16422,#13098,#13099);
#11656=AXIS2_PLACEMENT_3D('',#16426,#13101,#13102);
#11657=AXIS2_PLACEMENT_3D('',#16429,#13104,#13105);
#11658=AXIS2_PLACEMENT_3D('',#16433,#13107,#13108);
#11659=AXIS2_PLACEMENT_3D('',#16435,#13110,#13111);
#11660=AXIS2_PLACEMENT_3D('',#16437,#13112,#13113);
#11661=AXIS2_PLACEMENT_3D('',#16446,#13118,#13119);
#11662=AXIS2_PLACEMENT_3D('',#16447,#13120,#13121);
#11663=AXIS2_PLACEMENT_3D('',#16449,#13123,#13124);
#11664=AXIS2_PLACEMENT_3D('',#16453,#13127,#13128);
#11665=AXIS2_PLACEMENT_3D('',#16462,#13133,#13134);
#11666=AXIS2_PLACEMENT_3D('',#16464,#13135,#13136);
#11667=AXIS2_PLACEMENT_3D('',#16466,#13137,#13138);
#11668=AXIS2_PLACEMENT_3D('',#16468,#13139,#13140);
#11669=AXIS2_PLACEMENT_3D('',#16470,#13142,#13143);
#11670=AXIS2_PLACEMENT_3D('',#16479,#13148,#13149);
#11671=AXIS2_PLACEMENT_3D('',#16480,#13150,#13151);
#11672=AXIS2_PLACEMENT_3D('',#16481,#13152,#13153);
#11673=AXIS2_PLACEMENT_3D('',#16482,#13154,#13155);
#11674=AXIS2_PLACEMENT_3D('',#16484,#13156,#13157);
#11675=AXIS2_PLACEMENT_3D('',#16486,#13159,#13160);
#11676=AXIS2_PLACEMENT_3D('',#16492,#13164,#13165);
#11677=AXIS2_PLACEMENT_3D('',#16498,#13169,#13170);
#11678=AXIS2_PLACEMENT_3D('',#16504,#13174,#13175);
#11679=AXIS2_PLACEMENT_3D('',#16506,#13176,#13177);
#11680=AXIS2_PLACEMENT_3D('',#16508,#13178,#13179);
#11681=AXIS2_PLACEMENT_3D('',#16510,#13181,#13182);
#11682=AXIS2_PLACEMENT_3D('',#16516,#13186,#13187);
#11683=AXIS2_PLACEMENT_3D('',#16522,#13191,#13192);
#11684=AXIS2_PLACEMENT_3D('',#16524,#13193,#13194);
#11685=AXIS2_PLACEMENT_3D('',#16526,#13195,#13196);
#11686=AXIS2_PLACEMENT_3D('',#16528,#13198,#13199);
#11687=AXIS2_PLACEMENT_3D('',#16534,#13203,#13204);
#11688=AXIS2_PLACEMENT_3D('',#16540,#13208,#13209);
#11689=AXIS2_PLACEMENT_3D('',#16546,#13213,#13214);
#11690=AXIS2_PLACEMENT_3D('',#16548,#13215,#13216);
#11691=AXIS2_PLACEMENT_3D('',#16550,#13217,#13218);
#11692=AXIS2_PLACEMENT_3D('',#16552,#13220,#13221);
#11693=AXIS2_PLACEMENT_3D('',#16558,#13225,#13226);
#11694=AXIS2_PLACEMENT_3D('',#16564,#13230,#13231);
#11695=AXIS2_PLACEMENT_3D('',#16568,#13233,#13234);
#11696=AXIS2_PLACEMENT_3D('',#16569,#13235,#13236);
#11697=AXIS2_PLACEMENT_3D('',#16570,#13237,#13238);
#11698=AXIS2_PLACEMENT_3D('',#16577,#13243,#13244);
#11699=AXIS2_PLACEMENT_3D('',#16583,#13248,#13249);
#11700=AXIS2_PLACEMENT_3D('',#16589,#13253,#13254);
#11701=AXIS2_PLACEMENT_3D('',#16591,#13255,#13256);
#11702=AXIS2_PLACEMENT_3D('',#16593,#13257,#13258);
#11703=AXIS2_PLACEMENT_3D('',#16595,#13260,#13261);
#11704=AXIS2_PLACEMENT_3D('',#16601,#13265,#13266);
#11705=AXIS2_PLACEMENT_3D('',#16607,#13270,#13271);
#11706=AXIS2_PLACEMENT_3D('',#16613,#13275,#13276);
#11707=AXIS2_PLACEMENT_3D('',#16615,#13277,#13278);
#11708=AXIS2_PLACEMENT_3D('',#16617,#13279,#13280);
#11709=AXIS2_PLACEMENT_3D('',#16619,#13282,#13283);
#11710=AXIS2_PLACEMENT_3D('',#16625,#13287,#13288);
#11711=AXIS2_PLACEMENT_3D('',#16627,#13289,#13290);
#11712=AXIS2_PLACEMENT_3D('',#16629,#13291,#13292);
#11713=AXIS2_PLACEMENT_3D('',#16631,#13294,#13295);
#11714=AXIS2_PLACEMENT_3D('',#16637,#13299,#13300);
#11715=AXIS2_PLACEMENT_3D('',#16643,#13304,#13305);
#11716=AXIS2_PLACEMENT_3D('',#16645,#13306,#13307);
#11717=AXIS2_PLACEMENT_3D('',#16647,#13308,#13309);
#11718=AXIS2_PLACEMENT_3D('',#16649,#13311,#13312);
#11719=AXIS2_PLACEMENT_3D('',#16655,#13316,#13317);
#11720=AXIS2_PLACEMENT_3D('',#16661,#13321,#13322);
#11721=AXIS2_PLACEMENT_3D('',#16663,#13323,#13324);
#11722=AXIS2_PLACEMENT_3D('',#16665,#13325,#13326);
#11723=AXIS2_PLACEMENT_3D('',#16667,#13328,#13329);
#11724=AXIS2_PLACEMENT_3D('',#16673,#13333,#13334);
#11725=AXIS2_PLACEMENT_3D('',#16676,#13337,#13338);
#11726=AXIS2_PLACEMENT_3D('',#16678,#13339,#13340);
#11727=AXIS2_PLACEMENT_3D('',#16682,#13342,#13343);
#11728=AXIS2_PLACEMENT_3D('',#16686,#13345,#13346);
#11729=AXIS2_PLACEMENT_3D('',#16688,#13348,#13349);
#11730=AXIS2_PLACEMENT_3D('',#16689,#13350,#13351);
#11731=AXIS2_PLACEMENT_3D('',#16690,#13352,#13353);
#11732=AXIS2_PLACEMENT_3D('',#16693,#13354,#13355);
#11733=AXIS2_PLACEMENT_3D('',#16696,#13358,#13359);
#11734=AXIS2_PLACEMENT_3D('',#16702,#13363,#13364);
#11735=AXIS2_PLACEMENT_3D('',#16711,#13370,#13371);
#11736=AXIS2_PLACEMENT_3D('',#16715,#13374,#13375);
#11737=AXIS2_PLACEMENT_3D('',#16721,#13379,#13380);
#11738=AXIS2_PLACEMENT_3D('',#16725,#13383,#13384);
#11739=AXIS2_PLACEMENT_3D('',#16729,#13387,#13388);
#11740=AXIS2_PLACEMENT_3D('',#16735,#13392,#13393);
#11741=AXIS2_PLACEMENT_3D('',#16741,#13397,#13398);
#11742=AXIS2_PLACEMENT_3D('',#16747,#13402,#13403);
#11743=AXIS2_PLACEMENT_3D('',#16751,#13406,#13407);
#11744=AXIS2_PLACEMENT_3D('',#16757,#13411,#13412);
#11745=AXIS2_PLACEMENT_3D('',#16763,#13416,#13417);
#11746=AXIS2_PLACEMENT_3D('',#16769,#13421,#13422);
#11747=AXIS2_PLACEMENT_3D('',#16773,#13425,#13426);
#11748=AXIS2_PLACEMENT_3D('',#16778,#13430,#13431);
#11749=AXIS2_PLACEMENT_3D('',#16779,#13432,#13433);
#11750=AXIS2_PLACEMENT_3D('',#16781,#13434,#13435);
#11751=AXIS2_PLACEMENT_3D('',#16783,#13436,#13437);
#11752=AXIS2_PLACEMENT_3D('',#16784,#13438,#13439);
#11753=AXIS2_PLACEMENT_3D('',#16786,#13440,#13441);
#11754=AXIS2_PLACEMENT_3D('',#16788,#13442,#13443);
#11755=AXIS2_PLACEMENT_3D('',#16789,#13444,#13445);
#11756=AXIS2_PLACEMENT_3D('',#16791,#13446,#13447);
#11757=AXIS2_PLACEMENT_3D('',#16793,#13448,#13449);
#11758=AXIS2_PLACEMENT_3D('',#16794,#13450,#13451);
#11759=AXIS2_PLACEMENT_3D('',#16796,#13452,#13453);
#11760=AXIS2_PLACEMENT_3D('',#16798,#13454,#13455);
#11761=AXIS2_PLACEMENT_3D('',#16799,#13456,#13457);
#11762=AXIS2_PLACEMENT_3D('',#16801,#13458,#13459);
#11763=AXIS2_PLACEMENT_3D('',#16803,#13460,#13461);
#11764=AXIS2_PLACEMENT_3D('',#16804,#13462,#13463);
#11765=AXIS2_PLACEMENT_3D('',#16809,#13467,#13468);
#11766=AXIS2_PLACEMENT_3D('',#16813,#13471,#13472);
#11767=AXIS2_PLACEMENT_3D('',#16815,#13474,#13475);
#11768=AXIS2_PLACEMENT_3D('',#16819,#13478,#13479);
#11769=AXIS2_PLACEMENT_3D('',#16820,#13480,#13481);
#11770=AXIS2_PLACEMENT_3D('',#16822,#13483,#13484);
#11771=AXIS2_PLACEMENT_3D('',#16823,#13485,#13486);
#11772=AXIS2_PLACEMENT_3D('',#16829,#13490,#13491);
#11773=AXIS2_PLACEMENT_3D('',#16833,#13494,#13495);
#11774=AXIS2_PLACEMENT_3D('',#16835,#13496,#13497);
#11775=AXIS2_PLACEMENT_3D('',#16837,#13498,#13499);
#11776=AXIS2_PLACEMENT_3D('',#16839,#13501,#13502);
#11777=AXIS2_PLACEMENT_3D('',#16840,#13503,#13504);
#11778=AXIS2_PLACEMENT_3D('',#16842,#13506,#13507);
#11779=AXIS2_PLACEMENT_3D('',#16847,#13511,#13512);
#11780=AXIS2_PLACEMENT_3D('',#16848,#13513,#13514);
#11781=AXIS2_PLACEMENT_3D('',#16849,#13515,#13516);
#11782=AXIS2_PLACEMENT_3D('',#16850,#13517,#13518);
#11783=AXIS2_PLACEMENT_3D('',#16851,#13519,#13520);
#11784=AXIS2_PLACEMENT_3D('',#16853,#13522,#13523);
#11785=AXIS2_PLACEMENT_3D('',#16855,#13525,#13526);
#11786=AXIS2_PLACEMENT_3D('',#16859,#13529,#13530);
#11787=AXIS2_PLACEMENT_3D('',#16865,#13534,#13535);
#11788=AXIS2_PLACEMENT_3D('',#16871,#13539,#13540);
#11789=AXIS2_PLACEMENT_3D('',#16877,#13544,#13545);
#11790=AXIS2_PLACEMENT_3D('',#16879,#13546,#13547);
#11791=AXIS2_PLACEMENT_3D('',#16881,#13549,#13550);
#11792=AXIS2_PLACEMENT_3D('',#16882,#13551,#13552);
#11793=AXIS2_PLACEMENT_3D('',#16887,#13556,#13557);
#11794=AXIS2_PLACEMENT_3D('',#16888,#13558,#13559);
#11795=AXIS2_PLACEMENT_3D('',#16890,#13560,#13561);
#11796=AXIS2_PLACEMENT_3D('',#16891,#13562,#13563);
#11797=AXIS2_PLACEMENT_3D('',#16892,#13564,#13565);
#11798=AXIS2_PLACEMENT_3D('',#16894,#13567,#13568);
#11799=AXIS2_PLACEMENT_3D('',#16896,#13569,#13570);
#11800=AXIS2_PLACEMENT_3D('',#16897,#13571,#13572);
#11801=AXIS2_PLACEMENT_3D('',#16898,#13573,#13574);
#11802=AXIS2_PLACEMENT_3D('',#16900,#13576,#13577);
#11803=AXIS2_PLACEMENT_3D('',#16902,#13578,#13579);
#11804=AXIS2_PLACEMENT_3D('',#16903,#13580,#13581);
#11805=AXIS2_PLACEMENT_3D('',#16904,#13582,#13583);
#11806=AXIS2_PLACEMENT_3D('',#16906,#13585,#13586);
#11807=AXIS2_PLACEMENT_3D('',#16908,#13587,#13588);
#11808=AXIS2_PLACEMENT_3D('',#16909,#13589,#13590);
#11809=AXIS2_PLACEMENT_3D('',#16910,#13591,#13592);
#11810=AXIS2_PLACEMENT_3D('',#16912,#13594,#13595);
#11811=AXIS2_PLACEMENT_3D('',#16914,#13596,#13597);
#11812=AXIS2_PLACEMENT_3D('',#16915,#13598,#13599);
#11813=AXIS2_PLACEMENT_3D('',#16916,#13600,#13601);
#11814=AXIS2_PLACEMENT_3D('',#16918,#13603,#13604);
#11815=AXIS2_PLACEMENT_3D('',#16922,#13607,#13608);
#11816=AXIS2_PLACEMENT_3D('',#16926,#13611,#13612);
#11817=AXIS2_PLACEMENT_3D('',#16930,#13615,#13616);
#11818=AXIS2_PLACEMENT_3D('',#16936,#13620,#13621);
#11819=AXIS2_PLACEMENT_3D('',#16938,#13622,#13623);
#11820=AXIS2_PLACEMENT_3D('',#16939,#13624,#13625);
#11821=AXIS2_PLACEMENT_3D('',#16941,#13626,#13627);
#11822=AXIS2_PLACEMENT_3D('',#16942,#13628,#13629);
#11823=AXIS2_PLACEMENT_3D('',#16944,#13630,#13631);
#11824=AXIS2_PLACEMENT_3D('',#16945,#13632,#13633);
#11825=AXIS2_PLACEMENT_3D('',#16947,#13634,#13635);
#11826=AXIS2_PLACEMENT_3D('',#16948,#13636,#13637);
#11827=AXIS2_PLACEMENT_3D('',#16950,#13638,#13639);
#11828=AXIS2_PLACEMENT_3D('',#16951,#13640,#13641);
#11829=AXIS2_PLACEMENT_3D('',#16955,#13644,#13645);
#11830=AXIS2_PLACEMENT_3D('',#16959,#13648,#13649);
#11831=AXIS2_PLACEMENT_3D('',#16963,#13652,#13653);
#11832=AXIS2_PLACEMENT_3D('',#16967,#13656,#13657);
#11833=AXIS2_PLACEMENT_3D('',#16969,#13659,#13660);
#11834=AXIS2_PLACEMENT_3D('',#16973,#13663,#13664);
#11835=AXIS2_PLACEMENT_3D('',#16977,#13667,#13668);
#11836=AXIS2_PLACEMENT_3D('',#16981,#13671,#13672);
#11837=AXIS2_PLACEMENT_3D('',#16983,#13674,#13675);
#11838=AXIS2_PLACEMENT_3D('',#16987,#13678,#13679);
#11839=AXIS2_PLACEMENT_3D('',#16991,#13682,#13683);
#11840=AXIS2_PLACEMENT_3D('',#16993,#13685,#13686);
#11841=AXIS2_PLACEMENT_3D('',#16997,#13689,#13690);
#11842=AXIS2_PLACEMENT_3D('',#17001,#13693,#13694);
#11843=AXIS2_PLACEMENT_3D('',#17005,#13697,#13698);
#11844=AXIS2_PLACEMENT_3D('',#17007,#13700,#13701);
#11845=AXIS2_PLACEMENT_3D('',#17011,#13704,#13705);
#11846=AXIS2_PLACEMENT_3D('',#17013,#13707,#13708);
#11847=AXIS2_PLACEMENT_3D('',#17014,#13709,#13710);
#11848=AXIS2_PLACEMENT_3D('',#17018,#13713,#13714);
#11849=AXIS2_PLACEMENT_3D('',#17022,#13717,#13718);
#11850=AXIS2_PLACEMENT_3D('',#17026,#13721,#13722);
#11851=AXIS2_PLACEMENT_3D('',#17030,#13725,#13726);
#11852=AXIS2_PLACEMENT_3D('',#17032,#13728,#13729);
#11853=AXIS2_PLACEMENT_3D('',#17034,#13731,#13732);
#11854=AXIS2_PLACEMENT_3D('',#17036,#13734,#13735);
#11855=AXIS2_PLACEMENT_3D('',#17038,#13737,#13738);
#11856=AXIS2_PLACEMENT_3D('',#17040,#13740,#13741);
#11857=AXIS2_PLACEMENT_3D('',#17042,#13743,#13744);
#11858=AXIS2_PLACEMENT_3D('',#17046,#13747,#13748);
#11859=AXIS2_PLACEMENT_3D('',#17050,#13751,#13752);
#11860=AXIS2_PLACEMENT_3D('',#17054,#13755,#13756);
#11861=AXIS2_PLACEMENT_3D('',#17056,#13758,#13759);
#11862=AXIS2_PLACEMENT_3D('',#17060,#13762,#13763);
#11863=AXIS2_PLACEMENT_3D('',#17064,#13766,#13767);
#11864=AXIS2_PLACEMENT_3D('',#17066,#13769,#13770);
#11865=AXIS2_PLACEMENT_3D('',#17070,#13773,#13774);
#11866=AXIS2_PLACEMENT_3D('',#17074,#13777,#13778);
#11867=AXIS2_PLACEMENT_3D('',#17076,#13780,#13781);
#11868=AXIS2_PLACEMENT_3D('',#17080,#13784,#13785);
#11869=AXIS2_PLACEMENT_3D('',#17084,#13788,#13789);
#11870=AXIS2_PLACEMENT_3D('',#17088,#13792,#13793);
#11871=AXIS2_PLACEMENT_3D('',#17090,#13795,#13796);
#11872=AXIS2_PLACEMENT_3D('',#17094,#13799,#13800);
#11873=AXIS2_PLACEMENT_3D('',#17096,#13802,#13803);
#11874=AXIS2_PLACEMENT_3D('',#17100,#13806,#13807);
#11875=AXIS2_PLACEMENT_3D('',#17104,#13810,#13811);
#11876=AXIS2_PLACEMENT_3D('',#17108,#13814,#13815);
#11877=AXIS2_PLACEMENT_3D('',#17112,#13818,#13819);
#11878=AXIS2_PLACEMENT_3D('',#17116,#13822,#13823);
#11879=AXIS2_PLACEMENT_3D('',#17120,#13826,#13827);
#11880=AXIS2_PLACEMENT_3D('',#17124,#13830,#13831);
#11881=AXIS2_PLACEMENT_3D('',#17128,#13834,#13835);
#11882=AXIS2_PLACEMENT_3D('',#17132,#13838,#13839);
#11883=AXIS2_PLACEMENT_3D('',#17136,#13842,#13843);
#11884=AXIS2_PLACEMENT_3D('',#17140,#13846,#13847);
#11885=AXIS2_PLACEMENT_3D('',#17144,#13850,#13851);
#11886=AXIS2_PLACEMENT_3D('',#17146,#13853,#13854);
#11887=AXIS2_PLACEMENT_3D('',#17147,#13855,#13856);
#11888=AXIS2_PLACEMENT_3D('',#17151,#13859,#13860);
#11889=AXIS2_PLACEMENT_3D('',#17155,#13863,#13864);
#11890=AXIS2_PLACEMENT_3D('',#17157,#13866,#13867);
#11891=AXIS2_PLACEMENT_3D('',#17161,#13870,#13871);
#11892=AXIS2_PLACEMENT_3D('',#17163,#13873,#13874);
#11893=AXIS2_PLACEMENT_3D('',#17164,#13875,#13876);
#11894=AXIS2_PLACEMENT_3D('',#17166,#13877,#13878);
#11895=AXIS2_PLACEMENT_3D('',#17169,#13880,#13881);
#11896=AXIS2_PLACEMENT_3D('',#17170,#13882,#13883);
#11897=AXIS2_PLACEMENT_3D('',#17171,#13884,#13885);
#11898=AXIS2_PLACEMENT_3D('',#17192,#13896,#13897);
#11899=AXIS2_PLACEMENT_3D('',#17232,#13918,#13919);
#11900=AXIS2_PLACEMENT_3D('',#17234,#13920,#13921);
#11901=AXIS2_PLACEMENT_3D('',#17236,#13922,#13923);
#11902=AXIS2_PLACEMENT_3D('',#17237,#13924,#13925);
#11903=AXIS2_PLACEMENT_3D('',#17242,#13927,#13928);
#11904=AXIS2_PLACEMENT_3D('',#17262,#13938,#13939);
#11905=AXIS2_PLACEMENT_3D('',#17274,#13945,#13946);
#11906=AXIS2_PLACEMENT_3D('',#17337,#13978,#13979);
#11907=AXIS2_PLACEMENT_3D('',#17338,#13980,#13981);
#11908=AXIS2_PLACEMENT_3D('',#17342,#13983,#13984);
#11909=AXIS2_PLACEMENT_3D('',#17346,#13986,#13987);
#11910=AXIS2_PLACEMENT_3D('',#17348,#13989,#13990);
#11911=AXIS2_PLACEMENT_3D('',#17352,#13992,#13993);
#11912=AXIS2_PLACEMENT_3D('',#17358,#13996,#13997);
#11913=AXIS2_PLACEMENT_3D('',#17366,#14001,#14002);
#11914=AXIS2_PLACEMENT_3D('',#17372,#14005,#14006);
#11915=AXIS2_PLACEMENT_3D('',#17405,#14024,#14025);
#11916=AXIS2_PLACEMENT_3D('',#17411,#14029,#14030);
#11917=AXIS2_PLACEMENT_3D('',#17474,#14061,#14062);
#11918=AXIS2_PLACEMENT_3D('',#17491,#14071,#14072);
#11919=AXIS2_PLACEMENT_3D('',#17493,#14073,#14074);
#11920=AXIS2_PLACEMENT_3D('',#17494,#14075,#14076);
#11921=AXIS2_PLACEMENT_3D('',#17499,#14080,#14081);
#11922=AXIS2_PLACEMENT_3D('',#17505,#14085,#14086);
#11923=AXIS2_PLACEMENT_3D('',#17512,#14091,#14092);
#11924=AXIS2_PLACEMENT_3D('',#17518,#14096,#14097);
#11925=AXIS2_PLACEMENT_3D('',#17522,#14100,#14101);
#11926=AXIS2_PLACEMENT_3D('',#17526,#14104,#14105);
#11927=AXIS2_PLACEMENT_3D('',#17528,#14107,#14108);
#11928=AXIS2_PLACEMENT_3D('',#17535,#14113,#14114);
#11929=AXIS2_PLACEMENT_3D('',#17539,#14117,#14118);
#11930=AXIS2_PLACEMENT_3D('',#17543,#14121,#14122);
#11931=AXIS2_PLACEMENT_3D('',#17545,#14124,#14125);
#11932=AXIS2_PLACEMENT_3D('',#17546,#14126,#14127);
#11933=AXIS2_PLACEMENT_3D('',#17559,#14134,#14135);
#11934=AXIS2_PLACEMENT_3D('',#17572,#14142,#14143);
#11935=AXIS2_PLACEMENT_3D('',#17575,#14146,#14147);
#11936=AXIS2_PLACEMENT_3D('',#17579,#14149,#14150);
#11937=AXIS2_PLACEMENT_3D('',#17583,#14152,#14153);
#11938=AXIS2_PLACEMENT_3D('',#17587,#14155,#14156);
#11939=AXIS2_PLACEMENT_3D('',#17595,#14160,#14161);
#11940=AXIS2_PLACEMENT_3D('',#17599,#14163,#14164);
#11941=AXIS2_PLACEMENT_3D('',#17603,#14166,#14167);
#11942=AXIS2_PLACEMENT_3D('',#17607,#14169,#14170);
#11943=AXIS2_PLACEMENT_3D('',#17611,#14172,#14173);
#11944=AXIS2_PLACEMENT_3D('',#17615,#14175,#14176);
#11945=AXIS2_PLACEMENT_3D('',#17629,#14183,#14184);
#11946=AXIS2_PLACEMENT_3D('',#17633,#14186,#14187);
#11947=AXIS2_PLACEMENT_3D('',#17636,#14189,#14190);
#11948=AXIS2_PLACEMENT_3D('',#17638,#14191,#14192);
#11949=AXIS2_PLACEMENT_3D('',#17656,#14201,#14202);
#11950=AXIS2_PLACEMENT_3D('',#17658,#14203,#14204);
#11951=AXIS2_PLACEMENT_3D('',#17660,#14205,#14206);
#11952=AXIS2_PLACEMENT_3D('',#17661,#14207,#14208);
#11953=AXIS2_PLACEMENT_3D('',#17664,#14211,#14212);
#11954=AXIS2_PLACEMENT_3D('',#17670,#14216,#14217);
#11955=AXIS2_PLACEMENT_3D('',#17678,#14222,#14223);
#11956=AXIS2_PLACEMENT_3D('',#17682,#14226,#14227);
#11957=AXIS2_PLACEMENT_3D('',#17690,#14232,#14233);
#11958=AXIS2_PLACEMENT_3D('',#17696,#14237,#14238);
#11959=AXIS2_PLACEMENT_3D('',#17698,#14239,#14240);
#11960=AXIS2_PLACEMENT_3D('',#17699,#14241,#14242);
#11961=AXIS2_PLACEMENT_3D('',#17703,#14245,#14246);
#11962=AXIS2_PLACEMENT_3D('',#17706,#14248,#14249);
#11963=AXIS2_PLACEMENT_3D('',#17707,#14250,#14251);
#11964=AXIS2_PLACEMENT_3D('',#17711,#14254,#14255);
#11965=AXIS2_PLACEMENT_3D('',#17714,#14257,#14258);
#11966=AXIS2_PLACEMENT_3D('',#17715,#14259,#14260);
#11967=AXIS2_PLACEMENT_3D('',#17717,#14262,#14263);
#11968=AXIS2_PLACEMENT_3D('',#17730,#14271,#14272);
#11969=AXIS2_PLACEMENT_3D('',#17736,#14276,#14277);
#11970=AXIS2_PLACEMENT_3D('',#17740,#14280,#14281);
#11971=AXIS2_PLACEMENT_3D('',#17741,#14282,#14283);
#11972=AXIS2_PLACEMENT_3D('',#17742,#14284,#14285);
#11973=AXIS2_PLACEMENT_3D('',#17745,#14287,#14288);
#11974=AXIS2_PLACEMENT_3D('',#17746,#14289,#14290);
#11975=AXIS2_PLACEMENT_3D('',#17750,#14293,#14294);
#11976=AXIS2_PLACEMENT_3D('',#17753,#14296,#14297);
#11977=AXIS2_PLACEMENT_3D('',#17754,#14298,#14299);
#11978=AXIS2_PLACEMENT_3D('',#17758,#14302,#14303);
#11979=AXIS2_PLACEMENT_3D('',#17761,#14305,#14306);
#11980=AXIS2_PLACEMENT_3D('',#17762,#14307,#14308);
#11981=AXIS2_PLACEMENT_3D('',#17766,#14311,#14312);
#11982=AXIS2_PLACEMENT_3D('',#17769,#14314,#14315);
#11983=AXIS2_PLACEMENT_3D('',#17770,#14316,#14317);
#11984=AXIS2_PLACEMENT_3D('',#17774,#14320,#14321);
#11985=AXIS2_PLACEMENT_3D('',#17777,#14323,#14324);
#11986=AXIS2_PLACEMENT_3D('',#17778,#14325,#14326);
#11987=AXIS2_PLACEMENT_3D('',#17782,#14329,#14330);
#11988=AXIS2_PLACEMENT_3D('',#17784,#14332,#14333);
#11989=AXIS2_PLACEMENT_3D('',#17787,#14335,#14336);
#11990=AXIS2_PLACEMENT_3D('',#17788,#14337,#14338);
#11991=AXIS2_PLACEMENT_3D('',#17792,#14341,#14342);
#11992=AXIS2_PLACEMENT_3D('',#17795,#14344,#14345);
#11993=AXIS2_PLACEMENT_3D('',#17796,#14346,#14347);
#11994=AXIS2_PLACEMENT_3D('',#17800,#14350,#14351);
#11995=AXIS2_PLACEMENT_3D('',#17802,#14353,#14354);
#11996=AXIS2_PLACEMENT_3D('',#17803,#14355,#14356);
#11997=AXIS2_PLACEMENT_3D('',#17804,#14357,#14358);
#11998=AXIS2_PLACEMENT_3D('',#17819,#14367,#14368);
#11999=AXIS2_PLACEMENT_3D('',#17821,#14370,#14371);
#12000=AXIS2_PLACEMENT_3D('',#17823,#14372,#14373);
#12001=AXIS2_PLACEMENT_3D('',#17824,#14374,#14375);
#12002=AXIS2_PLACEMENT_3D('',#17826,#14376,#14377);
#12003=AXIS2_PLACEMENT_3D('',#17827,#14378,#14379);
#12004=AXIS2_PLACEMENT_3D('',#17829,#14380,#14381);
#12005=AXIS2_PLACEMENT_3D('',#17830,#14382,#14383);
#12006=AXIS2_PLACEMENT_3D('',#17840,#14389,#14390);
#12007=AXIS2_PLACEMENT_3D('',#17850,#14397,#14398);
#12008=AXIS2_PLACEMENT_3D('',#17868,#14409,#14410);
#12009=AXIS2_PLACEMENT_3D('',#17872,#14413,#14414);
#12010=AXIS2_PLACEMENT_3D('',#17874,#14416,#14417);
#12011=AXIS2_PLACEMENT_3D('',#17880,#14421,#14422);
#12012=AXIS2_PLACEMENT_3D('',#17886,#14426,#14427);
#12013=AXIS2_PLACEMENT_3D('',#17894,#14432,#14433);
#12014=AXIS2_PLACEMENT_3D('',#17902,#14438,#14439);
#12015=AXIS2_PLACEMENT_3D('',#17915,#14447,#14448);
#12016=AXIS2_PLACEMENT_3D('',#17924,#14453,#14454);
#12017=AXIS2_PLACEMENT_3D('',#17928,#14456,#14457);
#12018=AXIS2_PLACEMENT_3D('',#17929,#14458,#14459);
#12019=AXIS2_PLACEMENT_3D('',#17930,#14460,#14461);
#12020=AXIS2_PLACEMENT_3D('',#17943,#14470,#14471);
#12021=AXIS2_PLACEMENT_3D('',#17944,#14472,#14473);
#12022=AXIS2_PLACEMENT_3D('',#17953,#14478,#14479);
#12023=AXIS2_PLACEMENT_3D('',#17957,#14481,#14482);
#12024=AXIS2_PLACEMENT_3D('',#17958,#14483,#14484);
#12025=AXIS2_PLACEMENT_3D('',#17959,#14485,#14486);
#12026=AXIS2_PLACEMENT_3D('',#17961,#14487,#14488);
#12027=AXIS2_PLACEMENT_3D('',#17963,#14489,#14490);
#12028=AXIS2_PLACEMENT_3D('',#17967,#14492,#14493);
#12029=AXIS2_PLACEMENT_3D('',#17969,#14495,#14496);
#12030=AXIS2_PLACEMENT_3D('',#17984,#14505,#14506);
#12031=AXIS2_PLACEMENT_3D('',#17986,#14508,#14509);
#12032=AXIS2_PLACEMENT_3D('',#17998,#14517,#14518);
#12033=AXIS2_PLACEMENT_3D('',#18007,#14523,#14524);
#12034=AXIS2_PLACEMENT_3D('',#18011,#14526,#14527);
#12035=AXIS2_PLACEMENT_3D('',#18012,#14528,#14529);
#12036=AXIS2_PLACEMENT_3D('',#18013,#14530,#14531);
#12037=AXIS2_PLACEMENT_3D('',#18018,#14534,#14535);
#12038=AXIS2_PLACEMENT_3D('',#18019,#14536,#14537);
#12039=AXIS2_PLACEMENT_3D('',#18020,#14538,#14539);
#12040=AXIS2_PLACEMENT_3D('',#18023,#14541,#14542);
#12041=AXIS2_PLACEMENT_3D('',#18024,#14543,#14544);
#12042=AXIS2_PLACEMENT_3D('',#18028,#14547,#14548);
#12043=AXIS2_PLACEMENT_3D('',#18032,#14551,#14552);
#12044=AXIS2_PLACEMENT_3D('',#18036,#14555,#14556);
#12045=AXIS2_PLACEMENT_3D('',#18040,#14559,#14560);
#12046=AXIS2_PLACEMENT_3D('',#18044,#14563,#14564);
#12047=AXIS2_PLACEMENT_3D('',#18048,#14567,#14568);
#12048=AXIS2_PLACEMENT_3D('',#18050,#14570,#14571);
#12049=AXIS2_PLACEMENT_3D('',#18051,#14572,#14573);
#12050=AXIS2_PLACEMENT_3D('',#18052,#14574,#14575);
#12051=AXIS2_PLACEMENT_3D('',#18060,#14580,#14581);
#12052=AXIS2_PLACEMENT_3D('',#18062,#14583,#14584);
#12053=AXIS2_PLACEMENT_3D('',#18064,#14586,#14587);
#12054=AXIS2_PLACEMENT_3D('',#18066,#14589,#14590);
#12055=AXIS2_PLACEMENT_3D('',#18067,#14591,#14592);
#12056=AXIS2_PLACEMENT_3D('',#18071,#14595,#14596);
#12057=AXIS2_PLACEMENT_3D('',#18075,#14599,#14600);
#12058=AXIS2_PLACEMENT_3D('',#18079,#14603,#14604);
#12059=AXIS2_PLACEMENT_3D('',#18083,#14607,#14608);
#12060=AXIS2_PLACEMENT_3D('',#18087,#14611,#14612);
#12061=AXIS2_PLACEMENT_3D('',#18091,#14615,#14616);
#12062=AXIS2_PLACEMENT_3D('',#18096,#14619,#14620);
#12063=AXIS2_PLACEMENT_3D('',#18097,#14621,#14622);
#12064=AXIS2_PLACEMENT_3D('',#18109,#14629,#14630);
#12065=AXIS2_PLACEMENT_3D('',#18112,#14633,#14634);
#12066=AXIS2_PLACEMENT_3D('',#18114,#14636,#14637);
#12067=AXIS2_PLACEMENT_3D('',#18116,#14639,#14640);
#12068=AXIS2_PLACEMENT_3D('',#18118,#14642,#14643);
#12069=AXIS2_PLACEMENT_3D('',#18119,#14644,#14645);
#12070=AXIS2_PLACEMENT_3D('',#18121,#14647,#14648);
#12071=AXIS2_PLACEMENT_3D('',#18123,#14650,#14651);
#12072=AXIS2_PLACEMENT_3D('',#18125,#14653,#14654);
#12073=AXIS2_PLACEMENT_3D('',#18127,#14656,#14657);
#12074=AXIS2_PLACEMENT_3D('',#18129,#14659,#14660);
#12075=AXIS2_PLACEMENT_3D('',#18131,#14662,#14663);
#12076=AXIS2_PLACEMENT_3D('',#18133,#14665,#14666);
#12077=AXIS2_PLACEMENT_3D('',#18135,#14668,#14669);
#12078=AXIS2_PLACEMENT_3D('',#18137,#14671,#14672);
#12079=AXIS2_PLACEMENT_3D('',#18139,#14674,#14675);
#12080=AXIS2_PLACEMENT_3D('',#18141,#14677,#14678);
#12081=AXIS2_PLACEMENT_3D('',#18143,#14680,#14681);
#12082=AXIS2_PLACEMENT_3D('',#18145,#14683,#14684);
#12083=AXIS2_PLACEMENT_3D('',#18146,#14685,#14686);
#12084=AXIS2_PLACEMENT_3D('',#18152,#14690,#14691);
#12085=AXIS2_PLACEMENT_3D('',#18154,#14693,#14694);
#12086=AXIS2_PLACEMENT_3D('',#18156,#14696,#14697);
#12087=AXIS2_PLACEMENT_3D('',#18157,#14698,#14699);
#12088=AXIS2_PLACEMENT_3D('',#18163,#14703,#14704);
#12089=AXIS2_PLACEMENT_3D('',#18167,#14707,#14708);
#12090=AXIS2_PLACEMENT_3D('',#18171,#14711,#14712);
#12091=AXIS2_PLACEMENT_3D('',#18173,#14714,#14715);
#12092=AXIS2_PLACEMENT_3D('',#18175,#14716,#14717);
#12093=AXIS2_PLACEMENT_3D('',#18177,#14719,#14720);
#12094=AXIS2_PLACEMENT_3D('',#18183,#14724,#14725);
#12095=AXIS2_PLACEMENT_3D('',#18185,#14727,#14728);
#12096=AXIS2_PLACEMENT_3D('',#18187,#14730,#14731);
#12097=AXIS2_PLACEMENT_3D('',#18188,#14732,#14733);
#12098=AXIS2_PLACEMENT_3D('',#18192,#14736,#14737);
#12099=AXIS2_PLACEMENT_3D('',#18196,#14740,#14741);
#12100=AXIS2_PLACEMENT_3D('',#18200,#14744,#14745);
#12101=AXIS2_PLACEMENT_3D('',#18204,#14748,#14749);
#12102=AXIS2_PLACEMENT_3D('',#18206,#14751,#14752);
#12103=AXIS2_PLACEMENT_3D('',#18207,#14753,#14754);
#12104=AXIS2_PLACEMENT_3D('',#18217,#14760,#14761);
#12105=AXIS2_PLACEMENT_3D('',#18219,#14763,#14764);
#12106=AXIS2_PLACEMENT_3D('',#18221,#14766,#14767);
#12107=AXIS2_PLACEMENT_3D('',#18223,#14769,#14770);
#12108=AXIS2_PLACEMENT_3D('',#18225,#14772,#14773);
#12109=AXIS2_PLACEMENT_3D('',#18226,#14774,#14775);
#12110=AXIS2_PLACEMENT_3D('',#18230,#14778,#14779);
#12111=AXIS2_PLACEMENT_3D('',#18232,#14781,#14782);
#12112=AXIS2_PLACEMENT_3D('',#18233,#14783,#14784);
#12113=AXIS2_PLACEMENT_3D('',#18239,#14788,#14789);
#12114=AXIS2_PLACEMENT_3D('',#18241,#14791,#14792);
#12115=AXIS2_PLACEMENT_3D('',#18243,#14794,#14795);
#12116=AXIS2_PLACEMENT_3D('',#18244,#14796,#14797);
#12117=AXIS2_PLACEMENT_3D('',#18246,#14798,#14799);
#12118=AXIS2_PLACEMENT_3D('',#18250,#14801,#14802);
#12119=AXIS2_PLACEMENT_3D('',#18254,#14804,#14805);
#12120=AXIS2_PLACEMENT_3D('',#18256,#14807,#14808);
#12121=AXIS2_PLACEMENT_3D('',#18259,#14811,#14812);
#12122=AXIS2_PLACEMENT_3D('',#18261,#14814,#14815);
#12123=AXIS2_PLACEMENT_3D('',#18263,#14817,#14818);
#12124=AXIS2_PLACEMENT_3D('',#18266,#14819,#14820);
#12125=AXIS2_PLACEMENT_3D('',#18270,#14822,#14823);
#12126=AXIS2_PLACEMENT_3D('',#18296,#14826,#14827);
#12127=AXIS2_PLACEMENT_3D('',#18371,#14830,#14831);
#12128=AXIS2_PLACEMENT_3D('',#18381,#14837,#14838);
#12129=AXIS2_PLACEMENT_3D('',#18387,#14842,#14843);
#12130=AXIS2_PLACEMENT_3D('',#18391,#14845,#14846);
#12131=AXIS2_PLACEMENT_3D('',#18407,#14848,#14849);
#12132=AXIS2_PLACEMENT_3D('',#18409,#14851,#14852);
#12133=AXIS2_PLACEMENT_3D('',#18412,#14854,#14855);
#12134=AXIS2_PLACEMENT_3D('',#18413,#14856,#14857);
#12135=AXIS2_PLACEMENT_3D('',#18414,#14858,#14859);
#12136=AXIS2_PLACEMENT_3D('',#18418,#14862,#14863);
#12137=AXIS2_PLACEMENT_3D('',#18424,#14867,#14868);
#12138=AXIS2_PLACEMENT_3D('',#18432,#14873,#14874);
#12139=AXIS2_PLACEMENT_3D('',#18438,#14878,#14879);
#12140=AXIS2_PLACEMENT_3D('',#18439,#14880,#14881);
#12141=AXIS2_PLACEMENT_3D('',#18443,#14884,#14885);
#12142=AXIS2_PLACEMENT_3D('',#18452,#14890,#14891);
#12143=AXIS2_PLACEMENT_3D('',#18458,#14895,#14896);
#12144=AXIS2_PLACEMENT_3D('',#18462,#14899,#14900);
#12145=AXIS2_PLACEMENT_3D('',#18466,#14902,#14903);
#12146=AXIS2_PLACEMENT_3D('',#18467,#14904,#14905);
#12147=AXIS2_PLACEMENT_3D('',#18468,#14906,#14907);
#12148=AXIS2_PLACEMENT_3D('',#18474,#14911,#14912);
#12149=AXIS2_PLACEMENT_3D('',#18477,#14914,#14915);
#12150=AXIS2_PLACEMENT_3D('',#18478,#14916,#14917);
#12151=AXIS2_PLACEMENT_3D('',#18479,#14918,#14919);
#12152=AXIS2_PLACEMENT_3D('',#18483,#14922,#14923);
#12153=AXIS2_PLACEMENT_3D('',#18487,#14925,#14926);
#12154=AXIS2_PLACEMENT_3D('',#18488,#14927,#14928);
#12155=AXIS2_PLACEMENT_3D('',#18489,#14929,#14930);
#12156=AXIS2_PLACEMENT_3D('',#18495,#14934,#14935);
#12157=AXIS2_PLACEMENT_3D('',#18499,#14937,#14938);
#12158=AXIS2_PLACEMENT_3D('',#18500,#14939,#14940);
#12159=AXIS2_PLACEMENT_3D('',#18501,#14941,#14942);
#12160=AXIS2_PLACEMENT_3D('',#18507,#14946,#14947);
#12161=AXIS2_PLACEMENT_3D('',#18511,#14949,#14950);
#12162=AXIS2_PLACEMENT_3D('',#18512,#14951,#14952);
#12163=AXIS2_PLACEMENT_3D('',#18513,#14953,#14954);
#12164=AXIS2_PLACEMENT_3D('',#18516,#14957,#14958);
#12165=AXIS2_PLACEMENT_3D('',#18520,#14960,#14961);
#12166=AXIS2_PLACEMENT_3D('',#18521,#14962,#14963);
#12167=AXIS2_PLACEMENT_3D('',#18522,#14964,#14965);
#12168=AXIS2_PLACEMENT_3D('',#18528,#14969,#14970);
#12169=AXIS2_PLACEMENT_3D('',#18532,#14972,#14973);
#12170=AXIS2_PLACEMENT_3D('',#18533,#14974,#14975);
#12171=AXIS2_PLACEMENT_3D('',#18534,#14976,#14977);
#12172=AXIS2_PLACEMENT_3D('',#18540,#14981,#14982);
#12173=AXIS2_PLACEMENT_3D('',#18544,#14984,#14985);
#12174=AXIS2_PLACEMENT_3D('',#18545,#14986,#14987);
#12175=AXIS2_PLACEMENT_3D('',#18546,#14988,#14989);
#12176=AXIS2_PLACEMENT_3D('',#18552,#14993,#14994);
#12177=AXIS2_PLACEMENT_3D('',#18555,#14996,#14997);
#12178=AXIS2_PLACEMENT_3D('',#18556,#14998,#14999);
#12179=AXIS2_PLACEMENT_3D('',#18557,#15000,#15001);
#12180=AXIS2_PLACEMENT_3D('',#18561,#15004,#15005);
#12181=AXIS2_PLACEMENT_3D('',#18562,#15006,#15007);
#12182=AXIS2_PLACEMENT_3D('',#18563,#15008,#15009);
#12183=AXIS2_PLACEMENT_3D('',#18565,#15011,#15012);
#12184=AXIS2_PLACEMENT_3D('',#18567,#15014,#15015);
#12185=AXIS2_PLACEMENT_3D('',#18569,#15017,#15018);
#12186=AXIS2_PLACEMENT_3D('',#18571,#15020,#15021);
#12187=AXIS2_PLACEMENT_3D('',#18573,#15023,#15024);
#12188=AXIS2_PLACEMENT_3D('',#18575,#15026,#15027);
#12189=AXIS2_PLACEMENT_3D('',#18577,#15029,#15030);
#12190=AXIS2_PLACEMENT_3D('',#18579,#15032,#15033);
#12191=AXIS2_PLACEMENT_3D('',#18581,#15035,#15036);
#12192=AXIS2_PLACEMENT_3D('',#18583,#15038,#15039);
#12193=AXIS2_PLACEMENT_3D('',#18585,#15041,#15042);
#12194=AXIS2_PLACEMENT_3D('',#18587,#15044,#15045);
#12195=AXIS2_PLACEMENT_3D('',#18589,#15047,#15048);
#12196=AXIS2_PLACEMENT_3D('',#18591,#15050,#15051);
#12197=AXIS2_PLACEMENT_3D('',#18592,#15052,#15053);
#12198=AXIS2_PLACEMENT_3D('',#18594,#15055,#15056);
#12199=AXIS2_PLACEMENT_3D('',#18596,#15058,#15059);
#12200=AXIS2_PLACEMENT_3D('',#18597,#15060,#15061);
#12201=AXIS2_PLACEMENT_3D('',#18603,#15065,#15066);
#12202=AXIS2_PLACEMENT_3D('',#18607,#15069,#15070);
#12203=AXIS2_PLACEMENT_3D('',#18611,#15073,#15074);
#12204=AXIS2_PLACEMENT_3D('',#18613,#15076,#15077);
#12205=AXIS2_PLACEMENT_3D('',#18614,#15078,#15079);
#12206=AXIS2_PLACEMENT_3D('',#18620,#15083,#15084);
#12207=AXIS2_PLACEMENT_3D('',#18624,#15087,#15088);
#12208=AXIS2_PLACEMENT_3D('',#18628,#15091,#15092);
#12209=AXIS2_PLACEMENT_3D('',#18630,#15094,#15095);
#12210=AXIS2_PLACEMENT_3D('',#18631,#15096,#15097);
#12211=AXIS2_PLACEMENT_3D('',#18633,#15099,#15100);
#12212=AXIS2_PLACEMENT_3D('',#18636,#15103,#15104);
#12213=AXIS2_PLACEMENT_3D('',#18638,#15106,#15107);
#12214=AXIS2_PLACEMENT_3D('',#18639,#15108,#15109);
#12215=AXIS2_PLACEMENT_3D('',#18640,#15110,#15111);
#12216=AXIS2_PLACEMENT_3D('',#18642,#15112,#15113);
#12217=AXIS2_PLACEMENT_3D('',#18645,#15115,#15116);
#12218=AXIS2_PLACEMENT_3D('',#18646,#15117,#15118);
#12219=AXIS2_PLACEMENT_3D('',#18652,#15122,#15123);
#12220=AXIS2_PLACEMENT_3D('',#18653,#15124,#15125);
#12221=AXIS2_PLACEMENT_3D('',#18655,#15126,#15127);
#12222=AXIS2_PLACEMENT_3D('',#18664,#15132,#15133);
#12223=AXIS2_PLACEMENT_3D('',#18665,#15134,#15135);
#12224=AXIS2_PLACEMENT_3D('',#18666,#15136,#15137);
#12225=AXIS2_PLACEMENT_3D('',#18668,#15138,#15139);
#12226=AXIS2_PLACEMENT_3D('',#18672,#15141,#15142);
#12227=AXIS2_PLACEMENT_3D('',#18673,#15143,#15144);
#12228=AXIS2_PLACEMENT_3D('',#18674,#15145,#15146);
#12229=AXIS2_PLACEMENT_3D('',#18675,#15147,#15148);
#12230=AXIS2_PLACEMENT_3D('',#18676,#15149,#15150);
#12231=AXIS2_PLACEMENT_3D('',#18680,#15153,#15154);
#12232=AXIS2_PLACEMENT_3D('',#18684,#15157,#15158);
#12233=AXIS2_PLACEMENT_3D('',#18688,#15161,#15162);
#12234=AXIS2_PLACEMENT_3D('',#18691,#15164,#15165);
#12235=AXIS2_PLACEMENT_3D('',#18692,#15166,#15167);
#12236=AXIS2_PLACEMENT_3D('',#18696,#15170,#15171);
#12237=AXIS2_PLACEMENT_3D('',#18700,#15174,#15175);
#12238=AXIS2_PLACEMENT_3D('',#18703,#15177,#15178);
#12239=AXIS2_PLACEMENT_3D('',#18704,#15179,#15180);
#12240=AXIS2_PLACEMENT_3D('',#18708,#15183,#15184);
#12241=AXIS2_PLACEMENT_3D('',#18712,#15187,#15188);
#12242=AXIS2_PLACEMENT_3D('',#18716,#15191,#15192);
#12243=AXIS2_PLACEMENT_3D('',#18719,#15194,#15195);
#12244=AXIS2_PLACEMENT_3D('',#18720,#15196,#15197);
#12245=AXIS2_PLACEMENT_3D('',#18724,#15200,#15201);
#12246=AXIS2_PLACEMENT_3D('',#18728,#15204,#15205);
#12247=AXIS2_PLACEMENT_3D('',#18729,#15206,#15207);
#12248=AXIS2_PLACEMENT_3D('',#18730,#15208,#15209);
#12249=AXIS2_PLACEMENT_3D('',#18732,#15211,#15212);
#12250=AXIS2_PLACEMENT_3D('',#18736,#15215,#15216);
#12251=AXIS2_PLACEMENT_3D('',#18740,#15219,#15220);
#12252=AXIS2_PLACEMENT_3D('',#18744,#15223,#15224);
#12253=AXIS2_PLACEMENT_3D('',#18745,#15225,#15226);
#12254=AXIS2_PLACEMENT_3D('',#18746,#15227,#15228);
#12255=AXIS2_PLACEMENT_3D('',#18748,#15230,#15231);
#12256=AXIS2_PLACEMENT_3D('',#18751,#15233,#15234);
#12257=AXIS2_PLACEMENT_3D('',#18752,#15235,#15236);
#12258=AXIS2_PLACEMENT_3D('',#18756,#15239,#15240);
#12259=AXIS2_PLACEMENT_3D('',#18760,#15243,#15244);
#12260=AXIS2_PLACEMENT_3D('',#18761,#15245,#15246);
#12261=AXIS2_PLACEMENT_3D('',#18762,#15247,#15248);
#12262=AXIS2_PLACEMENT_3D('',#18766,#15250,#15251);
#12263=AXIS2_PLACEMENT_3D('',#18770,#15253,#15254);
#12264=AXIS2_PLACEMENT_3D('',#18772,#15256,#15257);
#12265=AXIS2_PLACEMENT_3D('',#18773,#15258,#15259);
#12266=AXIS2_PLACEMENT_3D('',#18774,#15260,#15261);
#12267=AXIS2_PLACEMENT_3D('',#18781,#15266,#15267);
#12268=AXIS2_PLACEMENT_3D('',#18785,#15270,#15271);
#12269=AXIS2_PLACEMENT_3D('',#18789,#15274,#15275);
#12270=AXIS2_PLACEMENT_3D('',#18794,#15279,#15280);
#12271=AXIS2_PLACEMENT_3D('',#18795,#15281,#15282);
#12272=AXIS2_PLACEMENT_3D('',#18797,#15283,#15284);
#12273=AXIS2_PLACEMENT_3D('',#18799,#15285,#15286);
#12274=AXIS2_PLACEMENT_3D('',#18800,#15287,#15288);
#12275=AXIS2_PLACEMENT_3D('',#18802,#15289,#15290);
#12276=AXIS2_PLACEMENT_3D('',#18804,#15291,#15292);
#12277=AXIS2_PLACEMENT_3D('',#18805,#15293,#15294);
#12278=AXIS2_PLACEMENT_3D('',#18807,#15295,#15296);
#12279=AXIS2_PLACEMENT_3D('',#18809,#15297,#15298);
#12280=AXIS2_PLACEMENT_3D('',#18810,#15299,#15300);
#12281=AXIS2_PLACEMENT_3D('',#18812,#15301,#15302);
#12282=AXIS2_PLACEMENT_3D('',#18814,#15303,#15304);
#12283=AXIS2_PLACEMENT_3D('',#18815,#15305,#15306);
#12284=AXIS2_PLACEMENT_3D('',#18817,#15307,#15308);
#12285=AXIS2_PLACEMENT_3D('',#18819,#15309,#15310);
#12286=AXIS2_PLACEMENT_3D('',#18820,#15311,#15312);
#12287=AXIS2_PLACEMENT_3D('',#18825,#15316,#15317);
#12288=AXIS2_PLACEMENT_3D('',#18829,#15320,#15321);
#12289=AXIS2_PLACEMENT_3D('',#18831,#15323,#15324);
#12290=AXIS2_PLACEMENT_3D('',#18832,#15325,#15326);
#12291=AXIS2_PLACEMENT_3D('',#18834,#15328,#15329);
#12292=AXIS2_PLACEMENT_3D('',#18835,#15330,#15331);
#12293=AXIS2_PLACEMENT_3D('',#18839,#15334,#15335);
#12294=AXIS2_PLACEMENT_3D('',#18843,#15338,#15339);
#12295=AXIS2_PLACEMENT_3D('',#18845,#15341,#15342);
#12296=AXIS2_PLACEMENT_3D('',#18847,#15343,#15344);
#12297=AXIS2_PLACEMENT_3D('',#18850,#15346,#15347);
#12298=AXIS2_PLACEMENT_3D('',#18851,#15348,#15349);
#12299=AXIS2_PLACEMENT_3D('',#18853,#15351,#15352);
#12300=AXIS2_PLACEMENT_3D('',#18858,#15356,#15357);
#12301=AXIS2_PLACEMENT_3D('',#18859,#15358,#15359);
#12302=AXIS2_PLACEMENT_3D('',#18861,#15361,#15362);
#12303=AXIS2_PLACEMENT_3D('',#18863,#15364,#15365);
#12304=AXIS2_PLACEMENT_3D('',#18865,#15367,#15368);
#12305=AXIS2_PLACEMENT_3D('',#18866,#15369,#15370);
#12306=AXIS2_PLACEMENT_3D('',#18868,#15371,#15372);
#12307=AXIS2_PLACEMENT_3D('',#18869,#15373,#15374);
#12308=AXIS2_PLACEMENT_3D('',#18870,#15375,#15376);
#12309=AXIS2_PLACEMENT_3D('',#18872,#15378,#15379);
#12310=AXIS2_PLACEMENT_3D('',#18874,#15380,#15381);
#12311=AXIS2_PLACEMENT_3D('',#18875,#15382,#15383);
#12312=AXIS2_PLACEMENT_3D('',#18876,#15384,#15385);
#12313=AXIS2_PLACEMENT_3D('',#18878,#15387,#15388);
#12314=AXIS2_PLACEMENT_3D('',#18880,#15389,#15390);
#12315=AXIS2_PLACEMENT_3D('',#18881,#15391,#15392);
#12316=AXIS2_PLACEMENT_3D('',#18882,#15393,#15394);
#12317=AXIS2_PLACEMENT_3D('',#18884,#15396,#15397);
#12318=AXIS2_PLACEMENT_3D('',#18886,#15398,#15399);
#12319=AXIS2_PLACEMENT_3D('',#18887,#15400,#15401);
#12320=AXIS2_PLACEMENT_3D('',#18888,#15402,#15403);
#12321=AXIS2_PLACEMENT_3D('',#18890,#15405,#15406);
#12322=AXIS2_PLACEMENT_3D('',#18892,#15407,#15408);
#12323=AXIS2_PLACEMENT_3D('',#18893,#15409,#15410);
#12324=AXIS2_PLACEMENT_3D('',#18894,#15411,#15412);
#12325=AXIS2_PLACEMENT_3D('',#18896,#15414,#15415);
#12326=AXIS2_PLACEMENT_3D('',#18898,#15416,#15417);
#12327=AXIS2_PLACEMENT_3D('',#18899,#15418,#15419);
#12328=AXIS2_PLACEMENT_3D('',#18901,#15420,#15421);
#12329=AXIS2_PLACEMENT_3D('',#18902,#15422,#15423);
#12330=AXIS2_PLACEMENT_3D('',#18904,#15424,#15425);
#12331=AXIS2_PLACEMENT_3D('',#18905,#15426,#15427);
#12332=AXIS2_PLACEMENT_3D('',#18907,#15428,#15429);
#12333=AXIS2_PLACEMENT_3D('',#18908,#15430,#15431);
#12334=AXIS2_PLACEMENT_3D('',#18910,#15432,#15433);
#12335=AXIS2_PLACEMENT_3D('',#18911,#15434,#15435);
#12336=AXIS2_PLACEMENT_3D('',#18913,#15437,#15438);
#12337=AXIS2_PLACEMENT_3D('',#18915,#15440,#15441);
#12338=AXIS2_PLACEMENT_3D('',#18917,#15443,#15444);
#12339=AXIS2_PLACEMENT_3D('',#18919,#15446,#15447);
#12340=DIRECTION('axis',(0.,0.,1.));
#12341=DIRECTION('refdir',(1.,0.,0.));
#12342=DIRECTION('center_axis',(0.,0.,-1.));
#12343=DIRECTION('ref_axis',(1.,0.,0.));
#12344=DIRECTION('center_axis',(0.,0.,-1.));
#12345=DIRECTION('ref_axis',(1.,0.,0.));
#12346=DIRECTION('',(0.,0.,-1.));
#12347=DIRECTION('center_axis',(0.,0.,-1.));
#12348=DIRECTION('ref_axis',(1.,0.,0.));
#12349=DIRECTION('center_axis',(0.,0.,1.));
#12350=DIRECTION('ref_axis',(1.,0.,0.));
#12351=DIRECTION('center_axis',(1.,0.,0.));
#12352=DIRECTION('ref_axis',(0.,-1.,0.));
#12353=DIRECTION('',(0.,-1.,0.));
#12354=DIRECTION('',(0.,0.,-1.));
#12355=DIRECTION('',(0.,-1.,0.));
#12356=DIRECTION('',(0.,0.,-1.));
#12357=DIRECTION('center_axis',(-1.,0.,0.));
#12358=DIRECTION('ref_axis',(0.,1.,0.));
#12359=DIRECTION('',(0.,1.,0.));
#12360=DIRECTION('',(0.,0.,-1.));
#12361=DIRECTION('',(0.,1.,0.));
#12362=DIRECTION('',(0.,0.,-1.));
#12363=DIRECTION('center_axis',(0.,0.,-1.));
#12364=DIRECTION('ref_axis',(-1.,0.,0.));
#12365=DIRECTION('',(-1.,0.,0.));
#12366=DIRECTION('',(1.,0.,0.));
#12367=DIRECTION('center_axis',(-1.,-1.81843830216491E-16,0.));
#12368=DIRECTION('ref_axis',(-1.81843830216491E-16,1.,0.));
#12369=DIRECTION('',(1.81843830216491E-16,-1.,0.));
#12370=DIRECTION('',(-1.81843830216491E-16,1.,0.));
#12371=DIRECTION('',(0.,0.,-1.));
#12372=DIRECTION('',(-1.81843830216491E-16,1.,0.));
#12373=DIRECTION('',(0.,0.,-1.));
#12374=DIRECTION('center_axis',(0.,-1.,0.));
#12375=DIRECTION('ref_axis',(-1.,0.,0.));
#12376=DIRECTION('',(-1.,0.,0.));
#12377=DIRECTION('',(0.,0.,-1.));
#12378=DIRECTION('',(-1.,0.,0.));
#12379=DIRECTION('center_axis',(1.,6.81914363311841E-17,0.));
#12380=DIRECTION('ref_axis',(6.81914363311841E-17,-1.,0.));
#12381=DIRECTION('',(6.81914363311841E-17,-1.,0.));
#12382=DIRECTION('',(-6.81914363311841E-17,1.,0.));
#12383=DIRECTION('',(0.,0.,-1.));
#12384=DIRECTION('',(6.81914363311841E-17,-1.,0.));
#12385=DIRECTION('center_axis',(0.,1.,0.));
#12386=DIRECTION('ref_axis',(1.,0.,0.));
#12387=DIRECTION('',(-1.,0.,0.));
#12388=DIRECTION('',(1.,0.,0.));
#12389=DIRECTION('center_axis',(0.,0.,1.));
#12390=DIRECTION('ref_axis',(1.,0.,0.));
#12391=DIRECTION('',(0.9999841640781,-0.00562775203991845,0.));
#12392=DIRECTION('center_axis',(0.,0.,-1.));
#12393=DIRECTION('ref_axis',(-1.,0.,0.));
#12394=DIRECTION('center_axis',(0.,0.,1.));
#12395=DIRECTION('ref_axis',(1.,0.,0.));
#12396=DIRECTION('',(0.96556177579357,-0.260173897857505,0.));
#12397=DIRECTION('',(-0.260173897857477,-0.965561775793578,0.));
#12398=DIRECTION('',(-0.96556177579357,0.260173897857505,0.));
#12399=DIRECTION('',(-0.866629900694794,0.498951515902829,0.));
#12400=DIRECTION('',(0.49895151590283,0.866629900694794,0.));
#12401=DIRECTION('',(0.866629900694794,-0.498951515902829,0.));
#12402=DIRECTION('',(-0.498951515902818,-0.866629900694801,0.));
#12403=DIRECTION('',(-0.866629900694794,0.498951515902829,0.));
#12404=DIRECTION('',(-0.498951515902829,-0.866629900694794,0.));
#12405=DIRECTION('',(0.864353382951166,-0.50288490669424,0.));
#12406=DIRECTION('',(-0.866857804571843,-0.498555459956949,0.));
#12407=DIRECTION('center_axis',(0.,0.,-1.));
#12408=DIRECTION('ref_axis',(-0.866857804571848,-0.49855545995694,0.));
#12409=DIRECTION('',(0.,1.,0.));
#12410=DIRECTION('',(1.,0.,0.));
#12411=DIRECTION('',(0.,-1.,0.));
#12412=DIRECTION('',(-1.,0.,0.));
#12413=DIRECTION('',(0.,1.,0.));
#12414=DIRECTION('',(1.,0.,0.));
#12415=DIRECTION('',(0.,1.,0.));
#12416=DIRECTION('',(0.,1.,0.));
#12417=DIRECTION('',(1.,0.,0.));
#12418=DIRECTION('',(0.,-1.,0.));
#12419=DIRECTION('',(-1.,3.58159819017689E-18,0.));
#12420=DIRECTION('',(0.,-1.,0.));
#12421=DIRECTION('',(-0.999996460011068,-0.00266082042463871,0.));
#12422=DIRECTION('',(-1.,0.,0.));
#12423=DIRECTION('',(0.,1.,0.));
#12424=DIRECTION('',(-1.,3.58159819017689E-18,0.));
#12425=DIRECTION('',(0.,-1.,0.));
#12426=DIRECTION('',(1.,-1.81890067047146E-16,0.));
#12427=DIRECTION('',(0.9999841640781,-0.00562775203991845,0.));
#12428=DIRECTION('center_axis',(0.,0.,1.));
#12429=DIRECTION('ref_axis',(1.,0.,0.));
#12430=DIRECTION('center_axis',(0.,0.,-1.));
#12431=DIRECTION('ref_axis',(1.,0.,0.));
#12432=DIRECTION('center_axis',(0.,0.,1.));
#12433=DIRECTION('ref_axis',(1.,0.,0.));
#12434=DIRECTION('',(1.,0.,0.));
#12435=DIRECTION('',(0.,-1.,0.));
#12436=DIRECTION('',(-1.,0.,0.));
#12437=DIRECTION('',(0.,1.,0.));
#12438=DIRECTION('',(1.,0.,0.));
#12439=DIRECTION('',(0.,-1.,0.));
#12440=DIRECTION('',(1.,0.,0.));
#12441=DIRECTION('',(0.,-1.,0.));
#12442=DIRECTION('',(-1.,0.,0.));
#12443=DIRECTION('',(0.,-1.,0.));
#12444=DIRECTION('',(-1.,0.,0.));
#12445=DIRECTION('',(0.,1.,0.));
#12446=DIRECTION('',(1.,0.,0.));
#12447=DIRECTION('',(0.,-1.,0.));
#12448=DIRECTION('',(-1.,0.,0.));
#12449=DIRECTION('',(0.,1.,0.));
#12450=DIRECTION('',(0.999999996408962,8.47471303984265E-5,0.));
#12451=DIRECTION('',(8.47471303936448E-5,-0.999999996408962,0.));
#12452=DIRECTION('',(-0.999999996408962,-8.47471303986535E-5,0.));
#12453=DIRECTION('',(-0.00164570130944464,0.999998645832683,0.));
#12454=DIRECTION('',(-0.96556177579357,0.260173897857505,0.));
#12455=DIRECTION('',(0.260173897857503,0.965561775793571,0.));
#12456=DIRECTION('',(0.96556177579357,-0.260173897857505,0.));
#12457=DIRECTION('',(0.9999841640781,-0.00562775203991845,0.));
#12458=DIRECTION('',(0.,-1.,0.));
#12459=DIRECTION('',(0.999974492132455,-0.00714248447246532,0.));
#12460=DIRECTION('',(0.,-1.,0.));
#12461=DIRECTION('',(0.999999968508501,-0.000250964134927311,0.));
#12462=DIRECTION('',(0.000396236735584577,0.999999921498222,0.));
#12463=DIRECTION('',(1.,0.,0.));
#12464=DIRECTION('',(0.,1.,0.));
#12465=DIRECTION('',(0.000437739873162917,0.999999904191897,0.));
#12466=DIRECTION('',(1.,0.,0.));
#12467=DIRECTION('center_axis',(0.,0.,1.));
#12468=DIRECTION('ref_axis',(1.,0.,0.));
#12469=DIRECTION('center_axis',(0.,0.,1.));
#12470=DIRECTION('ref_axis',(1.,-8.70763156568754E-16,0.));
#12471=DIRECTION('center_axis',(0.,0.,1.));
#12472=DIRECTION('ref_axis',(1.,0.,0.));
#12473=DIRECTION('',(1.,0.,0.));
#12474=DIRECTION('',(0.,-1.,0.));
#12475=DIRECTION('',(-1.,0.,0.));
#12476=DIRECTION('',(-0.458217606543908,-0.888840044694867,0.));
#12477=DIRECTION('',(-1.,-5.49508949640856E-17,0.));
#12478=DIRECTION('',(-0.458217606543908,0.888840044694867,0.));
#12479=DIRECTION('',(-1.,0.,0.));
#12480=DIRECTION('',(0.,1.,0.));
#12481=DIRECTION('',(1.,0.,0.));
#12482=DIRECTION('',(0.,1.,0.));
#12483=DIRECTION('',(1.,0.,0.));
#12484=DIRECTION('',(0.,-1.,0.));
#12485=DIRECTION('',(-1.,0.,0.));
#12486=DIRECTION('',(0.,1.,0.));
#12487=DIRECTION('',(1.,0.,0.));
#12488=DIRECTION('',(0.,-1.,0.));
#12489=DIRECTION('',(-1.,0.,0.));
#12490=DIRECTION('',(0.,1.,0.));
#12491=DIRECTION('',(1.,0.,0.));
#12492=DIRECTION('',(0.,-1.,0.));
#12493=DIRECTION('',(-1.,0.,0.));
#12494=DIRECTION('',(0.,1.,0.));
#12495=DIRECTION('',(1.,0.,0.));
#12496=DIRECTION('',(0.,-1.,0.));
#12497=DIRECTION('',(1.,0.,0.));
#12498=DIRECTION('',(0.,-1.,0.));
#12499=DIRECTION('',(-1.,0.,0.));
#12500=DIRECTION('',(0.,1.,0.));
#12501=DIRECTION('',(1.,0.,0.));
#12502=DIRECTION('center_axis',(0.,0.,1.));
#12503=DIRECTION('ref_axis',(1.,0.,0.));
#12504=DIRECTION('center_axis',(0.,0.,1.));
#12505=DIRECTION('ref_axis',(1.,0.,0.));
#12506=DIRECTION('center_axis',(0.,0.,-1.));
#12507=DIRECTION('ref_axis',(-1.,0.,0.));
#12508=DIRECTION('center_axis',(-3.88561504613749E-17,0.707106781186553,
-0.707106781186542));
#12509=DIRECTION('ref_axis',(-1.,4.62223186652937E-32,5.49508949640865E-17));
#12510=DIRECTION('',(-0.395809564950639,0.649359218111814,0.649359218111824));
#12511=DIRECTION('',(1.,5.49508949640855E-17,0.));
#12512=DIRECTION('',(-0.395809564950637,-0.649359218111814,-0.649359218111825));
#12513=DIRECTION('',(1.,5.49508949640856E-17,0.));
#12514=DIRECTION('center_axis',(-0.628504822993906,0.324008776846272,-0.707106781186535));
#12515=DIRECTION('ref_axis',(-0.747427446263115,1.66533453693773E-16,0.664343444742701));
#12516=DIRECTION('',(0.747427446263115,4.10718070928791E-17,-0.664343444742702));
#12517=DIRECTION('',(0.458217606543908,0.888840044694867,0.));
#12518=DIRECTION('',(0.765596288472492,0.0972588775547982,-0.635926909175831));
#12519=DIRECTION('',(-0.429344271585737,0.613534736835559,0.662750800190112));
#12520=DIRECTION('',(0.458217606543907,0.888840044694867,0.));
#12521=DIRECTION('center_axis',(0.628504822993907,0.324008776846273,-0.707106781186534));
#12522=DIRECTION('ref_axis',(-0.747427446263114,8.32667268468868E-17,-0.664343444742702));
#12523=DIRECTION('',(-0.458217606543908,0.888840044694867,0.));
#12524=DIRECTION('',(-0.360093968336548,-0.684600649192084,-0.633762009821837));
#12525=DIRECTION('',(0.722998887705852,0.0918474414654444,0.684716478458313));
#12526=DIRECTION('',(0.458217606543908,-0.888840044694867,0.));
#12527=DIRECTION('',(0.747427446263114,4.10718070928791E-17,0.664343444742702));
#12528=DIRECTION('center_axis',(0.,0.,1.));
#12529=DIRECTION('ref_axis',(1.,0.,0.));
#12530=DIRECTION('',(-0.992027201927834,-0.126023928820019,0.));
#12531=DIRECTION('center_axis',(0.,0.,1.));
#12532=DIRECTION('ref_axis',(0.000250964134927701,0.999999968508501,0.));
#12533=DIRECTION('',(-0.999999968508501,0.000250964134926742,0.));
#12534=DIRECTION('center_axis',(0.,0.,1.));
#12535=DIRECTION('ref_axis',(0.126538936169018,0.991961641210593,0.));
#12536=DIRECTION('',(-0.991961641210592,0.126538936169026,0.));
#12537=DIRECTION('',(0.,1.,0.));
#12538=DIRECTION('',(1.,0.,0.));
#12539=DIRECTION('',(0.999996460011068,0.00266082042463872,0.));
#12540=DIRECTION('',(0.,1.,0.));
#12541=DIRECTION('',(-0.991961641210592,0.126538936169026,0.));
#12542=DIRECTION('center_axis',(0.,0.,1.));
#12543=DIRECTION('ref_axis',(1.,0.,0.));
#12544=DIRECTION('',(4.18295390574481E-16,1.,0.));
#12545=DIRECTION('center_axis',(0.,0.,-1.));
#12546=DIRECTION('ref_axis',(-0.866857804571823,-0.498555459956983,0.));
#12547=DIRECTION('',(-0.864353382951196,0.502884906694189,0.));
#12548=DIRECTION('center_axis',(0.,0.,1.));
#12549=DIRECTION('ref_axis',(0.866629900694795,-0.498951515902827,0.));
#12550=DIRECTION('',(0.498951515902827,0.866629900694795,0.));
#12551=DIRECTION('center_axis',(0.,0.,1.));
#12552=DIRECTION('ref_axis',(-0.498951515902841,-0.866629900694787,0.));
#12553=DIRECTION('',(0.866629900694787,-0.498951515902843,0.));
#12554=DIRECTION('center_axis',(0.,0.,-1.));
#12555=DIRECTION('ref_axis',(0.498951515902843,0.866629900694786,0.));
#12556=DIRECTION('',(0.96556177579357,-0.260173897857504,0.));
#12557=DIRECTION('center_axis',(0.,0.,-1.));
#12558=DIRECTION('ref_axis',(0.260173897857501,0.965561775793571,0.));
#12559=DIRECTION('',(0.999999996408962,8.47471303995952E-5,0.));
#12560=DIRECTION('',(0.999999999908369,-1.35374571188923E-5,0.));
#12561=DIRECTION('',(1.,9.68568579333015E-17,0.));
#12562=DIRECTION('center_axis',(0.,0.,1.));
#12563=DIRECTION('ref_axis',(-0.3509134091587,-0.936407912863096,0.));
#12564=DIRECTION('',(0.936407912863096,-0.3509134091587,0.));
#12565=DIRECTION('center_axis',(0.,0.,1.));
#12566=DIRECTION('ref_axis',(-1.,0.,0.));
#12567=DIRECTION('',(0.,-1.,0.));
#12568=DIRECTION('center_axis',(0.,0.,1.));
#12569=DIRECTION('ref_axis',(-0.126023928819999,0.992027201927836,0.));
#12570=DIRECTION('',(-0.992027201927834,-0.126023928820019,0.));
#12571=DIRECTION('center_axis',(0.,0.,1.));
#12572=DIRECTION('ref_axis',(1.,0.,0.));
#12573=DIRECTION('',(0.,1.,0.));
#12574=DIRECTION('',(-1.,0.,0.));
#12575=DIRECTION('',(0.,-1.,0.));
#12576=DIRECTION('',(1.,0.,0.));
#12577=DIRECTION('',(0.936407912863096,-0.3509134091587,0.));
#12578=DIRECTION('',(0.350913409158701,0.936407912863095,0.));
#12579=DIRECTION('',(-0.936407912863096,0.3509134091587,0.));
#12580=DIRECTION('',(-0.350913409158704,-0.936407912863094,0.));
#12581=DIRECTION('center_axis',(0.,0.,1.));
#12582=DIRECTION('ref_axis',(-1.,0.,0.));
#12583=DIRECTION('center_axis',(0.,0.,1.));
#12584=DIRECTION('ref_axis',(1.,0.,0.));
#12585=DIRECTION('center_axis',(0.,0.,-1.));
#12586=DIRECTION('ref_axis',(1.,0.,0.));
#12587=DIRECTION('center_axis',(0.,0.,1.));
#12588=DIRECTION('ref_axis',(1.,0.,0.));
#12589=DIRECTION('center_axis',(-0.126023928820019,0.992027201927834,0.));
#12590=DIRECTION('ref_axis',(0.992027201927834,0.126023928820019,0.));
#12591=DIRECTION('',(0.,0.,-1.));
#12592=DIRECTION('',(0.992027201927834,0.126023928820019,0.));
#12593=DIRECTION('',(0.,0.,1.));
#12594=DIRECTION('',(0.992027201927834,0.126023928820019,0.));
#12595=DIRECTION('',(0.,0.,-1.));
#12596=DIRECTION('',(-0.992027201927834,-0.126023928820019,0.));
#12597=DIRECTION('',(0.,0.,-1.));
#12598=DIRECTION('',(0.992027201927834,0.126023928820019,0.));
#12599=DIRECTION('center_axis',(-0.00188148416578174,0.707104278036381,
-0.707106781186535));
#12600=DIRECTION('ref_axis',(-0.999996460036131,-3.68628738645072E-18,0.00266081100543064));
#12601=DIRECTION('',(-0.577861664054546,0.576326118124285,0.577861664054558));
#12602=DIRECTION('',(0.000940741666543919,-0.707106468293543,-0.70710646829353));
#12603=DIRECTION('',(0.999996460011068,0.00266082042463871,0.));
#12604=DIRECTION('center_axis',(-0.707106781186555,0.,-0.70710678118654));
#12605=DIRECTION('ref_axis',(-0.70710678118654,0.,0.707106781186555));
#12606=DIRECTION('',(0.707105529608127,0.00188148749600119,-0.707105529608143));
#12607=DIRECTION('',(0.,1.,0.));
#12608=DIRECTION('',(0.704247589508393,-0.089836881864945,-0.704247589508408));
#12609=DIRECTION('',(-0.551339511071655,0.626138552608386,0.551339511071667));
#12610=DIRECTION('center_axis',(0.,0.707106781186541,-0.707106781186554));
#12611=DIRECTION('ref_axis',(-1.,0.,0.));
#12612=DIRECTION('',(-0.577350269189614,-0.577350269189637,-0.577350269189626));
#12613=DIRECTION('',(1.,0.,0.));
#12614=DIRECTION('center_axis',(0.707106781186555,0.,-0.70710678118654));
#12615=DIRECTION('ref_axis',(-0.70710678118654,0.,-0.707106781186555));
#12616=DIRECTION('',(-0.600262458424047,-0.528554597003397,-0.60026245842406));
#12617=DIRECTION('',(0.704247589508393,-0.089836881864945,0.704247589508408));
#12618=DIRECTION('',(0.,-1.,0.));
#12619=DIRECTION('',(0.70710678118654,0.,0.707106781186555));
#12620=DIRECTION('center_axis',(0.126538936169026,0.991961641210592,0.));
#12621=DIRECTION('ref_axis',(0.991961641210592,-0.126538936169026,0.));
#12622=DIRECTION('',(0.,0.,1.));
#12623=DIRECTION('',(-0.991961641210592,0.126538936169026,0.));
#12624=DIRECTION('',(0.,0.,-1.));
#12625=DIRECTION('',(0.991961641210592,-0.126538936169026,0.));
#12626=DIRECTION('',(0.,0.,-1.));
#12627=DIRECTION('',(-0.991961641210592,0.126538936169026,0.));
#12628=DIRECTION('',(0.,0.,-1.));
#12629=DIRECTION('',(-0.991961641210592,0.126538936169026,0.));
#12630=DIRECTION('',(0.,0.,-1.));
#12631=DIRECTION('',(0.991961641210592,-0.126538936169026,0.));
#12632=DIRECTION('center_axis',(0.,0.,-1.));
#12633=DIRECTION('ref_axis',(-1.,0.,0.));
#12634=DIRECTION('center_axis',(0.,0.,1.));
#12635=DIRECTION('ref_axis',(1.,0.,0.));
#12636=DIRECTION('center_axis',(0.,0.,1.));
#12637=DIRECTION('ref_axis',(1.,0.,0.));
#12638=DIRECTION('',(0.,0.,1.));
#12639=DIRECTION('center_axis',(-0.0891123746604062,0.701469161604687,-0.707106781186549));
#12640=DIRECTION('ref_axis',(-0.992152339525411,0.,0.125034935814966));
#12641=DIRECTION('',(0.0891123746604051,-0.701469161604693,-0.707106781186542));
#12642=DIRECTION('center_axis',(0.,0.,1.));
#12643=DIRECTION('ref_axis',(0.000250964134927701,0.999999968508501,0.));
#12644=DIRECTION('',(-0.000177458441682232,-0.707106758918672,-0.70710678118657));
#12645=DIRECTION('center_axis',(0.,0.,-1.));
#12646=DIRECTION('ref_axis',(0.000250964134927701,0.999999968508501,0.));
#12647=DIRECTION('center_axis',(0.000177458441641315,0.707106758918694,
-0.707106781186548));
#12648=DIRECTION('ref_axis',(-0.999999968508503,0.,-0.000250964127023505));
#12649=DIRECTION('',(-0.000177458441619422,-0.707106758918696,-0.707106781186547));
#12650=DIRECTION('',(0.999999968508501,-0.000250964134926742,0.));
#12651=DIRECTION('center_axis',(0.,0.,1.));
#12652=DIRECTION('ref_axis',(0.126538936169018,0.991961641210593,0.));
#12653=DIRECTION('',(-0.089476539849269,-0.701422803176938,-0.707106781186554));
#12654=DIRECTION('center_axis',(0.,0.,-1.));
#12655=DIRECTION('ref_axis',(0.126538936169018,0.991961641210593,0.));
#12656=DIRECTION('center_axis',(0.0894765398492488,0.701422803176938,-0.707106781186557));
#12657=DIRECTION('ref_axis',(-0.992088828912168,0.,-0.125537864995717));
#12658=DIRECTION('center_axis',(0.,0.,-1.));
#12659=DIRECTION('ref_axis',(0.126538936169018,0.991961641210593,0.));
#12660=DIRECTION('',(0.,0.,-1.));
#12661=DIRECTION('center_axis',(0.,0.,1.));
#12662=DIRECTION('ref_axis',(0.126538936169018,0.991961641210593,0.));
#12663=DIRECTION('center_axis',(0.000250964134926742,0.999999968508501,
0.));
#12664=DIRECTION('ref_axis',(0.999999968508501,-0.000250964134926742,0.));
#12665=DIRECTION('',(0.,0.,-1.));
#12666=DIRECTION('',(-0.999999968508501,0.000250964134926742,0.));
#12667=DIRECTION('center_axis',(0.,0.,-1.));
#12668=DIRECTION('ref_axis',(0.000250964134927701,0.999999968508501,0.));
#12669=DIRECTION('center_axis',(0.,0.,1.));
#12670=DIRECTION('ref_axis',(0.000250964134927701,0.999999968508501,0.));
#12671=DIRECTION('center_axis',(0.0894765398492488,0.701422803176938,-0.707106781186557));
#12672=DIRECTION('ref_axis',(-0.992088828912168,0.,-0.125537864995717));
#12673=DIRECTION('',(-0.0894765398492044,-0.70142280317696,-0.70710678118654));
#12674=DIRECTION('center_axis',(0.,0.,1.));
#12675=DIRECTION('ref_axis',(1.,0.,0.));
#12676=DIRECTION('',(-0.70710678118654,0.,-0.707106781186555));
#12677=DIRECTION('center_axis',(0.,0.,-1.));
#12678=DIRECTION('ref_axis',(1.,0.,0.));
#12679=DIRECTION('center_axis',(0.707106781186555,-2.95779507214294E-16,
-0.70710678118654));
#12680=DIRECTION('ref_axis',(-0.70710678118654,0.,-0.707106781186555));
#12681=DIRECTION('',(-4.18295390574481E-16,-1.,0.));
#12682=DIRECTION('',(-0.70710678118654,0.,-0.707106781186555));
#12683=DIRECTION('center_axis',(0.,0.,-1.));
#12684=DIRECTION('ref_axis',(-0.866857804571823,-0.498555459956983,0.));
#12685=DIRECTION('center_axis',(0.,0.,1.));
#12686=DIRECTION('ref_axis',(-0.866857804571823,-0.498555459956983,0.));
#12687=DIRECTION('',(-0.355593327679841,-0.611190138426353,-0.707106781186514));
#12688=DIRECTION('center_axis',(0.355593327679809,0.611190138426295,-0.707106781186581));
#12689=DIRECTION('ref_axis',(-0.893393871221827,0.,-0.449274293570507));
#12690=DIRECTION('',(-0.355593327679841,-0.611190138426353,-0.707106781186514));
#12691=DIRECTION('',(0.864353382951196,-0.502884906694189,0.));
#12692=DIRECTION('center_axis',(0.,0.,1.));
#12693=DIRECTION('ref_axis',(0.866629900694795,-0.498951515902827,0.));
#12694=DIRECTION('',(-0.612799879560602,0.352812000378334,-0.707106781186229));
#12695=DIRECTION('center_axis',(0.,0.,-1.));
#12696=DIRECTION('ref_axis',(0.866629900694795,-0.498951515902827,0.));
#12697=DIRECTION('center_axis',(0.612799879560281,-0.352812000378178,-0.707106781186585));
#12698=DIRECTION('ref_axis',(-0.755702833661556,0.,-0.65491467169082));
#12699=DIRECTION('',(-0.612799879560414,0.352812000378223,-0.707106781186447));
#12700=DIRECTION('',(-0.498951515902827,-0.866629900694795,0.));
#12701=DIRECTION('center_axis',(0.,0.,1.));
#12702=DIRECTION('ref_axis',(-0.498951515902841,-0.866629900694787,0.));
#12703=DIRECTION('',(0.352812000378465,0.612799879560731,-0.707106781186052));
#12704=DIRECTION('center_axis',(0.,0.,-1.));
#12705=DIRECTION('ref_axis',(-0.498951515902841,-0.866629900694787,0.));
#12706=DIRECTION('center_axis',(-0.352812000378199,-0.612799879560294,-0.707106781186564));
#12707=DIRECTION('ref_axis',(-0.894802150422504,0.,0.446462889386411));
#12708=DIRECTION('',(0.352812000378208,0.61279987956031,-0.707106781186545));
#12709=DIRECTION('',(-0.866629900694787,0.498951515902843,0.));
#12710=DIRECTION('center_axis',(0.,0.,-1.));
#12711=DIRECTION('ref_axis',(0.498951515902843,0.866629900694786,0.));
#12712=DIRECTION('',(0.183970727462822,0.682755279318354,-0.707106781186347));
#12713=DIRECTION('center_axis',(0.,0.,1.));
#12714=DIRECTION('ref_axis',(0.498951515902843,0.866629900694786,0.));
#12715=DIRECTION('center_axis',(-0.183970727462773,-0.682755279318141,-0.707106781186565));
#12716=DIRECTION('ref_axis',(-0.967781507874885,0.,0.251791487178209));
#12717=DIRECTION('',(0.183970727462748,0.682755279318169,-0.707106781186545));
#12718=DIRECTION('',(-0.96556177579357,0.260173897857504,0.));
#12719=DIRECTION('center_axis',(0.,0.,-1.));
#12720=DIRECTION('ref_axis',(0.260173897857501,0.965561775793571,0.));
#12721=DIRECTION('',(-5.99252705777882E-5,0.707106778647261,-0.707106781186586));
#12722=DIRECTION('center_axis',(0.,0.,1.));
#12723=DIRECTION('ref_axis',(0.260173897857501,0.965561775793571,0.));
#12724=DIRECTION('center_axis',(5.99252705916551E-5,-0.707106778647308,
-0.70710678118654));
#12725=DIRECTION('ref_axis',(-0.999999996408962,0.,-8.47471300952669E-5));
#12726=DIRECTION('',(-0.999999996408962,-8.47471303995952E-5,0.));
#12727=DIRECTION('',(-2.51761088695331E-5,0.70710678116527,-0.707106780759635));
#12728=DIRECTION('center_axis',(-9.5724277287909E-6,-0.707106781121756,
-0.707106781186546));
#12729=DIRECTION('ref_axis',(-0.999999999908369,0.,1.35374571176519E-5));
#12730=DIRECTION('',(-0.999999999908369,1.35374571188923E-5,0.));
#12731=DIRECTION('',(4.79008247511229E-6,0.707106781178428,-0.707106781178443));
#12732=DIRECTION('center_axis',(6.84881410490603E-17,-0.707106781186555,
-0.70710678118654));
#12733=DIRECTION('ref_axis',(-1.,0.,-9.68568579333036E-17));
#12734=DIRECTION('',(-1.,-9.68568579333015E-17,0.));
#12735=DIRECTION('',(0.,0.70710678118654,-0.707106781186555));
#12736=DIRECTION('center_axis',(0.,0.,1.));
#12737=DIRECTION('ref_axis',(-0.3509134091587,-0.936407912863096,0.));
#12738=DIRECTION('',(0.248133251225435,0.662140385142314,-0.707106781186465));
#12739=DIRECTION('center_axis',(0.,0.,-1.));
#12740=DIRECTION('ref_axis',(-0.3509134091587,-0.936407912863096,0.));
#12741=DIRECTION('center_axis',(-0.248133251225407,-0.662140385142239,-0.707106781186545));
#12742=DIRECTION('ref_axis',(-0.943589305444961,0.,0.331118140019384));
#12743=DIRECTION('',(0.248133251225395,0.662140385142262,-0.707106781186528));
#12744=DIRECTION('',(-0.936407912863096,0.3509134091587,0.));
#12745=DIRECTION('center_axis',(0.,0.,1.));
#12746=DIRECTION('ref_axis',(-1.,0.,0.));
#12747=DIRECTION('',(0.70710678118654,0.,-0.707106781186555));
#12748=DIRECTION('center_axis',(0.,0.,-1.));
#12749=DIRECTION('ref_axis',(-1.,0.,0.));
#12750=DIRECTION('center_axis',(-0.707106781186523,0.,-0.707106781186572));
#12751=DIRECTION('ref_axis',(-0.707106781186572,0.,0.707106781186523));
#12752=DIRECTION('',(0.707106781186572,0.,-0.707106781186523));
#12753=DIRECTION('',(0.,1.,0.));
#12754=DIRECTION('center_axis',(0.,0.,1.));
#12755=DIRECTION('ref_axis',(-0.126023928819999,0.992027201927836,0.));
#12756=DIRECTION('',(0.0891123746604059,-0.701469161604686,-0.707106781186549));
#12757=DIRECTION('center_axis',(0.,0.,-1.));
#12758=DIRECTION('ref_axis',(-0.126023928819999,0.992027201927836,0.));
#12759=DIRECTION('center_axis',(-0.0891123746604062,0.701469161604687,-0.707106781186549));
#12760=DIRECTION('ref_axis',(-0.992152339525411,0.,0.125034935814966));
#12761=DIRECTION('center_axis',(0.,0.,-1.));
#12762=DIRECTION('ref_axis',(-0.126023928819999,0.992027201927836,0.));
#12763=DIRECTION('',(0.,0.,-1.));
#12764=DIRECTION('center_axis',(0.,0.,1.));
#12765=DIRECTION('ref_axis',(-0.126023928819999,0.992027201927836,0.));
#12766=DIRECTION('center_axis',(-1.,0.,0.));
#12767=DIRECTION('ref_axis',(0.,1.,0.));
#12768=DIRECTION('',(0.,0.,-1.));
#12769=DIRECTION('',(0.,-1.,0.));
#12770=DIRECTION('center_axis',(0.,0.,-1.));
#12771=DIRECTION('ref_axis',(-1.,0.,0.));
#12772=DIRECTION('',(0.,0.,-1.));
#12773=DIRECTION('center_axis',(0.,0.,1.));
#12774=DIRECTION('ref_axis',(-1.,0.,0.));
#12775=DIRECTION('center_axis',(-0.3509134091587,-0.936407912863096,0.));
#12776=DIRECTION('ref_axis',(-0.936407912863096,0.3509134091587,0.));
#12777=DIRECTION('',(0.,0.,-1.));
#12778=DIRECTION('',(0.936407912863096,-0.3509134091587,0.));
#12779=DIRECTION('center_axis',(0.,0.,-1.));
#12780=DIRECTION('ref_axis',(-0.3509134091587,-0.936407912863096,0.));
#12781=DIRECTION('',(0.,0.,-1.));
#12782=DIRECTION('center_axis',(0.,0.,1.));
#12783=DIRECTION('ref_axis',(-0.3509134091587,-0.936407912863096,0.));
#12784=DIRECTION('center_axis',(9.68568579333016E-17,-1.,0.));
#12785=DIRECTION('ref_axis',(-1.,-9.68568579333015E-17,0.));
#12786=DIRECTION('',(0.,0.,-1.));
#12787=DIRECTION('',(1.,9.68568579333015E-17,0.));
#12788=DIRECTION('center_axis',(-1.35374571188923E-5,-0.999999999908369,
0.));
#12789=DIRECTION('ref_axis',(-0.999999999908369,1.35374571188923E-5,0.));
#12790=DIRECTION('',(0.,0.,-1.));
#12791=DIRECTION('',(0.999999999908369,-1.35374571188923E-5,0.));
#12792=DIRECTION('center_axis',(8.47471303995952E-5,-0.999999996408962,
0.));
#12793=DIRECTION('ref_axis',(-0.999999996408962,-8.47471303995952E-5,0.));
#12794=DIRECTION('',(0.,0.,-1.));
#12795=DIRECTION('',(0.999999996408962,8.47471303995952E-5,0.));
#12796=DIRECTION('center_axis',(0.,0.,-1.));
#12797=DIRECTION('ref_axis',(-0.260173897857501,-0.965561775793571,0.));
#12798=DIRECTION('',(0.,0.,-1.));
#12799=DIRECTION('center_axis',(0.,0.,-1.));
#12800=DIRECTION('ref_axis',(0.260173897857501,0.965561775793571,0.));
#12801=DIRECTION('center_axis',(-0.260173897857504,-0.96556177579357,0.));
#12802=DIRECTION('ref_axis',(-0.96556177579357,0.260173897857504,0.));
#12803=DIRECTION('',(0.,0.,-1.));
#12804=DIRECTION('',(0.96556177579357,-0.260173897857504,0.));
#12805=DIRECTION('center_axis',(0.,0.,-1.));
#12806=DIRECTION('ref_axis',(-0.498951515902843,-0.866629900694786,0.));
#12807=DIRECTION('',(0.,0.,-1.));
#12808=DIRECTION('center_axis',(0.,0.,-1.));
#12809=DIRECTION('ref_axis',(0.498951515902843,0.866629900694786,0.));
#12810=DIRECTION('center_axis',(-0.498951515902843,-0.866629900694787,0.));
#12811=DIRECTION('ref_axis',(-0.866629900694787,0.498951515902843,0.));
#12812=DIRECTION('',(0.,0.,-1.));
#12813=DIRECTION('',(0.866629900694787,-0.498951515902843,0.));
#12814=DIRECTION('center_axis',(0.,0.,-1.));
#12815=DIRECTION('ref_axis',(-0.498951515902841,-0.866629900694787,0.));
#12816=DIRECTION('',(0.,0.,-1.));
#12817=DIRECTION('center_axis',(0.,0.,1.));
#12818=DIRECTION('ref_axis',(-0.498951515902841,-0.866629900694787,0.));
#12819=DIRECTION('center_axis',(0.866629900694796,-0.498951515902827,0.));
#12820=DIRECTION('ref_axis',(-0.498951515902827,-0.866629900694795,0.));
#12821=DIRECTION('',(0.,0.,-1.));
#12822=DIRECTION('',(0.498951515902827,0.866629900694795,0.));
#12823=DIRECTION('center_axis',(0.,0.,-1.));
#12824=DIRECTION('ref_axis',(0.866629900694795,-0.498951515902827,0.));
#12825=DIRECTION('',(0.,0.,-1.));
#12826=DIRECTION('center_axis',(0.,0.,1.));
#12827=DIRECTION('ref_axis',(0.866629900694795,-0.498951515902827,0.));
#12828=DIRECTION('center_axis',(0.502884906694189,0.864353382951196,0.));
#12829=DIRECTION('ref_axis',(0.864353382951196,-0.502884906694189,0.));
#12830=DIRECTION('',(0.,0.,-1.));
#12831=DIRECTION('',(-0.864353382951196,0.502884906694189,0.));
#12832=DIRECTION('center_axis',(0.,0.,1.));
#12833=DIRECTION('ref_axis',(-0.866857804571823,-0.498555459956983,0.));
#12834=DIRECTION('',(0.,0.,1.));
#12835=DIRECTION('center_axis',(0.355593327679833,0.611190138426337,0.707106781186532));
#12836=DIRECTION('ref_axis',(-0.355593327679818,-0.61119013842631,0.707106781186563));
#12837=DIRECTION('center_axis',(1.,-4.18295390574481E-16,0.));
#12838=DIRECTION('ref_axis',(-4.18295390574481E-16,-1.,0.));
#12839=DIRECTION('',(0.,0.,-1.));
#12840=DIRECTION('',(4.18295390574481E-16,1.,0.));
#12841=DIRECTION('',(0.,0.,1.));
#12842=DIRECTION('center_axis',(0.,0.,-1.));
#12843=DIRECTION('ref_axis',(1.,0.,0.));
#12844=DIRECTION('center_axis',(0.,0.,1.));
#12845=DIRECTION('ref_axis',(1.,0.,0.));
#12846=DIRECTION('center_axis',(0.,0.,-1.));
#12847=DIRECTION('ref_axis',(1.,0.,0.));
#12848=DIRECTION('',(0.780868809443029,-9.5628848803841E-17,0.624695047554426));
#12849=DIRECTION('center_axis',(0.,0.,-1.));
#12850=DIRECTION('ref_axis',(-1.,0.,0.));
#12851=DIRECTION('center_axis',(0.,0.,1.));
#12852=DIRECTION('ref_axis',(1.,0.,0.));
#12853=DIRECTION('center_axis',(0.,0.,-1.));
#12854=DIRECTION('ref_axis',(-1.,0.,0.));
#12855=DIRECTION('center_axis',(0.,0.,1.));
#12856=DIRECTION('ref_axis',(1.,0.,0.));
#12857=DIRECTION('center_axis',(0.,0.,-1.));
#12858=DIRECTION('ref_axis',(-1.,0.,0.));
#12859=DIRECTION('center_axis',(0.,0.,1.));
#12860=DIRECTION('ref_axis',(-1.,0.,0.));
#12861=DIRECTION('center_axis',(0.,0.,1.));
#12862=DIRECTION('ref_axis',(0.498555459956953,-0.86685780457184,0.));
#12863=DIRECTION('center_axis',(4.29656310529899E-13,-2.48539968001661E-13,
1.));
#12864=DIRECTION('ref_axis',(0.498555459956953,-0.86685780457184,-4.29656310529916E-13));
#12865=DIRECTION('',(4.18295390574481E-16,1.,0.));
#12866=DIRECTION('center_axis',(-0.707106781186542,2.95779507214288E-16,
-0.707106781186553));
#12867=DIRECTION('ref_axis',(0.707106781186553,-3.43457725337063E-16,-0.707106781186542));
#12868=DIRECTION('',(0.,0.,-1.));
#12869=DIRECTION('center_axis',(6.05410064616621E-16,0.0639957137321677,
0.997950173417446));
#12870=DIRECTION('ref_axis',(0.543675177528786,-0.837575306783177,0.0537113284709123));
#12871=DIRECTION('',(-0.612961031937231,-0.352531946533142,0.707106781186547));
#12872=DIRECTION('',(-0.612961031937231,-0.352531946533142,0.707106781186547));
#12873=DIRECTION('center_axis',(0.498555459956949,-0.866857804571843,0.));
#12874=DIRECTION('ref_axis',(0.866857804571843,0.498555459956949,0.));
#12875=DIRECTION('',(0.655013011958893,0.376717279042376,-0.655013011958883));
#12876=DIRECTION('',(0.866857804571553,0.498555459957453,0.));
#12877=DIRECTION('',(0.,0.,1.));
#12878=DIRECTION('',(-0.866857804571553,-0.498555459957453,0.));
#12879=DIRECTION('',(-0.612961031937231,-0.352531946533142,0.707106781186547));
#12880=DIRECTION('center_axis',(0.707106781186542,-2.95779507214288E-16,
0.707106781186553));
#12881=DIRECTION('ref_axis',(0.707106781186553,0.,-0.707106781186542));
#12882=DIRECTION('',(-0.707106781186553,4.90653893338677E-17,0.707106781186542));
#12883=DIRECTION('',(-4.18295390574481E-16,-1.,0.));
#12884=DIRECTION('center_axis',(0.,0.,-1.));
#12885=DIRECTION('ref_axis',(1.,0.,0.));
#12886=DIRECTION('',(-0.0894765398492322,-0.701422803176934,0.707106781186562));
#12887=DIRECTION('center_axis',(0.,0.,-1.));
#12888=DIRECTION('ref_axis',(1.,0.,0.));
#12889=DIRECTION('center_axis',(0.0894765398492489,0.701422803176939,0.707106781186556));
#12890=DIRECTION('ref_axis',(0.992088828912168,0.,-0.125537864995718));
#12891=DIRECTION('',(0.991961641210592,-0.126538936169026,0.));
#12892=DIRECTION('',(0.0322622688639405,-0.711623049113118,0.701820334543464));
#12893=DIRECTION('center_axis',(-0.152578684441305,0.690448944567341,0.707106781186552));
#12894=DIRECTION('ref_axis',(0.977502390873732,0.,0.210924336756425));
#12895=DIRECTION('',(-0.976442261533328,-0.215778844865939,0.));
#12896=DIRECTION('',(0.,-0.715484151870317,0.698628963343499));
#12897=DIRECTION('',(0.976442261533328,0.215778844865939,0.));
#12898=DIRECTION('center_axis',(-1.,0.,0.));
#12899=DIRECTION('ref_axis',(0.,-1.,0.));
#12900=DIRECTION('',(0.,0.,-1.));
#12901=DIRECTION('',(0.,-1.,0.));
#12902=DIRECTION('',(0.,0.,-1.));
#12903=DIRECTION('',(-3.25853842823962E-14,-1.,0.));
#12904=DIRECTION('center_axis',(-0.215778844865939,0.976442261533328,0.));
#12905=DIRECTION('ref_axis',(0.976442261533328,0.215778844865939,0.));
#12906=DIRECTION('',(-0.92514282378576,-0.204442451660201,0.31986565860823));
#12907=DIRECTION('',(0.976442261533328,0.215778844865939,0.));
#12908=DIRECTION('',(0.976442261533328,0.215778844865939,0.));
#12909=DIRECTION('center_axis',(5.99252705916548E-5,-0.707106778647305,
0.707106781186543));
#12910=DIRECTION('ref_axis',(0.999999996408962,0.,-8.47471300952663E-5));
#12911=DIRECTION('',(2.51764215565865E-5,-0.707106781165251,-0.707106780759643));
#12912=DIRECTION('',(-5.99252706029067E-5,0.707106778647295,0.707106781186552));
#12913=DIRECTION('',(-0.999999996408962,-8.47471303995952E-5,0.));
#12914=DIRECTION('center_axis',(-9.57242772879086E-6,-0.707106781121754,
0.707106781186548));
#12915=DIRECTION('ref_axis',(0.999999999908369,0.,1.35374571176518E-5));
#12916=DIRECTION('',(-0.999999999908369,1.35374571188923E-5,0.));
#12917=DIRECTION('',(-9.57242773566972E-6,-0.707106781121762,-0.70710678118654));
#12918=DIRECTION('center_axis',(0.0894765398492501,0.701422803176948,0.707106781186546));
#12919=DIRECTION('ref_axis',(0.992088828912168,0.,-0.125537864995721));
#12920=DIRECTION('',(-0.0894765398492469,-0.701422803176815,0.707106781186678));
#12921=DIRECTION('',(0.991961641210592,-0.126538936169026,0.));
#12922=DIRECTION('center_axis',(0.,0.,-1.));
#12923=DIRECTION('ref_axis',(0.126538936169018,0.991961641210593,0.));
#12924=DIRECTION('',(-0.000177458441631986,-0.707106758918684,0.707106781186559));
#12925=DIRECTION('center_axis',(0.,0.,-1.));
#12926=DIRECTION('ref_axis',(0.126538936169018,0.991961641210593,0.));
#12927=DIRECTION('center_axis',(0.000177458441641315,0.707106758918697,
0.707106781186545));
#12928=DIRECTION('ref_axis',(0.999999968508503,0.,-0.000250964127023507));
#12929=DIRECTION('',(-0.000177458441631984,-0.707106758918693,0.70710678118655));
#12930=DIRECTION('',(0.999999968508501,-0.000250964134926742,0.));
#12931=DIRECTION('center_axis',(0.,0.,-1.));
#12932=DIRECTION('ref_axis',(0.000250964134927701,0.999999968508501,0.));
#12933=DIRECTION('',(0.0891123746604049,-0.701469161604694,0.707106781186541));
#12934=DIRECTION('center_axis',(0.,0.,-1.));
#12935=DIRECTION('ref_axis',(0.000250964134927701,0.999999968508501,0.));
#12936=DIRECTION('center_axis',(-0.0891123746604062,0.701469161604687,0.707106781186549));
#12937=DIRECTION('ref_axis',(0.992152339525411,0.,0.125034935814966));
#12938=DIRECTION('',(0.0891123746604053,-0.70146916160469,0.707106781186545));
#12939=DIRECTION('',(0.992027201927834,0.126023928820019,0.));
#12940=DIRECTION('center_axis',(0.,0.,-1.));
#12941=DIRECTION('ref_axis',(-0.126023928819999,0.992027201927836,0.));
#12942=DIRECTION('',(0.707106781186565,-9.81307786677335E-17,0.70710678118653));
#12943=DIRECTION('center_axis',(0.,0.,-1.));
#12944=DIRECTION('ref_axis',(-0.126023928819999,0.992027201927836,0.));
#12945=DIRECTION('center_axis',(-0.707106781186543,0.,0.707106781186552));
#12946=DIRECTION('ref_axis',(0.707106781186552,0.,0.707106781186543));
#12947=DIRECTION('',(0.707106781186552,0.,0.707106781186543));
#12948=DIRECTION('',(0.,1.,0.));
#12949=DIRECTION('center_axis',(0.,0.,-1.));
#12950=DIRECTION('ref_axis',(-1.,0.,0.));
#12951=DIRECTION('',(0.248133251225427,0.662140385142305,0.707106781186476));
#12952=DIRECTION('center_axis',(0.,0.,-1.));
#12953=DIRECTION('ref_axis',(-1.,0.,0.));
#12954=DIRECTION('center_axis',(-0.248133251225406,-0.662140385142236,0.707106781186548));
#12955=DIRECTION('ref_axis',(0.943589305444962,0.,0.331118140019381));
#12956=DIRECTION('',(0.248133251225401,0.662140385142239,0.707106781186547));
#12957=DIRECTION('',(-0.936407912863096,0.3509134091587,0.));
#12958=DIRECTION('center_axis',(0.,0.,-1.));
#12959=DIRECTION('ref_axis',(-0.3509134091587,-0.936407912863096,0.));
#12960=DIRECTION('',(0.,0.70710678118654,0.707106781186555));
#12961=DIRECTION('center_axis',(0.,0.,-1.));
#12962=DIRECTION('ref_axis',(-0.3509134091587,-0.936407912863096,0.));
#12963=DIRECTION('center_axis',(6.84881410490597E-17,-0.707106781186549,
0.707106781186546));
#12964=DIRECTION('ref_axis',(1.,0.,-9.6856857933302E-17));
#12965=DIRECTION('',(-1.,-9.68568579333015E-17,0.));
#12966=DIRECTION('center_axis',(0.,0.,1.));
#12967=DIRECTION('ref_axis',(0.260173897857501,0.965561775793571,0.));
#12968=DIRECTION('',(0.183970727462775,0.682755279318152,0.707106781186554));
#12969=DIRECTION('center_axis',(0.,0.,1.));
#12970=DIRECTION('ref_axis',(0.260173897857501,0.965561775793571,0.));
#12971=DIRECTION('center_axis',(-0.183970727462776,-0.682755279318153,0.707106781186553));
#12972=DIRECTION('ref_axis',(0.967781507874883,0.,0.251791487178217));
#12973=DIRECTION('',(0.183970727462773,0.682755279318159,0.707106781186548));
#12974=DIRECTION('',(-0.96556177579357,0.260173897857504,0.));
#12975=DIRECTION('center_axis',(0.,0.,1.));
#12976=DIRECTION('ref_axis',(0.498951515902843,0.866629900694786,0.));
#12977=DIRECTION('',(0.352812000378261,0.612799879560391,0.707106781186449));
#12978=DIRECTION('center_axis',(0.,0.,1.));
#12979=DIRECTION('ref_axis',(0.498951515902843,0.866629900694786,0.));
#12980=DIRECTION('center_axis',(-0.352812000378206,-0.612799879560306,0.70710678118655));
#12981=DIRECTION('ref_axis',(0.894802150422497,0.,0.446462889386425));
#12982=DIRECTION('',(0.352812000378208,0.61279987956031,0.707106781186545));
#12983=DIRECTION('',(-0.866629900694786,0.498951515902843,0.));
#12984=DIRECTION('center_axis',(0.,0.,-1.));
#12985=DIRECTION('ref_axis',(-0.498951515902841,-0.866629900694787,0.));
#12986=DIRECTION('',(-0.612799879560204,0.352812000378145,0.707106781186669));
#12987=DIRECTION('center_axis',(0.,0.,-1.));
#12988=DIRECTION('ref_axis',(-0.498951515902841,-0.866629900694787,0.));
#12989=DIRECTION('center_axis',(0.61279987956032,-0.3528120003782,0.707106781186541));
#12990=DIRECTION('ref_axis',(0.755702833661516,0.,-0.654914671690867));
#12991=DIRECTION('',(-0.612799879560305,0.3528120003782,0.707106781186554));
#12992=DIRECTION('',(-0.498951515902827,-0.866629900694795,0.));
#12993=DIRECTION('center_axis',(0.,0.,-1.));
#12994=DIRECTION('ref_axis',(0.866629900694795,-0.498951515902827,0.));
#12995=DIRECTION('',(-0.355593327679894,-0.611190138426429,0.707106781186421));
#12996=DIRECTION('center_axis',(0.,0.,-1.));
#12997=DIRECTION('ref_axis',(0.866629900694795,-0.498951515902827,0.));
#12998=DIRECTION('center_axis',(0.355593327679833,0.611190138426337,0.707106781186532));
#12999=DIRECTION('ref_axis',(0.893393871221802,0.,-0.449274293570556));
#13000=DIRECTION('',(0.864353382951196,-0.502884906694189,0.));
#13001=DIRECTION('',(-0.355593327679814,-0.611190138426312,0.707106781186563));
#13002=DIRECTION('center_axis',(0.,0.,1.));
#13003=DIRECTION('ref_axis',(-0.983466529235307,-0.181089993853497,0.));
#13004=DIRECTION('center_axis',(0.,0.,1.));
#13005=DIRECTION('ref_axis',(-0.983466529235307,-0.181089993853497,0.));
#13006=DIRECTION('center_axis',(1.,0.,0.));
#13007=DIRECTION('ref_axis',(0.,1.,0.));
#13008=DIRECTION('',(0.,0.,1.));
#13009=DIRECTION('',(0.,1.,0.));
#13010=DIRECTION('',(0.,0.,-1.));
#13011=DIRECTION('center_axis',(0.,-1.,0.));
#13012=DIRECTION('ref_axis',(1.,0.,0.));
#13013=DIRECTION('',(0.,0.,1.));
#13014=DIRECTION('',(1.,0.,0.));
#13015=DIRECTION('center_axis',(-1.,0.,0.));
#13016=DIRECTION('ref_axis',(0.,-1.,0.));
#13017=DIRECTION('',(0.,0.,1.));
#13018=DIRECTION('',(0.,-1.,0.));
#13019=DIRECTION('center_axis',(0.,1.,0.));
#13020=DIRECTION('ref_axis',(-1.,0.,0.));
#13021=DIRECTION('',(-1.,0.,0.));
#13022=DIRECTION('center_axis',(0.,0.,1.));
#13023=DIRECTION('ref_axis',(1.,0.,0.));
#13024=DIRECTION('center_axis',(-0.3509134091587,-0.936407912863096,0.));
#13025=DIRECTION('ref_axis',(0.936407912863096,-0.3509134091587,0.));
#13026=DIRECTION('',(0.,0.,1.));
#13027=DIRECTION('',(0.936407912863096,-0.3509134091587,0.));
#13028=DIRECTION('',(0.,0.,-1.));
#13029=DIRECTION('center_axis',(-0.936407912863094,0.350913409158704,0.));
#13030=DIRECTION('ref_axis',(-0.350913409158704,-0.936407912863094,0.));
#13031=DIRECTION('',(0.,0.,1.));
#13032=DIRECTION('',(-0.350913409158704,-0.936407912863094,0.));
#13033=DIRECTION('center_axis',(0.3509134091587,0.936407912863096,0.));
#13034=DIRECTION('ref_axis',(-0.936407912863096,0.3509134091587,0.));
#13035=DIRECTION('',(0.,0.,1.));
#13036=DIRECTION('',(-0.936407912863096,0.3509134091587,0.));
#13037=DIRECTION('center_axis',(0.936407912863095,-0.350913409158701,0.));
#13038=DIRECTION('ref_axis',(0.350913409158701,0.936407912863095,0.));
#13039=DIRECTION('',(0.350913409158701,0.936407912863095,0.));
#13040=DIRECTION('center_axis',(0.,0.,1.));
#13041=DIRECTION('ref_axis',(1.,0.,0.));
#13042=DIRECTION('center_axis',(0.,0.,1.));
#13043=DIRECTION('ref_axis',(-1.,0.,0.));
#13044=DIRECTION('',(0.,0.,1.));
#13045=DIRECTION('center_axis',(-0.888840044694867,-0.458217606543907,0.));
#13046=DIRECTION('ref_axis',(0.458217606543907,-0.888840044694867,0.));
#13047=DIRECTION('',(0.,0.,1.));
#13048=DIRECTION('',(0.458217606543904,-0.888840044694868,0.));
#13049=DIRECTION('',(0.,0.,-1.));
#13050=DIRECTION('',(0.458217606543907,-0.888840044694867,0.));
#13051=DIRECTION('',(0.,0.,1.));
#13052=DIRECTION('center_axis',(5.49508949640856E-17,-1.,0.));
#13053=DIRECTION('ref_axis',(1.,5.49508949640856E-17,0.));
#13054=DIRECTION('',(0.,0.,1.));
#13055=DIRECTION('center_axis',(0.888840044694867,-0.458217606543908,0.));
#13056=DIRECTION('ref_axis',(0.458217606543908,0.888840044694867,0.));
#13057=DIRECTION('',(0.,0.,-1.));
#13058=DIRECTION('',(0.458217606543908,0.888840044694867,0.));
#13059=DIRECTION('',(0.,0.,1.));
#13060=DIRECTION('',(0.458217606543908,0.888840044694867,0.));
#13061=DIRECTION('center_axis',(-1.,0.,0.));
#13062=DIRECTION('ref_axis',(0.,-1.,0.));
#13063=DIRECTION('',(0.,0.,1.));
#13064=DIRECTION('',(0.,-1.,0.));
#13065=DIRECTION('',(0.,0.,-1.));
#13066=DIRECTION('',(0.,-1.,0.));
#13067=DIRECTION('',(0.,0.,1.));
#13068=DIRECTION('center_axis',(0.,-1.,0.));
#13069=DIRECTION('ref_axis',(1.,0.,0.));
#13070=DIRECTION('',(0.,0.,1.));
#13071=DIRECTION('center_axis',(0.00266082042463871,-0.999996460011068,
0.));
#13072=DIRECTION('ref_axis',(0.999996460011068,0.00266082042463871,0.));
#13073=DIRECTION('',(0.,0.,1.));
#13074=DIRECTION('center_axis',(1.,0.,0.));
#13075=DIRECTION('ref_axis',(0.,1.,0.));
#13076=DIRECTION('',(0.,0.,-1.));
#13077=DIRECTION('',(0.,1.,0.));
#13078=DIRECTION('',(0.,0.,1.));
#13079=DIRECTION('',(0.,1.,0.));
#13080=DIRECTION('center_axis',(0.,0.,1.));
#13081=DIRECTION('ref_axis',(1.,0.,0.));
#13082=DIRECTION('',(-1.,2.07372460922019E-13,0.));
#13083=DIRECTION('center_axis',(0.,0.,1.));
#13084=DIRECTION('ref_axis',(-1.,0.,0.));
#13085=DIRECTION('',(0.,0.,-1.));
#13086=DIRECTION('center_axis',(0.,0.,1.));
#13087=DIRECTION('ref_axis',(-1.,0.,0.));
#13088=DIRECTION('',(0.,0.,1.));
#13089=DIRECTION('center_axis',(0.,0.,-1.));
#13090=DIRECTION('ref_axis',(-1.,0.,0.));
#13091=DIRECTION('center_axis',(2.07372460922019E-13,1.,0.));
#13092=DIRECTION('ref_axis',(1.,-2.07372460922019E-13,0.));
#13093=DIRECTION('',(-1.,2.07372460922019E-13,0.));
#13094=DIRECTION('',(0.,0.,-1.));
#13095=DIRECTION('',(1.,-2.07372460922019E-13,0.));
#13096=DIRECTION('',(1.,-2.07372460922019E-13,0.));
#13097=DIRECTION('',(0.,0.,-1.));
#13098=DIRECTION('center_axis',(0.,0.,1.));
#13099=DIRECTION('ref_axis',(1.,0.,0.));
#13100=DIRECTION('',(1.,0.,0.));
#13101=DIRECTION('center_axis',(0.,0.,1.));
#13102=DIRECTION('ref_axis',(-0.707106781186561,-0.707106781186534,0.));
#13103=DIRECTION('',(0.,1.,0.));
#13104=DIRECTION('center_axis',(0.,0.,-1.));
#13105=DIRECTION('ref_axis',(1.,1.79767312147293E-10,0.));
#13106=DIRECTION('',(0.,1.,0.));
#13107=DIRECTION('center_axis',(0.,0.,1.));
#13108=DIRECTION('ref_axis',(-0.707106781186526,-0.70710678118657,0.));
#13109=DIRECTION('',(0.,-1.,0.));
#13110=DIRECTION('center_axis',(0.,0.,1.));
#13111=DIRECTION('ref_axis',(1.,0.,0.));
#13112=DIRECTION('center_axis',(0.,0.,1.));
#13113=DIRECTION('ref_axis',(-1.,-3.78543023511759E-18,0.));
#13114=DIRECTION('',(0.,-1.,0.));
#13115=DIRECTION('',(1.,3.75608581469039E-18,0.));
#13116=DIRECTION('',(0.,-1.,0.));
#13117=DIRECTION('',(-0.707106781186547,0.707106781186547,0.));
#13118=DIRECTION('center_axis',(0.,0.,1.));
#13119=DIRECTION('ref_axis',(-1.,-3.78543023511759E-18,0.));
#13120=DIRECTION('center_axis',(0.,0.,1.));
#13121=DIRECTION('ref_axis',(1.,0.,0.));
#13122=DIRECTION('',(-1.,6.37082196859263E-13,0.));
#13123=DIRECTION('center_axis',(1.,0.,0.));
#13124=DIRECTION('ref_axis',(0.,-1.,0.));
#13125=DIRECTION('',(0.,-1.,0.));
#13126=DIRECTION('',(0.,0.,-1.));
#13127=DIRECTION('center_axis',(1.,0.,0.));
#13128=DIRECTION('ref_axis',(0.,-1.,0.));
#13129=DIRECTION('',(0.,0.,1.));
#13130=DIRECTION('',(0.,-1.,0.));
#13131=DIRECTION('',(0.,0.,-1.));
#13132=DIRECTION('',(0.,1.,0.));
#13133=DIRECTION('center_axis',(0.,0.,1.));
#13134=DIRECTION('ref_axis',(1.,0.,0.));
#13135=DIRECTION('center_axis',(0.,0.,1.));
#13136=DIRECTION('ref_axis',(-0.707106781186522,0.707106781186573,0.));
#13137=DIRECTION('center_axis',(0.,0.,-1.));
#13138=DIRECTION('ref_axis',(1.,-4.8800469837969E-12,0.));
#13139=DIRECTION('center_axis',(0.,0.,-1.));
#13140=DIRECTION('ref_axis',(-0.500721749099791,-0.865608300548491,0.));
#13141=DIRECTION('',(0.,-1.,0.));
#13142=DIRECTION('center_axis',(0.502884906679538,0.86435338295972,0.));
#13143=DIRECTION('ref_axis',(0.86435338295972,-0.502884906679538,0.));
#13144=DIRECTION('',(0.86435338295972,-0.502884906679538,0.));
#13145=DIRECTION('',(0.,0.,-1.));
#13146=DIRECTION('',(0.86435338295972,-0.502884906679538,0.));
#13147=DIRECTION('',(0.,0.,-1.));
#13148=DIRECTION('center_axis',(0.,0.,-1.));
#13149=DIRECTION('ref_axis',(1.,-4.8800469837969E-12,0.));
#13150=DIRECTION('center_axis',(0.,0.,1.));
#13151=DIRECTION('ref_axis',(1.,-4.8800469837969E-12,0.));
#13152=DIRECTION('center_axis',(0.,0.,1.));
#13153=DIRECTION('ref_axis',(1.,-4.8800469837969E-12,0.));
#13154=DIRECTION('center_axis',(0.,0.,-1.));
#13155=DIRECTION('ref_axis',(1.,1.79767312147293E-10,0.));
#13156=DIRECTION('center_axis',(0.,0.,1.));
#13157=DIRECTION('ref_axis',(1.,1.79767312147293E-10,0.));
#13158=DIRECTION('',(0.,0.,-1.));
#13159=DIRECTION('center_axis',(1.,0.,0.));
#13160=DIRECTION('ref_axis',(0.,-1.,0.));
#13161=DIRECTION('',(0.,-1.,0.));
#13162=DIRECTION('',(0.,-1.,0.));
#13163=DIRECTION('',(0.,0.,-1.));
#13164=DIRECTION('center_axis',(2.99514867887858E-12,1.,0.));
#13165=DIRECTION('ref_axis',(1.,-2.99514867887859E-12,0.));
#13166=DIRECTION('',(1.,-2.99514867887859E-12,0.));
#13167=DIRECTION('',(1.,-2.99514867887859E-12,0.));
#13168=DIRECTION('',(0.,0.,-1.));
#13169=DIRECTION('center_axis',(0.00562775203994597,0.9999841640781,0.));
#13170=DIRECTION('ref_axis',(0.9999841640781,-0.00562775203994597,0.));
#13171=DIRECTION('',(0.9999841640781,-0.00562775203994597,0.));
#13172=DIRECTION('',(0.9999841640781,-0.00562775203994597,0.));
#13173=DIRECTION('',(0.,0.,-1.));
#13174=DIRECTION('center_axis',(0.,0.,-1.));
#13175=DIRECTION('ref_axis',(1.,1.29385391289807E-10,0.));
#13176=DIRECTION('center_axis',(0.,0.,1.));
#13177=DIRECTION('ref_axis',(1.,1.29385391289807E-10,0.));
#13178=DIRECTION('center_axis',(0.,0.,1.));
#13179=DIRECTION('ref_axis',(1.,1.29385391289807E-10,0.));
#13180=DIRECTION('',(0.,0.,-1.));
#13181=DIRECTION('center_axis',(1.,4.85312198613647E-11,0.));
#13182=DIRECTION('ref_axis',(4.85312198613647E-11,-1.,0.));
#13183=DIRECTION('',(4.85312198613647E-11,-1.,0.));
#13184=DIRECTION('',(4.85312198613647E-11,-1.,0.));
#13185=DIRECTION('',(0.,0.,-1.));
#13186=DIRECTION('center_axis',(0.00714248447387822,0.999974492132445,0.));
#13187=DIRECTION('ref_axis',(0.999974492132445,-0.00714248447387822,0.));
#13188=DIRECTION('',(0.999974492132445,-0.00714248447387822,0.));
#13189=DIRECTION('',(0.999974492132445,-0.00714248447387822,0.));
#13190=DIRECTION('',(0.,0.,-1.));
#13191=DIRECTION('center_axis',(0.,0.,-1.));
#13192=DIRECTION('ref_axis',(1.,8.23341395061961E-11,0.));
#13193=DIRECTION('center_axis',(0.,0.,1.));
#13194=DIRECTION('ref_axis',(1.,8.23341395061961E-11,0.));
#13195=DIRECTION('center_axis',(0.,0.,1.));
#13196=DIRECTION('ref_axis',(1.,8.23341395061961E-11,0.));
#13197=DIRECTION('',(0.,0.,-1.));
#13198=DIRECTION('center_axis',(1.,5.14161908549162E-11,0.));
#13199=DIRECTION('ref_axis',(5.14161908549162E-11,-1.,0.));
#13200=DIRECTION('',(5.14161908549162E-11,-1.,0.));
#13201=DIRECTION('',(5.14161908549162E-11,-1.,0.));
#13202=DIRECTION('',(0.,0.,-1.));
#13203=DIRECTION('center_axis',(0.000250964136164478,0.999999968508501,
0.));
#13204=DIRECTION('ref_axis',(0.999999968508501,-0.000250964136164478,0.));
#13205=DIRECTION('',(0.999999968508501,-0.000250964136164478,0.));
#13206=DIRECTION('',(0.999999968508501,-0.000250964136164478,0.));
#13207=DIRECTION('',(0.,0.,-1.));
#13208=DIRECTION('center_axis',(-0.999999921498232,0.000396236709760558,
0.));
#13209=DIRECTION('ref_axis',(0.000396236709760558,0.999999921498232,0.));
#13210=DIRECTION('',(0.000396236709760558,0.999999921498232,0.));
#13211=DIRECTION('',(0.000396236709760558,0.999999921498232,0.));
#13212=DIRECTION('',(0.,0.,-1.));
#13213=DIRECTION('center_axis',(0.,0.,-1.));
#13214=DIRECTION('ref_axis',(1.05604414102342E-10,1.,0.));
#13215=DIRECTION('center_axis',(0.,0.,1.));
#13216=DIRECTION('ref_axis',(1.05604414102342E-10,1.,0.));
#13217=DIRECTION('center_axis',(0.,0.,1.));
#13218=DIRECTION('ref_axis',(1.05604414102342E-10,1.,0.));
#13219=DIRECTION('',(0.,0.,-1.));
#13220=DIRECTION('center_axis',(6.41016752006888E-13,1.,0.));
#13221=DIRECTION('ref_axis',(1.,-6.41016752006888E-13,0.));
#13222=DIRECTION('',(1.,-6.41016752006888E-13,0.));
#13223=DIRECTION('',(1.,-6.41016752006888E-13,0.));
#13224=DIRECTION('',(0.,0.,-1.));
#13225=DIRECTION('center_axis',(-1.,-5.37433546055657E-13,0.));
#13226=DIRECTION('ref_axis',(-5.37433546055657E-13,1.,0.));
#13227=DIRECTION('',(0.,0.,-1.));
#13228=DIRECTION('',(-5.37433546055657E-13,1.,0.));
#13229=DIRECTION('',(-5.37433546055657E-13,1.,0.));
#13230=DIRECTION('center_axis',(0.,0.,-1.));
#13231=DIRECTION('ref_axis',(9.63673585374614E-11,1.,0.));
#13232=DIRECTION('',(0.,0.,-1.));
#13233=DIRECTION('center_axis',(0.,0.,1.));
#13234=DIRECTION('ref_axis',(9.63673585374614E-11,1.,0.));
#13235=DIRECTION('center_axis',(0.,0.,1.));
#13236=DIRECTION('ref_axis',(9.63673585374614E-11,1.,0.));
#13237=DIRECTION('center_axis',(6.37082196859263E-13,1.,0.));
#13238=DIRECTION('ref_axis',(1.,-6.37082196859263E-13,0.));
#13239=DIRECTION('',(0.,0.,-1.));
#13240=DIRECTION('',(1.,-6.37082196859263E-13,0.));
#13241=DIRECTION('',(1.,-6.37082196859263E-13,0.));
#13242=DIRECTION('',(1.,-6.37082196859263E-13,0.));
#13243=DIRECTION('center_axis',(-1.,0.,0.));
#13244=DIRECTION('ref_axis',(0.,1.,0.));
#13245=DIRECTION('',(0.,1.,0.));
#13246=DIRECTION('',(0.,1.,0.));
#13247=DIRECTION('',(0.,0.,-1.));
#13248=DIRECTION('center_axis',(5.40075182228344E-13,-1.,0.));
#13249=DIRECTION('ref_axis',(-1.,-5.40075182228344E-13,0.));
#13250=DIRECTION('',(-1.,-5.40075182228344E-13,0.));
#13251=DIRECTION('',(-1.,-5.40075182228344E-13,0.));
#13252=DIRECTION('',(0.,0.,-1.));
#13253=DIRECTION('center_axis',(0.,0.,-1.));
#13254=DIRECTION('ref_axis',(-1.,-5.81978909508519E-11,0.));
#13255=DIRECTION('center_axis',(0.,0.,1.));
#13256=DIRECTION('ref_axis',(-1.,-5.81978909508519E-11,0.));
#13257=DIRECTION('center_axis',(0.,0.,1.));
#13258=DIRECTION('ref_axis',(-1.,-5.81978909508519E-11,0.));
#13259=DIRECTION('',(0.,0.,-1.));
#13260=DIRECTION('center_axis',(-1.,1.21515376029509E-13,0.));
#13261=DIRECTION('ref_axis',(1.21515376029509E-13,1.,0.));
#13262=DIRECTION('',(1.21515376029509E-13,1.,0.));
#13263=DIRECTION('',(1.21515376029509E-13,1.,0.));
#13264=DIRECTION('',(0.,0.,-1.));
#13265=DIRECTION('center_axis',(0.,-1.,0.));
#13266=DIRECTION('ref_axis',(-1.,0.,0.));
#13267=DIRECTION('',(-1.,0.,0.));
#13268=DIRECTION('',(-1.,0.,0.));
#13269=DIRECTION('',(0.,0.,-1.));
#13270=DIRECTION('center_axis',(1.,-1.16270576145986E-11,0.));
#13271=DIRECTION('ref_axis',(-1.16270576145986E-11,-1.,0.));
#13272=DIRECTION('',(-1.16270576145986E-11,-1.,0.));
#13273=DIRECTION('',(-1.16270576145986E-11,-1.,0.));
#13274=DIRECTION('',(0.,0.,-1.));
#13275=DIRECTION('center_axis',(0.,0.,-1.));
#13276=DIRECTION('ref_axis',(-8.29558643999898E-11,-1.,0.));
#13277=DIRECTION('center_axis',(0.,0.,1.));
#13278=DIRECTION('ref_axis',(-8.29558643999898E-11,-1.,0.));
#13279=DIRECTION('center_axis',(0.,0.,1.));
#13280=DIRECTION('ref_axis',(-8.29558643999898E-11,-1.,0.));
#13281=DIRECTION('',(0.,0.,-1.));
#13282=DIRECTION('center_axis',(0.,-1.,0.));
#13283=DIRECTION('ref_axis',(-1.,0.,0.));
#13284=DIRECTION('',(-1.,0.,0.));
#13285=DIRECTION('',(-1.,0.,0.));
#13286=DIRECTION('',(0.,0.,-1.));
#13287=DIRECTION('center_axis',(0.,0.,-1.));
#13288=DIRECTION('ref_axis',(-1.,-9.55457934992345E-11,0.));
#13289=DIRECTION('center_axis',(0.,0.,1.));
#13290=DIRECTION('ref_axis',(-1.,-9.55457934992345E-11,0.));
#13291=DIRECTION('center_axis',(0.,0.,1.));
#13292=DIRECTION('ref_axis',(-1.,-9.55457934992345E-11,0.));
#13293=DIRECTION('',(0.,0.,-1.));
#13294=DIRECTION('center_axis',(-1.,-4.24348997569142E-11,0.));
#13295=DIRECTION('ref_axis',(-4.24348997569142E-11,1.,0.));
#13296=DIRECTION('',(-4.24348997569142E-11,1.,0.));
#13297=DIRECTION('',(-4.24348997569142E-11,1.,0.));
#13298=DIRECTION('',(0.,0.,-1.));
#13299=DIRECTION('center_axis',(8.47471289002712E-5,-0.999999996408962,
0.));
#13300=DIRECTION('ref_axis',(-0.999999996408962,-8.47471289002712E-5,0.));
#13301=DIRECTION('',(-0.999999996408962,-8.47471289002712E-5,0.));
#13302=DIRECTION('',(-0.999999996408962,-8.47471289002712E-5,0.));
#13303=DIRECTION('',(0.,0.,-1.));
#13304=DIRECTION('center_axis',(0.,0.,-1.));
#13305=DIRECTION('ref_axis',(-0.999998645832735,-0.00164570127820686,0.));
#13306=DIRECTION('center_axis',(0.,0.,1.));
#13307=DIRECTION('ref_axis',(-0.999998645832735,-0.00164570127820686,0.));
#13308=DIRECTION('center_axis',(0.,0.,1.));
#13309=DIRECTION('ref_axis',(-0.999998645832735,-0.00164570127820686,0.));
#13310=DIRECTION('',(0.,0.,-1.));
#13311=DIRECTION('center_axis',(-0.999998645832602,-0.00164570135860135,
0.));
#13312=DIRECTION('ref_axis',(-0.00164570135860135,0.999998645832602,0.));
#13313=DIRECTION('',(-0.00164570135860135,0.999998645832602,0.));
#13314=DIRECTION('',(-0.00164570135860135,0.999998645832602,0.));
#13315=DIRECTION('',(0.,0.,-1.));
#13316=DIRECTION('center_axis',(-0.260173897853948,-0.965561775794529,0.));
#13317=DIRECTION('ref_axis',(-0.965561775794529,0.260173897853948,0.));
#13318=DIRECTION('',(-0.965561775794529,0.260173897853948,0.));
#13319=DIRECTION('',(-0.965561775794529,0.260173897853948,0.));
#13320=DIRECTION('',(0.,0.,-1.));
#13321=DIRECTION('center_axis',(0.,0.,-1.));
#13322=DIRECTION('ref_axis',(-0.498951515991293,-0.866629900643862,0.));
#13323=DIRECTION('center_axis',(0.,0.,1.));
#13324=DIRECTION('ref_axis',(-0.498951515991293,-0.866629900643862,0.));
#13325=DIRECTION('center_axis',(0.,0.,1.));
#13326=DIRECTION('ref_axis',(-0.498951515991293,-0.866629900643862,0.));
#13327=DIRECTION('',(0.,0.,-1.));
#13328=DIRECTION('center_axis',(-0.498951515904377,-0.866629900693903,0.));
#13329=DIRECTION('ref_axis',(-0.866629900693903,0.498951515904377,0.));
#13330=DIRECTION('',(-0.866629900693903,0.498951515904377,0.));
#13331=DIRECTION('',(-0.866629900693903,0.498951515904377,0.));
#13332=DIRECTION('',(0.,0.,-1.));
#13333=DIRECTION('center_axis',(0.866629900700717,-0.498951515892541,0.));
#13334=DIRECTION('ref_axis',(-0.498951515892541,-0.866629900700717,0.));
#13335=DIRECTION('',(-0.498951515892541,-0.866629900700717,0.));
#13336=DIRECTION('',(-0.498951515892541,-0.866629900700717,0.));
#13337=DIRECTION('center_axis',(0.,0.,-1.));
#13338=DIRECTION('ref_axis',(-0.707106781186522,0.707106781186573,0.));
#13339=DIRECTION('center_axis',(0.,0.,-1.));
#13340=DIRECTION('ref_axis',(-0.707106781186522,0.707106781186573,0.));
#13341=DIRECTION('',(0.,0.,1.));
#13342=DIRECTION('center_axis',(0.,0.,1.));
#13343=DIRECTION('ref_axis',(-0.707106781186522,0.707106781186573,0.));
#13344=DIRECTION('',(0.,0.,1.));
#13345=DIRECTION('center_axis',(0.,0.,-1.));
#13346=DIRECTION('ref_axis',(-0.707106781186522,0.707106781186573,0.));
#13347=DIRECTION('',(0.,0.,1.));
#13348=DIRECTION('center_axis',(0.,0.,1.));
#13349=DIRECTION('ref_axis',(1.,0.,0.));
#13350=DIRECTION('center_axis',(0.,0.,-1.));
#13351=DIRECTION('ref_axis',(-0.500721749099791,-0.865608300548491,0.));
#13352=DIRECTION('center_axis',(0.,0.,1.));
#13353=DIRECTION('ref_axis',(-0.866857804571848,-0.49855545995694,0.));
#13354=DIRECTION('center_axis',(0.,0.,-1.));
#13355=DIRECTION('ref_axis',(-0.866857804571848,-0.49855545995694,0.));
#13356=DIRECTION('',(0.,0.,-1.));
#13357=DIRECTION('',(0.,0.,-1.));
#13358=DIRECTION('center_axis',(-1.,0.,0.));
#13359=DIRECTION('ref_axis',(0.,-1.,0.));
#13360=DIRECTION('',(0.,1.,0.));
#13361=DIRECTION('',(0.,0.,1.));
#13362=DIRECTION('',(0.,0.,-1.));
#13363=DIRECTION('center_axis',(-1.,0.,0.));
#13364=DIRECTION('ref_axis',(0.,-1.,0.));
#13365=DIRECTION('',(0.,0.,-1.));
#13366=DIRECTION('',(0.,-1.,0.));
#13367=DIRECTION('',(0.,0.,1.));
#13368=DIRECTION('',(0.,0.,-1.));
#13369=DIRECTION('',(0.,-1.,0.));
#13370=DIRECTION('center_axis',(-1.,0.,0.));
#13371=DIRECTION('ref_axis',(0.,-1.,0.));
#13372=DIRECTION('',(0.,1.,0.));
#13373=DIRECTION('',(0.,0.,1.));
#13374=DIRECTION('center_axis',(-1.,0.,0.));
#13375=DIRECTION('ref_axis',(0.,-1.,0.));
#13376=DIRECTION('',(0.,1.,0.));
#13377=DIRECTION('',(0.,-1.,0.));
#13378=DIRECTION('',(0.,0.,1.));
#13379=DIRECTION('center_axis',(0.,-1.,0.));
#13380=DIRECTION('ref_axis',(1.,0.,0.));
#13381=DIRECTION('',(-1.,0.,0.));
#13382=DIRECTION('',(0.,0.,1.));
#13383=DIRECTION('center_axis',(0.,-1.,0.));
#13384=DIRECTION('ref_axis',(1.,0.,0.));
#13385=DIRECTION('',(1.,0.,0.));
#13386=DIRECTION('',(0.,0.,1.));
#13387=DIRECTION('center_axis',(1.,0.,0.));
#13388=DIRECTION('ref_axis',(0.,1.,0.));
#13389=DIRECTION('',(0.,-1.,0.));
#13390=DIRECTION('',(0.,0.,1.));
#13391=DIRECTION('',(0.,0.,1.));
#13392=DIRECTION('center_axis',(0.,1.,0.));
#13393=DIRECTION('ref_axis',(-1.,0.,0.));
#13394=DIRECTION('',(1.,0.,0.));
#13395=DIRECTION('',(0.,0.,1.));
#13396=DIRECTION('',(0.,0.,1.));
#13397=DIRECTION('center_axis',(0.,1.,0.));
#13398=DIRECTION('ref_axis',(-1.,0.,0.));
#13399=DIRECTION('',(1.,0.,0.));
#13400=DIRECTION('',(0.,0.,1.));
#13401=DIRECTION('',(0.,0.,1.));
#13402=DIRECTION('center_axis',(1.,0.,0.));
#13403=DIRECTION('ref_axis',(0.,1.,0.));
#13404=DIRECTION('',(0.,-1.,0.));
#13405=DIRECTION('',(0.,0.,1.));
#13406=DIRECTION('center_axis',(1.,0.,0.));
#13407=DIRECTION('ref_axis',(0.,1.,0.));
#13408=DIRECTION('',(0.,-1.,0.));
#13409=DIRECTION('',(0.,0.,1.));
#13410=DIRECTION('',(0.,0.,1.));
#13411=DIRECTION('center_axis',(1.,0.,0.));
#13412=DIRECTION('ref_axis',(0.,1.,0.));
#13413=DIRECTION('',(0.,-1.,0.));
#13414=DIRECTION('',(0.,0.,1.));
#13415=DIRECTION('',(0.,0.,1.));
#13416=DIRECTION('center_axis',(1.,0.,0.));
#13417=DIRECTION('ref_axis',(0.,1.,0.));
#13418=DIRECTION('',(0.,-1.,0.));
#13419=DIRECTION('',(0.,0.,1.));
#13420=DIRECTION('',(0.,0.,1.));
#13421=DIRECTION('center_axis',(0.,-1.,0.));
#13422=DIRECTION('ref_axis',(1.,0.,0.));
#13423=DIRECTION('',(-1.,0.,0.));
#13424=DIRECTION('',(0.,0.,1.));
#13425=DIRECTION('center_axis',(-1.,0.,0.));
#13426=DIRECTION('ref_axis',(0.,1.,0.));
#13427=DIRECTION('',(0.,0.,-1.));
#13428=DIRECTION('',(0.,0.707106781186551,-0.707106781186544));
#13429=DIRECTION('',(0.,0.,-1.));
#13430=DIRECTION('center_axis',(0.,0.,1.));
#13431=DIRECTION('ref_axis',(-0.707106781186561,-0.707106781186534,0.));
#13432=DIRECTION('center_axis',(0.,0.,1.));
#13433=DIRECTION('ref_axis',(1.,0.,0.));
#13434=DIRECTION('center_axis',(0.,0.,1.));
#13435=DIRECTION('ref_axis',(1.,0.,0.));
#13436=DIRECTION('center_axis',(0.,0.,-1.));
#13437=DIRECTION('ref_axis',(1.,0.,0.));
#13438=DIRECTION('center_axis',(0.,0.,1.));
#13439=DIRECTION('ref_axis',(1.,0.,0.));
#13440=DIRECTION('center_axis',(0.,0.,1.));
#13441=DIRECTION('ref_axis',(1.,0.,0.));
#13442=DIRECTION('center_axis',(0.,0.,-1.));
#13443=DIRECTION('ref_axis',(1.,0.,0.));
#13444=DIRECTION('center_axis',(0.,0.,1.));
#13445=DIRECTION('ref_axis',(1.,0.,0.));
#13446=DIRECTION('center_axis',(0.,0.,1.));
#13447=DIRECTION('ref_axis',(1.,0.,0.));
#13448=DIRECTION('center_axis',(0.,0.,-1.));
#13449=DIRECTION('ref_axis',(1.,0.,0.));
#13450=DIRECTION('center_axis',(0.,0.,1.));
#13451=DIRECTION('ref_axis',(1.,0.,0.));
#13452=DIRECTION('center_axis',(0.,0.,1.));
#13453=DIRECTION('ref_axis',(1.,0.,0.));
#13454=DIRECTION('center_axis',(0.,0.,-1.));
#13455=DIRECTION('ref_axis',(1.,0.,0.));
#13456=DIRECTION('center_axis',(0.,0.,1.));
#13457=DIRECTION('ref_axis',(1.,0.,0.));
#13458=DIRECTION('center_axis',(0.,0.,1.));
#13459=DIRECTION('ref_axis',(1.,0.,0.));
#13460=DIRECTION('center_axis',(0.,0.,-1.));
#13461=DIRECTION('ref_axis',(1.,0.,0.));
#13462=DIRECTION('center_axis',(-0.707106781186548,-0.707106781186548,0.));
#13463=DIRECTION('ref_axis',(0.,0.,1.));
#13464=DIRECTION('',(0.577350269189678,-0.577350269189678,-0.57735026918952));
#13465=DIRECTION('',(0.,0.,-1.));
#13466=DIRECTION('',(0.,0.,-1.));
#13467=DIRECTION('center_axis',(-0.707106781186451,0.,-0.707106781186644));
#13468=DIRECTION('ref_axis',(-0.707106781186644,0.,0.707106781186451));
#13469=DIRECTION('',(0.,1.,0.));
#13470=DIRECTION('',(0.577350269189729,0.577350269189577,-0.577350269189571));
#13471=DIRECTION('center_axis',(0.,-0.707106781186544,-0.707106781186551));
#13472=DIRECTION('ref_axis',(-1.,0.,0.));
#13473=DIRECTION('',(-1.,-3.75608581469039E-18,0.));
#13474=DIRECTION('center_axis',(0.,-1.,0.));
#13475=DIRECTION('ref_axis',(1.,0.,0.));
#13476=DIRECTION('',(-1.,0.,0.));
#13477=DIRECTION('',(0.,0.,1.));
#13478=DIRECTION('center_axis',(0.,0.,1.));
#13479=DIRECTION('ref_axis',(-0.500721749099791,-0.865608300548491,0.));
#13480=DIRECTION('center_axis',(3.75608581469039E-18,-1.,0.));
#13481=DIRECTION('ref_axis',(-1.,-3.75608581469039E-18,0.));
#13482=DIRECTION('',(0.,0.,-1.));
#13483=DIRECTION('center_axis',(-1.,0.,0.));
#13484=DIRECTION('ref_axis',(0.,1.,0.));
#13485=DIRECTION('center_axis',(1.,0.,0.));
#13486=DIRECTION('ref_axis',(0.,1.,0.));
#13487=DIRECTION('',(0.,-1.,0.));
#13488=DIRECTION('',(0.,0.,-1.));
#13489=DIRECTION('',(0.,0.,1.));
#13490=DIRECTION('center_axis',(0.,-1.,0.));
#13491=DIRECTION('ref_axis',(1.,0.,0.));
#13492=DIRECTION('',(-1.,0.,0.));
#13493=DIRECTION('',(0.,0.,1.));
#13494=DIRECTION('center_axis',(0.,0.,-1.));
#13495=DIRECTION('ref_axis',(-1.,0.,0.));
#13496=DIRECTION('center_axis',(0.,0.,1.));
#13497=DIRECTION('ref_axis',(-1.,0.,0.));
#13498=DIRECTION('center_axis',(0.,0.,-1.));
#13499=DIRECTION('ref_axis',(-1.,0.,0.));
#13500=DIRECTION('',(0.,0.,-1.));
#13501=DIRECTION('center_axis',(0.,0.,1.));
#13502=DIRECTION('ref_axis',(0.,-1.,0.));
#13503=DIRECTION('center_axis',(0.,0.,1.));
#13504=DIRECTION('ref_axis',(-0.707106781186526,-0.70710678118657,0.));
#13505=DIRECTION('',(0.,-1.,0.));
#13506=DIRECTION('center_axis',(0.,0.,1.));
#13507=DIRECTION('ref_axis',(1.,0.,0.));
#13508=DIRECTION('',(0.,1.,0.));
#13509=DIRECTION('',(-1.,0.,0.));
#13510=DIRECTION('',(0.,1.,0.));
#13511=DIRECTION('center_axis',(0.,0.,-1.));
#13512=DIRECTION('ref_axis',(-0.707106781186526,-0.70710678118657,0.));
#13513=DIRECTION('center_axis',(0.,0.,1.));
#13514=DIRECTION('ref_axis',(-0.707106781186526,-0.70710678118657,0.));
#13515=DIRECTION('center_axis',(0.,0.,-1.));
#13516=DIRECTION('ref_axis',(-0.707106781186526,-0.70710678118657,0.));
#13517=DIRECTION('center_axis',(1.,0.,0.));
#13518=DIRECTION('ref_axis',(0.,0.,-1.));
#13519=DIRECTION('center_axis',(0.,0.,1.));
#13520=DIRECTION('ref_axis',(1.,0.,0.));
#13521=DIRECTION('',(0.,0.,1.));
#13522=DIRECTION('center_axis',(0.,0.,1.));
#13523=DIRECTION('ref_axis',(1.,0.,0.));
#13524=DIRECTION('',(0.,0.,1.));
#13525=DIRECTION('center_axis',(0.,-1.,0.));
#13526=DIRECTION('ref_axis',(1.,0.,0.));
#13527=DIRECTION('',(-1.,0.,0.));
#13528=DIRECTION('',(0.,0.,1.));
#13529=DIRECTION('center_axis',(0.,1.,0.));
#13530=DIRECTION('ref_axis',(-1.,0.,0.));
#13531=DIRECTION('',(1.,0.,0.));
#13532=DIRECTION('',(0.,0.,1.));
#13533=DIRECTION('',(0.,0.,1.));
#13534=DIRECTION('center_axis',(1.,0.,0.));
#13535=DIRECTION('ref_axis',(0.,1.,0.));
#13536=DIRECTION('',(0.,-1.,0.));
#13537=DIRECTION('',(0.,0.,1.));
#13538=DIRECTION('',(0.,0.,1.));
#13539=DIRECTION('center_axis',(0.498951515902829,0.866629900694794,0.));
#13540=DIRECTION('ref_axis',(-0.866629900694794,0.498951515902829,0.));
#13541=DIRECTION('',(0.866629900694794,-0.498951515902829,0.));
#13542=DIRECTION('',(0.,0.,1.));
#13543=DIRECTION('',(0.,0.,1.));
#13544=DIRECTION('center_axis',(0.,0.,1.));
#13545=DIRECTION('ref_axis',(1.,0.,0.));
#13546=DIRECTION('center_axis',(0.,0.,1.));
#13547=DIRECTION('ref_axis',(1.,0.,0.));
#13548=DIRECTION('',(0.,0.,-1.));
#13549=DIRECTION('center_axis',(0.,0.,1.));
#13550=DIRECTION('ref_axis',(1.,0.,0.));
#13551=DIRECTION('center_axis',(0.,-1.,0.));
#13552=DIRECTION('ref_axis',(1.,0.,0.));
#13553=DIRECTION('',(0.,0.,1.));
#13554=DIRECTION('',(0.,0.,-1.));
#13555=DIRECTION('',(-1.,0.,0.));
#13556=DIRECTION('center_axis',(-1.,0.,0.));
#13557=DIRECTION('ref_axis',(0.,-1.,0.));
#13558=DIRECTION('center_axis',(0.,0.,1.));
#13559=DIRECTION('ref_axis',(1.,0.,0.));
#13560=DIRECTION('center_axis',(0.,0.,-1.));
#13561=DIRECTION('ref_axis',(1.,-8.70763156568754E-16,0.));
#13562=DIRECTION('center_axis',(0.,1.,0.));
#13563=DIRECTION('ref_axis',(-1.,0.,0.));
#13564=DIRECTION('center_axis',(0.,0.,1.));
#13565=DIRECTION('ref_axis',(1.,0.,0.));
#13566=DIRECTION('',(0.,0.,-1.));
#13567=DIRECTION('center_axis',(0.,0.,1.));
#13568=DIRECTION('ref_axis',(1.,0.,0.));
#13569=DIRECTION('center_axis',(0.,0.,-1.));
#13570=DIRECTION('ref_axis',(1.,0.,0.));
#13571=DIRECTION('center_axis',(0.,1.,0.));
#13572=DIRECTION('ref_axis',(-1.,0.,0.));
#13573=DIRECTION('center_axis',(0.,0.,1.));
#13574=DIRECTION('ref_axis',(1.,0.,0.));
#13575=DIRECTION('',(0.,0.,-1.));
#13576=DIRECTION('center_axis',(0.,0.,1.));
#13577=DIRECTION('ref_axis',(1.,0.,0.));
#13578=DIRECTION('center_axis',(0.,0.,-1.));
#13579=DIRECTION('ref_axis',(1.,0.,0.));
#13580=DIRECTION('center_axis',(0.,1.,0.));
#13581=DIRECTION('ref_axis',(-1.,0.,0.));
#13582=DIRECTION('center_axis',(0.,0.,1.));
#13583=DIRECTION('ref_axis',(1.,0.,0.));
#13584=DIRECTION('',(0.,0.,-1.));
#13585=DIRECTION('center_axis',(0.,0.,1.));
#13586=DIRECTION('ref_axis',(1.,0.,0.));
#13587=DIRECTION('center_axis',(0.,0.,-1.));
#13588=DIRECTION('ref_axis',(1.,0.,0.));
#13589=DIRECTION('center_axis',(0.,1.,0.));
#13590=DIRECTION('ref_axis',(-1.,0.,0.));
#13591=DIRECTION('center_axis',(0.,0.,1.));
#13592=DIRECTION('ref_axis',(1.,0.,0.));
#13593=DIRECTION('',(0.,0.,-1.));
#13594=DIRECTION('center_axis',(0.,0.,1.));
#13595=DIRECTION('ref_axis',(1.,0.,0.));
#13596=DIRECTION('center_axis',(0.,0.,-1.));
#13597=DIRECTION('ref_axis',(1.,0.,0.));
#13598=DIRECTION('center_axis',(0.,1.,0.));
#13599=DIRECTION('ref_axis',(-1.,0.,0.));
#13600=DIRECTION('center_axis',(0.,0.,1.));
#13601=DIRECTION('ref_axis',(1.,0.,0.));
#13602=DIRECTION('',(0.,0.,-1.));
#13603=DIRECTION('center_axis',(-0.498555459956949,0.866857804571843,0.));
#13604=DIRECTION('ref_axis',(-0.866857804571843,-0.498555459956949,0.));
#13605=DIRECTION('',(0.,0.,1.));
#13606=DIRECTION('',(-0.866857804571843,-0.498555459956949,0.));
#13607=DIRECTION('center_axis',(0.,1.,0.));
#13608=DIRECTION('ref_axis',(-1.,0.,0.));
#13609=DIRECTION('',(1.,0.,0.));
#13610=DIRECTION('',(0.,0.,1.));
#13611=DIRECTION('center_axis',(-8.47471303984265E-5,0.999999996408962,
0.));
#13612=DIRECTION('ref_axis',(-0.999999996408962,-8.47471303984265E-5,0.));
#13613=DIRECTION('',(0.999999996408962,8.47471303984265E-5,0.));
#13614=DIRECTION('',(0.,0.,1.));
#13615=DIRECTION('center_axis',(0.260173897857506,0.96556177579357,0.));
#13616=DIRECTION('ref_axis',(-0.96556177579357,0.260173897857506,0.));
#13617=DIRECTION('',(0.96556177579357,-0.260173897857506,0.));
#13618=DIRECTION('',(0.,0.,1.));
#13619=DIRECTION('',(0.,0.,1.));
#13620=DIRECTION('center_axis',(0.,0.,1.));
#13621=DIRECTION('ref_axis',(1.,0.,0.));
#13622=DIRECTION('center_axis',(0.,0.,-1.));
#13623=DIRECTION('ref_axis',(1.,0.,0.));
#13624=DIRECTION('center_axis',(0.,0.,1.));
#13625=DIRECTION('ref_axis',(1.,0.,0.));
#13626=DIRECTION('center_axis',(0.,0.,-1.));
#13627=DIRECTION('ref_axis',(1.,0.,0.));
#13628=DIRECTION('center_axis',(0.,0.,1.));
#13629=DIRECTION('ref_axis',(1.,0.,0.));
#13630=DIRECTION('center_axis',(0.,0.,-1.));
#13631=DIRECTION('ref_axis',(1.,0.,0.));
#13632=DIRECTION('center_axis',(0.,0.,1.));
#13633=DIRECTION('ref_axis',(1.,0.,0.));
#13634=DIRECTION('center_axis',(0.,0.,-1.));
#13635=DIRECTION('ref_axis',(1.,0.,0.));
#13636=DIRECTION('center_axis',(0.,0.,1.));
#13637=DIRECTION('ref_axis',(1.,0.,0.));
#13638=DIRECTION('center_axis',(0.,0.,-1.));
#13639=DIRECTION('ref_axis',(1.,0.,0.));
#13640=DIRECTION('center_axis',(0.965561775793571,-0.260173897857503,0.));
#13641=DIRECTION('ref_axis',(0.260173897857503,0.965561775793571,0.));
#13642=DIRECTION('',(0.,0.,1.));
#13643=DIRECTION('',(0.260173897857503,0.965561775793571,0.));
#13644=DIRECTION('center_axis',(0.260173897857505,0.96556177579357,0.));
#13645=DIRECTION('ref_axis',(-0.96556177579357,0.260173897857505,0.));
#13646=DIRECTION('',(0.,0.,1.));
#13647=DIRECTION('',(-0.96556177579357,0.260173897857505,0.));
#13648=DIRECTION('center_axis',(0.999998645832683,0.00164570130944464,0.));
#13649=DIRECTION('ref_axis',(-0.00164570130944464,0.999998645832683,0.));
#13650=DIRECTION('',(0.,0.,1.));
#13651=DIRECTION('',(-0.00164570130944464,0.999998645832683,0.));
#13652=DIRECTION('center_axis',(-8.47471303986535E-5,0.999999996408962,
0.));
#13653=DIRECTION('ref_axis',(-0.999999996408962,-8.47471303986535E-5,0.));
#13654=DIRECTION('',(0.,0.,1.));
#13655=DIRECTION('',(-0.999999996408962,-8.47471303986535E-5,0.));
#13656=DIRECTION('center_axis',(-0.999999996408962,-8.47471303936448E-5,
0.));
#13657=DIRECTION('ref_axis',(8.47471303936448E-5,-0.999999996408962,0.));
#13658=DIRECTION('',(8.47471303936448E-5,-0.999999996408962,0.));
#13659=DIRECTION('center_axis',(0.,-1.,0.));
#13660=DIRECTION('ref_axis',(1.,0.,0.));
#13661=DIRECTION('',(0.,0.,1.));
#13662=DIRECTION('',(1.,0.,0.));
#13663=DIRECTION('center_axis',(1.,0.,0.));
#13664=DIRECTION('ref_axis',(0.,1.,0.));
#13665=DIRECTION('',(0.,0.,1.));
#13666=DIRECTION('',(0.,1.,0.));
#13667=DIRECTION('center_axis',(0.,-1.,0.));
#13668=DIRECTION('ref_axis',(1.,0.,0.));
#13669=DIRECTION('',(0.,0.,1.));
#13670=DIRECTION('',(1.,0.,0.));
#13671=DIRECTION('center_axis',(1.,0.,0.));
#13672=DIRECTION('ref_axis',(0.,1.,0.));
#13673=DIRECTION('',(0.,1.,0.));
#13674=DIRECTION('center_axis',(0.,-1.,0.));
#13675=DIRECTION('ref_axis',(1.,0.,0.));
#13676=DIRECTION('',(0.,0.,1.));
#13677=DIRECTION('',(1.,0.,0.));
#13678=DIRECTION('center_axis',(1.,0.,0.));
#13679=DIRECTION('ref_axis',(0.,1.,0.));
#13680=DIRECTION('',(0.,0.,1.));
#13681=DIRECTION('',(0.,1.,0.));
#13682=DIRECTION('center_axis',(0.,1.,0.));
#13683=DIRECTION('ref_axis',(-1.,0.,0.));
#13684=DIRECTION('',(-1.,0.,0.));
#13685=DIRECTION('center_axis',(0.,-1.,0.));
#13686=DIRECTION('ref_axis',(1.,0.,0.));
#13687=DIRECTION('',(0.,0.,1.));
#13688=DIRECTION('',(1.,0.,0.));
#13689=DIRECTION('center_axis',(1.,0.,0.));
#13690=DIRECTION('ref_axis',(0.,1.,0.));
#13691=DIRECTION('',(0.,0.,1.));
#13692=DIRECTION('',(0.,1.,0.));
#13693=DIRECTION('center_axis',(0.,1.,0.));
#13694=DIRECTION('ref_axis',(-1.,0.,0.));
#13695=DIRECTION('',(0.,0.,1.));
#13696=DIRECTION('',(-1.,0.,0.));
#13697=DIRECTION('center_axis',(-1.,0.,0.));
#13698=DIRECTION('ref_axis',(0.,-1.,0.));
#13699=DIRECTION('',(0.,-1.,0.));
#13700=DIRECTION('center_axis',(-1.,0.,0.));
#13701=DIRECTION('ref_axis',(0.,-1.,0.));
#13702=DIRECTION('',(0.,0.,1.));
#13703=DIRECTION('',(0.,-1.,0.));
#13704=DIRECTION('center_axis',(0.,-1.,0.));
#13705=DIRECTION('ref_axis',(1.,0.,0.));
#13706=DIRECTION('',(1.,0.,0.));
#13707=DIRECTION('center_axis',(0.,0.,1.));
#13708=DIRECTION('ref_axis',(1.,0.,0.));
#13709=DIRECTION('center_axis',(1.,0.,0.));
#13710=DIRECTION('ref_axis',(0.,1.,0.));
#13711=DIRECTION('',(0.,0.,1.));
#13712=DIRECTION('',(0.,1.,0.));
#13713=DIRECTION('center_axis',(0.,1.,0.));
#13714=DIRECTION('ref_axis',(-1.,0.,0.));
#13715=DIRECTION('',(0.,0.,1.));
#13716=DIRECTION('',(-1.,0.,0.));
#13717=DIRECTION('center_axis',(-1.,0.,0.));
#13718=DIRECTION('ref_axis',(0.,-1.,0.));
#13719=DIRECTION('',(0.,0.,1.));
#13720=DIRECTION('',(0.,-1.,0.));
#13721=DIRECTION('center_axis',(0.,1.,0.));
#13722=DIRECTION('ref_axis',(-1.,0.,0.));
#13723=DIRECTION('',(0.,0.,1.));
#13724=DIRECTION('',(-1.,0.,0.));
#13725=DIRECTION('center_axis',(-1.,0.,0.));
#13726=DIRECTION('ref_axis',(0.,-1.,0.));
#13727=DIRECTION('',(0.,-1.,0.));
#13728=DIRECTION('center_axis',(0.,0.,1.));
#13729=DIRECTION('ref_axis',(1.,0.,0.));
#13730=DIRECTION('',(0.,0.,1.));
#13731=DIRECTION('center_axis',(0.,0.,1.));
#13732=DIRECTION('ref_axis',(1.,0.,0.));
#13733=DIRECTION('',(0.,0.,1.));
#13734=DIRECTION('center_axis',(0.,0.,1.));
#13735=DIRECTION('ref_axis',(1.,0.,0.));
#13736=DIRECTION('',(0.,0.,1.));
#13737=DIRECTION('center_axis',(0.,0.,1.));
#13738=DIRECTION('ref_axis',(1.,0.,0.));
#13739=DIRECTION('',(0.,0.,1.));
#13740=DIRECTION('center_axis',(0.,0.,1.));
#13741=DIRECTION('ref_axis',(1.,0.,0.));
#13742=DIRECTION('',(0.,0.,1.));
#13743=DIRECTION('center_axis',(-0.50288490669424,-0.864353382951166,0.));
#13744=DIRECTION('ref_axis',(0.864353382951166,-0.50288490669424,0.));
#13745=DIRECTION('',(0.,0.,1.));
#13746=DIRECTION('',(0.864353382951166,-0.50288490669424,0.));
#13747=DIRECTION('center_axis',(-0.866629900694794,0.498951515902829,0.));
#13748=DIRECTION('ref_axis',(-0.498951515902829,-0.866629900694794,0.));
#13749=DIRECTION('',(0.,0.,1.));
#13750=DIRECTION('',(-0.498951515902829,-0.866629900694794,0.));
#13751=DIRECTION('center_axis',(0.498951515902829,0.866629900694794,0.));
#13752=DIRECTION('ref_axis',(-0.866629900694794,0.498951515902829,0.));
#13753=DIRECTION('',(0.,0.,1.));
#13754=DIRECTION('',(-0.866629900694794,0.498951515902829,0.));
#13755=DIRECTION('center_axis',(-0.8666299006948,0.498951515902819,0.));
#13756=DIRECTION('ref_axis',(-0.498951515902819,-0.8666299006948,0.));
#13757=DIRECTION('',(-0.498951515902818,-0.866629900694801,0.));
#13758=DIRECTION('center_axis',(0.,-1.,0.));
#13759=DIRECTION('ref_axis',(1.,0.,0.));
#13760=DIRECTION('',(0.,0.,1.));
#13761=DIRECTION('',(1.,0.,0.));
#13762=DIRECTION('center_axis',(1.,0.,0.));
#13763=DIRECTION('ref_axis',(0.,1.,0.));
#13764=DIRECTION('',(0.,0.,1.));
#13765=DIRECTION('',(0.,1.,0.));
#13766=DIRECTION('center_axis',(0.,1.,0.));
#13767=DIRECTION('ref_axis',(-1.,0.,0.));
#13768=DIRECTION('',(-1.,0.,0.));
#13769=DIRECTION('center_axis',(0.,-1.,0.));
#13770=DIRECTION('ref_axis',(1.,0.,0.));
#13771=DIRECTION('',(0.,0.,1.));
#13772=DIRECTION('',(1.,0.,0.));
#13773=DIRECTION('center_axis',(1.,0.,0.));
#13774=DIRECTION('ref_axis',(0.,1.,0.));
#13775=DIRECTION('',(0.,0.,1.));
#13776=DIRECTION('',(0.,1.,0.));
#13777=DIRECTION('center_axis',(0.,1.,0.));
#13778=DIRECTION('ref_axis',(-1.,0.,0.));
#13779=DIRECTION('',(-1.,0.,0.));
#13780=DIRECTION('center_axis',(0.866629900694794,-0.49895151590283,0.));
#13781=DIRECTION('ref_axis',(0.49895151590283,0.866629900694794,0.));
#13782=DIRECTION('',(0.,0.,1.));
#13783=DIRECTION('',(0.49895151590283,0.866629900694794,0.));
#13784=DIRECTION('center_axis',(0.498951515902829,0.866629900694794,0.));
#13785=DIRECTION('ref_axis',(-0.866629900694794,0.498951515902829,0.));
#13786=DIRECTION('',(0.,0.,1.));
#13787=DIRECTION('',(-0.866629900694794,0.498951515902829,0.));
#13788=DIRECTION('center_axis',(0.260173897857505,0.96556177579357,0.));
#13789=DIRECTION('ref_axis',(-0.96556177579357,0.260173897857505,0.));
#13790=DIRECTION('',(0.,0.,1.));
#13791=DIRECTION('',(-0.96556177579357,0.260173897857505,0.));
#13792=DIRECTION('center_axis',(-0.965561775793578,0.260173897857477,0.));
#13793=DIRECTION('ref_axis',(-0.260173897857477,-0.965561775793578,0.));
#13794=DIRECTION('',(-0.260173897857477,-0.965561775793578,0.));
#13795=DIRECTION('center_axis',(0.,1.,0.));
#13796=DIRECTION('ref_axis',(-1.,0.,0.));
#13797=DIRECTION('',(0.,0.,1.));
#13798=DIRECTION('',(-1.,0.,0.));
#13799=DIRECTION('center_axis',(-1.,0.,0.));
#13800=DIRECTION('ref_axis',(0.,-1.,0.));
#13801=DIRECTION('',(0.,-1.,0.));
#13802=DIRECTION('center_axis',(-1.,0.,0.));
#13803=DIRECTION('ref_axis',(0.,-1.,0.));
#13804=DIRECTION('',(0.,0.,1.));
#13805=DIRECTION('',(0.,-1.,0.));
#13806=DIRECTION('center_axis',(0.,-1.,0.));
#13807=DIRECTION('ref_axis',(1.,0.,0.));
#13808=DIRECTION('',(0.,0.,1.));
#13809=DIRECTION('',(1.,0.,0.));
#13810=DIRECTION('center_axis',(0.999999904191897,-0.000437739873162917,
0.));
#13811=DIRECTION('ref_axis',(0.000437739873162917,0.999999904191897,0.));
#13812=DIRECTION('',(0.,0.,1.));
#13813=DIRECTION('',(0.000437739873162917,0.999999904191897,0.));
#13814=DIRECTION('center_axis',(1.,0.,0.));
#13815=DIRECTION('ref_axis',(0.,1.,0.));
#13816=DIRECTION('',(0.,0.,1.));
#13817=DIRECTION('',(0.,1.,0.));
#13818=DIRECTION('center_axis',(0.,-1.,0.));
#13819=DIRECTION('ref_axis',(1.,0.,0.));
#13820=DIRECTION('',(0.,0.,1.));
#13821=DIRECTION('',(1.,0.,0.));
#13822=DIRECTION('center_axis',(0.999999921498222,-0.000396236735584577,
0.));
#13823=DIRECTION('ref_axis',(0.000396236735584577,0.999999921498222,0.));
#13824=DIRECTION('',(0.,0.,1.));
#13825=DIRECTION('',(0.000396236735584577,0.999999921498222,0.));
#13826=DIRECTION('center_axis',(-0.000250964134927311,-0.999999968508501,
0.));
#13827=DIRECTION('ref_axis',(0.999999968508501,-0.000250964134927311,0.));
#13828=DIRECTION('',(0.,0.,1.));
#13829=DIRECTION('',(0.999999968508501,-0.000250964134927311,0.));
#13830=DIRECTION('center_axis',(-1.,0.,0.));
#13831=DIRECTION('ref_axis',(0.,-1.,0.));
#13832=DIRECTION('',(0.,0.,1.));
#13833=DIRECTION('',(0.,-1.,0.));
#13834=DIRECTION('center_axis',(-0.00714248447246532,-0.999974492132455,
0.));
#13835=DIRECTION('ref_axis',(0.999974492132455,-0.00714248447246532,0.));
#13836=DIRECTION('',(0.,0.,1.));
#13837=DIRECTION('',(0.999974492132454,-0.00714248447246532,0.));
#13838=DIRECTION('center_axis',(-1.,0.,0.));
#13839=DIRECTION('ref_axis',(0.,-1.,0.));
#13840=DIRECTION('',(0.,0.,1.));
#13841=DIRECTION('',(0.,-1.,0.));
#13842=DIRECTION('center_axis',(-0.00562775203991845,-0.9999841640781,0.));
#13843=DIRECTION('ref_axis',(0.9999841640781,-0.00562775203991845,0.));
#13844=DIRECTION('',(0.,0.,1.));
#13845=DIRECTION('',(0.9999841640781,-0.00562775203991845,0.));
#13846=DIRECTION('center_axis',(-1.81890067047145E-16,-1.,0.));
#13847=DIRECTION('ref_axis',(1.,-1.81890067047145E-16,0.));
#13848=DIRECTION('',(0.,0.,1.));
#13849=DIRECTION('',(1.,-1.81890067047146E-16,0.));
#13850=DIRECTION('center_axis',(-1.,0.,0.));
#13851=DIRECTION('ref_axis',(0.,-1.,0.));
#13852=DIRECTION('',(0.,-1.,0.));
#13853=DIRECTION('center_axis',(0.,0.,1.));
#13854=DIRECTION('ref_axis',(1.,0.,0.));
#13855=DIRECTION('center_axis',(1.,0.,0.));
#13856=DIRECTION('ref_axis',(0.,1.,0.));
#13857=DIRECTION('',(0.,0.,1.));
#13858=DIRECTION('',(0.,1.,0.));
#13859=DIRECTION('center_axis',(0.,1.,0.));
#13860=DIRECTION('ref_axis',(-1.,0.,0.));
#13861=DIRECTION('',(0.,0.,1.));
#13862=DIRECTION('',(-1.,0.,0.));
#13863=DIRECTION('center_axis',(-1.,0.,0.));
#13864=DIRECTION('ref_axis',(0.,-1.,0.));
#13865=DIRECTION('',(0.,-1.,0.));
#13866=DIRECTION('center_axis',(0.,-1.,0.));
#13867=DIRECTION('ref_axis',(1.,0.,0.));
#13868=DIRECTION('',(1.,0.,0.));
#13869=DIRECTION('',(0.,0.,1.));
#13870=DIRECTION('center_axis',(-1.,0.,0.));
#13871=DIRECTION('ref_axis',(0.,-1.,0.));
#13872=DIRECTION('',(0.,-1.,0.));
#13873=DIRECTION('center_axis',(0.,0.,1.));
#13874=DIRECTION('ref_axis',(1.,0.,0.));
#13875=DIRECTION('center_axis',(0.,0.,1.));
#13876=DIRECTION('ref_axis',(-1.,0.,0.));
#13877=DIRECTION('center_axis',(0.,0.,-1.));
#13878=DIRECTION('ref_axis',(-1.,0.,0.));
#13879=DIRECTION('',(0.,0.,-1.));
#13880=DIRECTION('center_axis',(0.,0.,1.));
#13881=DIRECTION('ref_axis',(-1.,0.,0.));
#13882=DIRECTION('center_axis',(0.,0.,-1.));
#13883=DIRECTION('ref_axis',(-1.,0.,0.));
#13884=DIRECTION('center_axis',(6.37082196859263E-13,-1.,0.));
#13885=DIRECTION('ref_axis',(-1.,-6.37082196859263E-13,0.));
#13886=DIRECTION('',(1.,6.37082196859263E-13,0.));
#13887=DIRECTION('',(0.,0.,-1.));
#13888=DIRECTION('',(1.,6.36998146698546E-13,0.));
#13889=DIRECTION('',(0.,0.,1.));
#13890=DIRECTION('',(1.,6.37082196859263E-13,0.));
#13891=DIRECTION('',(0.,0.,-1.));
#13892=DIRECTION('',(1.,6.37403261866088E-13,0.));
#13893=DIRECTION('',(0.,0.,-1.));
#13894=DIRECTION('',(-1.,-6.37082196859263E-13,0.));
#13895=DIRECTION('',(0.,0.,-1.));
#13896=DIRECTION('center_axis',(0.,0.,-1.));
#13897=DIRECTION('ref_axis',(-1.,0.,0.));
#13898=DIRECTION('',(0.,-1.,0.));
#13899=DIRECTION('',(-1.,0.,0.));
#13900=DIRECTION('',(0.,-1.,0.));
#13901=DIRECTION('',(-1.,5.40075182228344E-13,0.));
#13902=DIRECTION('',(0.,1.,0.));
#13903=DIRECTION('',(1.,0.,0.));
#13904=DIRECTION('',(0.,-1.,0.));
#13905=DIRECTION('',(-1.,5.40075182228344E-13,0.));
#13906=DIRECTION('',(0.,1.,0.));
#13907=DIRECTION('',(1.,0.,0.));
#13908=DIRECTION('',(0.,1.,0.));
#13909=DIRECTION('',(-1.,0.,0.));
#13910=DIRECTION('',(0.,1.,0.));
#13911=DIRECTION('',(1.,0.,0.));
#13912=DIRECTION('',(0.,-1.,0.));
#13913=DIRECTION('',(-1.,5.40075182228344E-13,0.));
#13914=DIRECTION('',(-3.72729684755513E-16,-1.,0.));
#13915=DIRECTION('',(0.458217606543908,0.888840044694867,0.));
#13916=DIRECTION('',(1.,-5.49508949640856E-17,0.));
#13917=DIRECTION('',(0.458217606543908,-0.888840044694867,0.));
#13918=DIRECTION('center_axis',(0.,0.,-1.));
#13919=DIRECTION('ref_axis',(-1.,0.,0.));
#13920=DIRECTION('center_axis',(0.,0.,-1.));
#13921=DIRECTION('ref_axis',(-1.,0.,0.));
#13922=DIRECTION('center_axis',(0.,0.,-1.));
#13923=DIRECTION('ref_axis',(-1.,0.,0.));
#13924=DIRECTION('center_axis',(0.,0.,-1.));
#13925=DIRECTION('ref_axis',(-1.,0.,0.));
#13926=DIRECTION('',(-0.176805876638314,0.984245742681246,0.));
#13927=DIRECTION('center_axis',(0.,0.,1.));
#13928=DIRECTION('ref_axis',(-7.79748971192609E-11,1.,0.));
#13929=DIRECTION('',(1.,2.07089113357373E-13,0.));
#13930=DIRECTION('',(0.,1.,0.));
#13931=DIRECTION('',(1.,0.,0.));
#13932=DIRECTION('',(0.999996460011068,-0.00266082042463871,0.));
#13933=DIRECTION('',(0.,-1.,0.));
#13934=DIRECTION('',(1.,2.08455674560934E-13,0.));
#13935=DIRECTION('',(0.,-1.,0.));
#13936=DIRECTION('',(-1.,0.,0.));
#13937=DIRECTION('',(-1.35984088715931E-12,1.,0.));
#13938=DIRECTION('center_axis',(0.,0.,-1.));
#13939=DIRECTION('ref_axis',(0.707106781186526,-0.70710678118657,0.));
#13940=DIRECTION('',(0.,1.,0.));
#13941=DIRECTION('',(-1.,0.,0.));
#13942=DIRECTION('',(0.,1.,0.));
#13943=DIRECTION('',(1.,0.,0.));
#13944=DIRECTION('',(0.,-1.,0.));
#13945=DIRECTION('center_axis',(0.,0.,-1.));
#13946=DIRECTION('ref_axis',(0.707106781186522,0.707106781186573,0.));
#13947=DIRECTION('',(3.72681578398724E-16,1.,0.));
#13948=DIRECTION('',(1.,0.,0.));
#13949=DIRECTION('',(0.,-1.,0.));
#13950=DIRECTION('',(-1.,0.,0.));
#13951=DIRECTION('',(3.72681578398724E-16,1.,0.));
#13952=DIRECTION('',(1.,0.,0.));
#13953=DIRECTION('',(0.,-1.,0.));
#13954=DIRECTION('',(0.865534771787301,0.500848838300645,0.));
#13955=DIRECTION('',(0.,-1.,0.));
#13956=DIRECTION('',(-0.865534771787276,-0.500848838300687,0.));
#13957=DIRECTION('',(0.500000030506308,-0.866025386171613,0.));
#13958=DIRECTION('',(-0.866025386171824,-0.500000030505943,0.));
#13959=DIRECTION('',(-0.500000030506216,0.866025386171666,0.));
#13960=DIRECTION('',(-0.500848838300601,0.865534771787326,0.));
#13961=DIRECTION('',(0.864353382959721,0.502884906679536,0.));
#13962=DIRECTION('',(-0.498951515892542,0.866629900700717,0.));
#13963=DIRECTION('',(0.866025386171739,0.500000030506089,0.));
#13964=DIRECTION('',(0.500000030506378,-0.866025386171573,0.));
#13965=DIRECTION('',(0.866025906777043,0.499999128790241,0.));
#13966=DIRECTION('',(0.499999128790076,-0.866025906777138,0.));
#13967=DIRECTION('',(-0.866629900693904,-0.498951515904376,0.));
#13968=DIRECTION('',(-0.499999128790004,0.86602590677718,0.));
#13969=DIRECTION('',(0.866025906777138,0.499999128790077,0.));
#13970=DIRECTION('',(0.965705461622618,0.259640061223701,0.));
#13971=DIRECTION('',(0.25964006122366,-0.965705461622629,0.));
#13972=DIRECTION('',(-0.965561775794529,-0.260173897853948,0.));
#13973=DIRECTION('',(0.,1.,0.));
#13974=DIRECTION('',(-0.999998372307924,-0.00180426758062372,0.));
#13975=DIRECTION('',(-1.,0.,0.));
#13976=DIRECTION('',(0.,-1.,0.));
#13977=DIRECTION('',(-0.999816919507605,0.0191344575654429,0.));
#13978=DIRECTION('center_axis',(0.,0.,-1.));
#13979=DIRECTION('ref_axis',(-1.,0.,0.));
#13980=DIRECTION('center_axis',(0.,0.,1.));
#13981=DIRECTION('ref_axis',(-1.,1.79767312147293E-10,0.));
#13982=DIRECTION('',(0.,0.,1.));
#13983=DIRECTION('center_axis',(0.,0.,1.));
#13984=DIRECTION('ref_axis',(-1.,1.79767312147293E-10,0.));
#13985=DIRECTION('',(0.,0.,-1.));
#13986=DIRECTION('center_axis',(0.,0.,1.));
#13987=DIRECTION('ref_axis',(-1.,1.79767312147293E-10,0.));
#13988=DIRECTION('',(0.,0.,-1.));
#13989=DIRECTION('center_axis',(0.,0.,1.));
#13990=DIRECTION('ref_axis',(1.,0.,0.));
#13991=DIRECTION('',(0.,1.,0.));
#13992=DIRECTION('center_axis',(0.,0.,1.));
#13993=DIRECTION('ref_axis',(-9.63673585374614E-11,1.,0.));
#13994=DIRECTION('',(5.37433546055657E-13,1.,0.));
#13995=DIRECTION('',(1.,6.41016752006888E-13,0.));
#13996=DIRECTION('center_axis',(0.,0.,1.));
#13997=DIRECTION('ref_axis',(-1.05604414102342E-10,1.,0.));
#13998=DIRECTION('',(0.000396236709760558,-0.999999921498232,0.));
#13999=DIRECTION('',(0.999999968508501,0.000250964136164478,0.));
#14000=DIRECTION('',(5.14161908549162E-11,1.,0.));
#14001=DIRECTION('center_axis',(0.,0.,1.));
#14002=DIRECTION('ref_axis',(-1.,8.23341395061961E-11,0.));
#14003=DIRECTION('',(0.999974492132445,0.00714248447387822,0.));
#14004=DIRECTION('',(4.85312198613647E-11,1.,0.));
#14005=DIRECTION('center_axis',(0.,0.,1.));
#14006=DIRECTION('ref_axis',(-1.,1.29385391289807E-10,0.));
#14007=DIRECTION('',(0.9999841640781,0.00562775203994597,0.));
#14008=DIRECTION('',(1.,2.99514867887859E-12,0.));
#14009=DIRECTION('',(0.,1.,0.));
#14010=DIRECTION('',(0.176805876638314,-0.984245742681246,0.));
#14011=DIRECTION('',(0.999816919507605,-0.0191344575654429,0.));
#14012=DIRECTION('',(0.,1.,0.));
#14013=DIRECTION('',(1.,0.,0.));
#14014=DIRECTION('',(0.999998372307924,0.00180426758062372,0.));
#14015=DIRECTION('',(-0.00180426758087527,0.999998372307924,0.));
#14016=DIRECTION('',(1.,0.,0.));
#14017=DIRECTION('',(0.000454822623535467,0.999999896568185,0.));
#14018=DIRECTION('',(1.,0.,0.));
#14019=DIRECTION('',(0.,-1.,0.));
#14020=DIRECTION('',(1.,0.,0.));
#14021=DIRECTION('',(0.,-1.,0.));
#14022=DIRECTION('',(0.000437739873119368,-0.999999904191897,0.));
#14023=DIRECTION('',(1.,0.,0.));
#14024=DIRECTION('center_axis',(1.,0.,0.));
#14025=DIRECTION('ref_axis',(0.,-1.,0.));
#14026=DIRECTION('',(0.,0.,-1.));
#14027=DIRECTION('',(0.,1.,0.));
#14028=DIRECTION('',(0.,0.,1.));
#14029=DIRECTION('center_axis',(0.,0.,-1.));
#14030=DIRECTION('ref_axis',(-1.,0.,0.));
#14031=DIRECTION('',(0.,1.,0.));
#14032=DIRECTION('',(-1.,0.,0.));
#14033=DIRECTION('',(-0.000437739873119368,0.999999904191897,0.));
#14034=DIRECTION('',(0.,1.,0.));
#14035=DIRECTION('',(-1.,0.,0.));
#14036=DIRECTION('',(0.,1.,0.));
#14037=DIRECTION('',(-1.,0.,0.));
#14038=DIRECTION('',(-0.000454822623535467,-0.999999896568185,0.));
#14039=DIRECTION('',(-1.,0.,0.));
#14040=DIRECTION('',(0.00180426758087527,-0.999998372307924,0.));
#14041=DIRECTION('',(-0.999998372307924,-0.00180426758062372,0.));
#14042=DIRECTION('',(-1.81843830216491E-16,-1.,0.));
#14043=DIRECTION('',(-0.965561775794529,-0.260173897853948,0.));
#14044=DIRECTION('',(-0.259640061223849,0.965705461622578,0.));
#14045=DIRECTION('',(0.965705461622602,0.259640061223758,0.));
#14046=DIRECTION('',(0.,1.,0.));
#14047=DIRECTION('',(-0.258857858212791,0.96591542551172,0.));
#14048=DIRECTION('',(1.,0.,0.));
#14049=DIRECTION('',(0.,-1.,0.));
#14050=DIRECTION('',(-0.999999996408962,8.4747128901679E-5,0.));
#14051=DIRECTION('',(0.,1.,0.));
#14052=DIRECTION('',(1.,0.,0.));
#14053=DIRECTION('',(0.,1.,0.));
#14054=DIRECTION('',(1.,0.,0.));
#14055=DIRECTION('',(0.,-1.,0.));
#14056=DIRECTION('',(-1.,-9.07432984576759E-17,0.));
#14057=DIRECTION('',(0.,1.,0.));
#14058=DIRECTION('',(1.,0.,0.));
#14059=DIRECTION('',(0.,-1.,0.));
#14060=DIRECTION('',(-1.,-9.07432984576759E-17,0.));
#14061=DIRECTION('center_axis',(0.,0.,1.));
#14062=DIRECTION('ref_axis',(-1.,-9.55608298293273E-11,0.));
#14063=DIRECTION('',(-1.16430962991464E-11,1.,0.));
#14064=DIRECTION('',(-1.,5.21011733509511E-16,0.));
#14065=DIRECTION('',(0.,1.,0.));
#14066=DIRECTION('',(1.,0.,0.));
#14067=DIRECTION('',(0.,1.,0.));
#14068=DIRECTION('',(1.,0.,0.));
#14069=DIRECTION('',(0.,-1.,0.));
#14070=DIRECTION('',(-1.,5.40075182228344E-13,0.));
#14071=DIRECTION('center_axis',(0.,0.,-1.));
#14072=DIRECTION('ref_axis',(-1.,0.,0.));
#14073=DIRECTION('center_axis',(0.,0.,-1.));
#14074=DIRECTION('ref_axis',(-1.,-8.70763156568754E-16,0.));
#14075=DIRECTION('center_axis',(0.,0.,1.));
#14076=DIRECTION('ref_axis',(1.,0.,0.));
#14077=DIRECTION('',(-0.965561775794529,-0.260173897853948,0.));
#14078=DIRECTION('',(0.,1.,0.));
#14079=DIRECTION('',(1.,0.,0.));
#14080=DIRECTION('center_axis',(0.,-1.,0.));
#14081=DIRECTION('ref_axis',(-1.,0.,0.));
#14082=DIRECTION('',(1.,0.,0.));
#14083=DIRECTION('',(0.,0.,-1.));
#14084=DIRECTION('',(0.,0.,-1.));
#14085=DIRECTION('center_axis',(0.,0.,-1.));
#14086=DIRECTION('ref_axis',(-1.,0.,0.));
#14087=DIRECTION('',(-1.,0.,0.));
#14088=DIRECTION('',(0.,1.,0.));
#14089=DIRECTION('',(1.,0.,0.));
#14090=DIRECTION('',(0.,-1.,0.));
#14091=DIRECTION('center_axis',(1.,0.,0.));
#14092=DIRECTION('ref_axis',(0.,-1.,0.));
#14093=DIRECTION('',(0.,0.,-1.));
#14094=DIRECTION('',(0.,-1.,0.));
#14095=DIRECTION('',(0.,0.,-1.));
#14096=DIRECTION('center_axis',(0.,-1.,0.));
#14097=DIRECTION('ref_axis',(-1.,0.,0.));
#14098=DIRECTION('',(-1.,0.,0.));
#14099=DIRECTION('',(0.,0.,-1.));
#14100=DIRECTION('center_axis',(-1.,0.,0.));
#14101=DIRECTION('ref_axis',(0.,1.,0.));
#14102=DIRECTION('',(-6.37513913932219E-13,1.,0.));
#14103=DIRECTION('',(0.,0.,-1.));
#14104=DIRECTION('center_axis',(0.,0.,1.));
#14105=DIRECTION('ref_axis',(1.,0.,0.));
#14106=DIRECTION('',(1.,-5.39990450513523E-13,0.));
#14107=DIRECTION('center_axis',(0.,0.,-1.));
#14108=DIRECTION('ref_axis',(-1.,0.,0.));
#14109=DIRECTION('',(-0.999998372307924,-0.00180426758062372,0.));
#14110=DIRECTION('',(6.81914363311841E-17,1.,0.));
#14111=DIRECTION('',(1.,0.,0.));
#14112=DIRECTION('',(-1.81843830216491E-16,-1.,0.));
#14113=DIRECTION('center_axis',(-1.,1.81843830216491E-16,0.));
#14114=DIRECTION('ref_axis',(1.81843830216491E-16,1.,0.));
#14115=DIRECTION('',(0.,0.,-1.));
#14116=DIRECTION('',(0.,1.,0.));
#14117=DIRECTION('center_axis',(1.,-6.81914363311841E-17,0.));
#14118=DIRECTION('ref_axis',(-6.81914363311841E-17,-1.,0.));
#14119=DIRECTION('',(-6.81914363311841E-17,-1.,0.));
#14120=DIRECTION('',(0.,0.,-1.));
#14121=DIRECTION('center_axis',(0.,-1.,0.));
#14122=DIRECTION('ref_axis',(-1.,0.,0.));
#14123=DIRECTION('',(-1.,0.,0.));
#14124=DIRECTION('center_axis',(0.,0.,1.));
#14125=DIRECTION('ref_axis',(1.,0.,0.));
#14126=DIRECTION('center_axis',(-0.628504822993906,-0.324008776846272,0.707106781186535));
#14127=DIRECTION('ref_axis',(0.747427446263115,1.66533453693773E-16,0.664343444742701));
#14128=DIRECTION('',(0.395809564950639,0.649359218111814,0.649359218111824));
#14129=DIRECTION('',(0.458217606543907,-0.888840044694867,0.));
#14130=DIRECTION('',(-0.429344271585735,-0.613534736835562,-0.662750800190111));
#14131=DIRECTION('',(-0.765596288472492,0.0972588775547982,-0.635926909175831));
#14132=DIRECTION('',(-0.458217606543908,0.888840044694867,0.));
#14133=DIRECTION('',(-0.747427446263115,4.10718070928791E-17,-0.664343444742702));
#14134=DIRECTION('center_axis',(0.628504822993907,-0.324008776846273,0.707106781186534));
#14135=DIRECTION('ref_axis',(0.747427446263114,8.32667268468868E-17,-0.664343444742702));
#14136=DIRECTION('',(0.395809564950637,-0.649359218111814,-0.649359218111825));
#14137=DIRECTION('',(-0.747427446263114,4.10718070928791E-17,0.664343444742702));
#14138=DIRECTION('',(-0.458217606543908,-0.888840044694867,0.));
#14139=DIRECTION('',(-0.722998887705852,0.0918474414654444,0.684716478458313));
#14140=DIRECTION('',(-0.360093968336546,0.684600649192087,0.633762009821836));
#14141=DIRECTION('',(0.458217606543908,0.888840044694867,0.));
#14142=DIRECTION('center_axis',(-3.88561504613749E-17,-0.707106781186553,
0.707106781186542));
#14143=DIRECTION('ref_axis',(1.,4.62223186652937E-32,5.49508949640865E-17));
#14144=DIRECTION('',(-1.,5.49508949640856E-17,0.));
#14145=DIRECTION('',(1.,-5.49508949640855E-17,0.));
#14146=DIRECTION('center_axis',(0.,0.,-1.));
#14147=DIRECTION('ref_axis',(-1.,0.,0.));
#14148=DIRECTION('',(-0.992027201927834,0.126023928820019,0.));
#14149=DIRECTION('center_axis',(0.,0.,1.));
#14150=DIRECTION('ref_axis',(0.126023928819999,0.992027201927836,0.));
#14151=DIRECTION('',(0.,1.,0.));
#14152=DIRECTION('center_axis',(0.,0.,1.));
#14153=DIRECTION('ref_axis',(1.,0.,0.));
#14154=DIRECTION('',(0.936407912863096,0.3509134091587,0.));
#14155=DIRECTION('center_axis',(0.,0.,1.));
#14156=DIRECTION('ref_axis',(0.3509134091587,-0.936407912863096,0.));
#14157=DIRECTION('',(1.,-9.68568579333015E-17,0.));
#14158=DIRECTION('',(0.999999999908369,1.35374571188923E-5,0.));
#14159=DIRECTION('',(0.999999996408962,-8.47471303995952E-5,0.));
#14160=DIRECTION('center_axis',(0.,0.,-1.));
#14161=DIRECTION('ref_axis',(-0.260173897857501,0.965561775793571,0.));
#14162=DIRECTION('',(0.96556177579357,0.260173897857504,0.));
#14163=DIRECTION('center_axis',(0.,0.,-1.));
#14164=DIRECTION('ref_axis',(-0.498951515902843,0.866629900694786,0.));
#14165=DIRECTION('',(0.866629900694787,0.498951515902843,0.));
#14166=DIRECTION('center_axis',(0.,0.,1.));
#14167=DIRECTION('ref_axis',(0.498951515902841,-0.866629900694787,0.));
#14168=DIRECTION('',(0.498951515902827,-0.866629900694795,0.));
#14169=DIRECTION('center_axis',(0.,0.,1.));
#14170=DIRECTION('ref_axis',(-0.866629900694795,-0.498951515902827,0.));
#14171=DIRECTION('',(-0.864353382951196,-0.502884906694189,0.));
#14172=DIRECTION('center_axis',(0.,0.,-1.));
#14173=DIRECTION('ref_axis',(0.866857804571823,-0.498555459956983,0.));
#14174=DIRECTION('',(4.18295390574481E-16,-1.,0.));
#14175=DIRECTION('center_axis',(0.,0.,1.));
#14176=DIRECTION('ref_axis',(-1.,0.,0.));
#14177=DIRECTION('',(-0.991961641210592,-0.126538936169026,0.));
#14178=DIRECTION('',(0.,1.,0.));
#14179=DIRECTION('',(0.999996460011068,-0.00266082042463872,0.));
#14180=DIRECTION('',(1.,0.,0.));
#14181=DIRECTION('',(0.,1.,0.));
#14182=DIRECTION('',(-0.991961641210592,-0.126538936169026,0.));
#14183=DIRECTION('center_axis',(0.,0.,1.));
#14184=DIRECTION('ref_axis',(-0.126538936169018,0.991961641210593,0.));
#14185=DIRECTION('',(-0.999999968508501,-0.000250964134926742,0.));
#14186=DIRECTION('center_axis',(0.,0.,1.));
#14187=DIRECTION('ref_axis',(-0.000250964134927701,0.999999968508501,0.));
#14188=DIRECTION('',(-0.992027201927834,0.126023928820019,0.));
#14189=DIRECTION('center_axis',(0.,0.,-1.));
#14190=DIRECTION('ref_axis',(-1.,0.,0.));
#14191=DIRECTION('center_axis',(0.,0.,-1.));
#14192=DIRECTION('ref_axis',(-1.,0.,0.));
#14193=DIRECTION('',(0.,1.,0.));
#14194=DIRECTION('',(-1.,0.,0.));
#14195=DIRECTION('',(0.,-1.,0.));
#14196=DIRECTION('',(1.,0.,0.));
#14197=DIRECTION('',(-0.936407912863096,-0.3509134091587,0.));
#14198=DIRECTION('',(0.350913409158704,-0.936407912863094,0.));
#14199=DIRECTION('',(0.936407912863096,0.3509134091587,0.));
#14200=DIRECTION('',(-0.350913409158701,0.936407912863095,0.));
#14201=DIRECTION('center_axis',(0.,0.,-1.));
#14202=DIRECTION('ref_axis',(1.,0.,0.));
#14203=DIRECTION('center_axis',(0.,0.,-1.));
#14204=DIRECTION('ref_axis',(-1.,0.,0.));
#14205=DIRECTION('center_axis',(0.,0.,-1.));
#14206=DIRECTION('ref_axis',(1.,0.,0.));
#14207=DIRECTION('center_axis',(5.49508949640856E-17,1.,0.));
#14208=DIRECTION('ref_axis',(-1.,5.49508949640856E-17,0.));
#14209=DIRECTION('',(0.,0.,1.));
#14210=DIRECTION('',(0.,0.,1.));
#14211=DIRECTION('center_axis',(0.,-0.707106781186541,0.707106781186554));
#14212=DIRECTION('ref_axis',(1.,0.,0.));
#14213=DIRECTION('',(0.577350269189614,-0.577350269189637,-0.577350269189626));
#14214=DIRECTION('',(-0.000940741666543919,-0.707106468293543,-0.70710646829353));
#14215=DIRECTION('',(-1.,0.,0.));
#14216=DIRECTION('center_axis',(0.707106781186555,0.,0.70710678118654));
#14217=DIRECTION('ref_axis',(0.70710678118654,0.,-0.707106781186555));
#14218=DIRECTION('',(-0.70710678118654,0.,0.707106781186555));
#14219=DIRECTION('',(0.,-1.,0.));
#14220=DIRECTION('',(-0.704247589508393,-0.089836881864945,0.704247589508408));
#14221=DIRECTION('',(-0.600262458424046,0.528554597003398,0.600262458424059));
#14222=DIRECTION('center_axis',(-0.00188148416578174,-0.707104278036381,
0.707106781186535));
#14223=DIRECTION('ref_axis',(0.999996460036131,-3.68628738645072E-18,0.00266081100543064));
#14224=DIRECTION('',(0.577861664054546,0.576326118124285,0.577861664054558));
#14225=DIRECTION('',(-0.999996460011068,0.00266082042463871,0.));
#14226=DIRECTION('center_axis',(-0.707106781186555,0.,0.70710678118654));
#14227=DIRECTION('ref_axis',(0.70710678118654,0.,0.707106781186555));
#14228=DIRECTION('',(-0.551339511071656,-0.626138552608383,-0.551339511071668));
#14229=DIRECTION('',(-0.704247589508393,-0.089836881864945,-0.704247589508408));
#14230=DIRECTION('',(0.,1.,0.));
#14231=DIRECTION('',(-0.707105529608127,0.00188148749600119,-0.707105529608143));
#14232=DIRECTION('center_axis',(-0.707106781186521,-2.9577950721428E-16,
-0.707106781186574));
#14233=DIRECTION('ref_axis',(-0.707106781186574,0.,0.707106781186521));
#14234=DIRECTION('',(-0.707106781186574,0.,0.707106781186521));
#14235=DIRECTION('',(-4.18295390574481E-16,1.,0.));
#14236=DIRECTION('',(-0.707106781186535,0.,0.70710678118656));
#14237=DIRECTION('center_axis',(0.,0.,-1.));
#14238=DIRECTION('ref_axis',(-1.,0.,0.));
#14239=DIRECTION('center_axis',(0.,0.,1.));
#14240=DIRECTION('ref_axis',(-1.,0.,0.));
#14241=DIRECTION('center_axis',(0.089112374660406,0.701469161604685,-0.707106781186551));
#14242=DIRECTION('ref_axis',(-0.992152339525412,0.,-0.125034935814965));
#14243=DIRECTION('',(0.0891123746604052,0.701469161604691,0.707106781186544));
#14244=DIRECTION('',(0.992027201927834,-0.126023928820019,0.));
#14245=DIRECTION('center_axis',(0.,0.,1.));
#14246=DIRECTION('ref_axis',(-0.000250964134927701,0.999999968508501,0.));
#14247=DIRECTION('',(-0.000177458441633919,0.70710675891868,0.707106781186563));
#14248=DIRECTION('center_axis',(0.,0.,-1.));
#14249=DIRECTION('ref_axis',(-0.000250964134927701,0.999999968508501,0.));
#14250=DIRECTION('center_axis',(-0.000177458441641315,0.707106758918695,
-0.707106781186547));
#14251=DIRECTION('ref_axis',(-0.999999968508503,0.,0.000250964127023506));
#14252=DIRECTION('',(-0.000177458441633916,0.707106758918695,0.707106781186548));
#14253=DIRECTION('',(0.999999968508501,0.000250964134926742,0.));
#14254=DIRECTION('center_axis',(0.,0.,1.));
#14255=DIRECTION('ref_axis',(-0.126538936169018,0.991961641210593,0.));
#14256=DIRECTION('',(-0.0894765398492545,0.701422803176939,0.707106781186555));
#14257=DIRECTION('center_axis',(0.,0.,-1.));
#14258=DIRECTION('ref_axis',(-0.126538936169018,0.991961641210593,0.));
#14259=DIRECTION('center_axis',(-0.0894765398492491,0.70142280317694,-0.707106781186554));
#14260=DIRECTION('ref_axis',(-0.992088828912168,0.,0.125537864995718));
#14261=DIRECTION('',(0.991961641210592,0.126538936169026,0.));
#14262=DIRECTION('center_axis',(-0.126023928820019,-0.992027201927834,0.));
#14263=DIRECTION('ref_axis',(-0.992027201927834,0.126023928820019,0.));
#14264=DIRECTION('',(0.,0.,-1.));
#14265=DIRECTION('',(0.992027201927834,-0.126023928820019,0.));
#14266=DIRECTION('',(0.,0.,-1.));
#14267=DIRECTION('',(0.992027201927834,-0.126023928820019,0.));
#14268=DIRECTION('',(0.,0.,1.));
#14269=DIRECTION('',(-0.992027201927834,0.126023928820019,0.));
#14270=DIRECTION('',(0.,0.,-1.));
#14271=DIRECTION('center_axis',(-6.84881410490599E-17,-0.70710678118655,
-0.707106781186545));
#14272=DIRECTION('ref_axis',(-1.,0.,9.68568579333023E-17));
#14273=DIRECTION('',(0.,-0.707106781186545,0.70710678118655));
#14274=DIRECTION('',(-1.,9.68568579333015E-17,0.));
#14275=DIRECTION('',(-4.78801907892734E-6,0.70710678117844,-0.707106781178445));
#14276=DIRECTION('center_axis',(-0.0894765398492491,0.70142280317694,-0.707106781186554));
#14277=DIRECTION('ref_axis',(-0.992088828912168,0.,0.125537864995718));
#14278=DIRECTION('',(-0.0894765398492524,0.701422803176955,0.707106781186539));
#14279=DIRECTION('',(0.991961641210592,0.126538936169026,0.));
#14280=DIRECTION('center_axis',(0.,0.,1.));
#14281=DIRECTION('ref_axis',(-1.,0.,0.));
#14282=DIRECTION('center_axis',(0.,0.,-1.));
#14283=DIRECTION('ref_axis',(-1.,0.,0.));
#14284=DIRECTION('center_axis',(0.,0.,-1.));
#14285=DIRECTION('ref_axis',(0.866857804571823,-0.498555459956983,0.));
#14286=DIRECTION('',(-0.355593327679804,0.611190138426324,0.707106781186557));
#14287=DIRECTION('center_axis',(0.,0.,1.));
#14288=DIRECTION('ref_axis',(0.866857804571823,-0.498555459956983,0.));
#14289=DIRECTION('center_axis',(-0.355593327679835,0.611190138426339,-0.707106781186529));
#14290=DIRECTION('ref_axis',(-0.893393871221801,0.,0.449274293570559));
#14291=DIRECTION('',(-0.355593327679804,0.611190138426324,0.707106781186557));
#14292=DIRECTION('',(0.864353382951196,0.502884906694189,0.));
#14293=DIRECTION('center_axis',(0.,0.,1.));
#14294=DIRECTION('ref_axis',(-0.866629900694795,-0.498951515902827,0.));
#14295=DIRECTION('',(-0.612799879560479,-0.352812000378274,0.707106781186366));
#14296=DIRECTION('center_axis',(0.,0.,-1.));
#14297=DIRECTION('ref_axis',(-0.866629900694795,-0.498951515902827,0.));
#14298=DIRECTION('center_axis',(-0.612799879560273,-0.352812000378173,-0.707106781186595));
#14299=DIRECTION('ref_axis',(-0.755702833661565,0.,0.65491467169081));
#14300=DIRECTION('',(-0.612799879560359,-0.352812000378222,0.707106781186495));
#14301=DIRECTION('',(-0.498951515902827,0.866629900694795,0.));
#14302=DIRECTION('center_axis',(0.,0.,1.));
#14303=DIRECTION('ref_axis',(0.498951515902841,-0.866629900694787,0.));
#14304=DIRECTION('',(0.35281200037835,-0.61279987956057,0.707106781186249));
#14305=DIRECTION('center_axis',(0.,0.,-1.));
#14306=DIRECTION('ref_axis',(0.498951515902841,-0.866629900694787,0.));
#14307=DIRECTION('center_axis',(0.352812000378214,-0.612799879560319,-0.707106781186535));
#14308=DIRECTION('ref_axis',(-0.894802150422489,0.,-0.446462889386441));
#14309=DIRECTION('',(0.352812000378205,-0.612799879560275,0.707106781186577));
#14310=DIRECTION('',(-0.866629900694787,-0.498951515902843,0.));
#14311=DIRECTION('center_axis',(0.,0.,-1.));
#14312=DIRECTION('ref_axis',(-0.498951515902843,0.866629900694786,0.));
#14313=DIRECTION('',(0.18397072746281,-0.682755279318251,0.70710678118645));
#14314=DIRECTION('center_axis',(0.,0.,1.));
#14315=DIRECTION('ref_axis',(-0.498951515902843,0.866629900694786,0.));
#14316=DIRECTION('center_axis',(0.183970727462776,-0.682755279318155,-0.707106781186552));
#14317=DIRECTION('ref_axis',(-0.967781507874882,0.,-0.251791487178218));
#14318=DIRECTION('',(0.183970727462759,-0.682755279318158,0.707106781186553));
#14319=DIRECTION('',(-0.96556177579357,-0.260173897857504,0.));
#14320=DIRECTION('center_axis',(0.,0.,-1.));
#14321=DIRECTION('ref_axis',(-0.260173897857501,0.965561775793571,0.));
#14322=DIRECTION('',(-5.99252705874493E-5,-0.707106778647272,0.707106781186576));
#14323=DIRECTION('center_axis',(0.,0.,1.));
#14324=DIRECTION('ref_axis',(-0.260173897857501,0.965561775793571,0.));
#14325=DIRECTION('center_axis',(-5.99252705916543E-5,-0.707106778647299,
-0.707106781186549));
#14326=DIRECTION('ref_axis',(-0.999999996408962,0.,8.47471300952648E-5));
#14327=DIRECTION('',(-2.51764216222888E-5,-0.707106781165252,0.707106780759642));
#14328=DIRECTION('',(-0.999999996408962,8.47471303995952E-5,0.));
#14329=DIRECTION('center_axis',(9.57242772879091E-6,-0.707106781121757,
-0.707106781186545));
#14330=DIRECTION('ref_axis',(-0.999999999908369,0.,-1.3537457117652E-5));
#14331=DIRECTION('',(-0.999999999908369,-1.35374571188923E-5,0.));
#14332=DIRECTION('center_axis',(0.,0.,1.));
#14333=DIRECTION('ref_axis',(0.3509134091587,-0.936407912863095,0.));
#14334=DIRECTION('',(0.248133251225458,-0.662140385142281,0.707106781186488));
#14335=DIRECTION('center_axis',(0.,0.,-1.));
#14336=DIRECTION('ref_axis',(0.3509134091587,-0.936407912863096,0.));
#14337=DIRECTION('center_axis',(0.248133251225409,-0.662140385142244,-0.70710678118654));
#14338=DIRECTION('ref_axis',(-0.943589305444959,0.,-0.331118140019388));
#14339=DIRECTION('',(0.248133251225398,-0.662140385142251,0.707106781186537));
#14340=DIRECTION('',(-0.936407912863096,-0.3509134091587,0.));
#14341=DIRECTION('center_axis',(0.,0.,1.));
#14342=DIRECTION('ref_axis',(1.,0.,0.));
#14343=DIRECTION('',(0.707106781186574,0.,0.707106781186521));
#14344=DIRECTION('center_axis',(0.,0.,-1.));
#14345=DIRECTION('ref_axis',(1.,0.,0.));
#14346=DIRECTION('center_axis',(0.707106781186521,0.,-0.707106781186574));
#14347=DIRECTION('ref_axis',(-0.707106781186574,0.,-0.707106781186521));
#14348=DIRECTION('',(0.707106781186574,0.,0.707106781186521));
#14349=DIRECTION('',(0.,-1.,0.));
#14350=DIRECTION('center_axis',(0.,0.,1.));
#14351=DIRECTION('ref_axis',(0.126023928819999,0.992027201927836,0.));
#14352=DIRECTION('',(0.0891123746604038,0.701469161604703,0.707106781186533));
#14353=DIRECTION('center_axis',(0.,0.,-1.));
#14354=DIRECTION('ref_axis',(0.126023928819999,0.992027201927836,0.));
#14355=DIRECTION('center_axis',(0.089112374660406,0.701469161604685,-0.707106781186551));
#14356=DIRECTION('ref_axis',(-0.992152339525412,0.,-0.125034935814965));
#14357=DIRECTION('center_axis',(0.126538936169026,-0.991961641210592,0.));
#14358=DIRECTION('ref_axis',(-0.991961641210592,-0.126538936169026,0.));
#14359=DIRECTION('',(0.,0.,-1.));
#14360=DIRECTION('',(0.991961641210592,0.126538936169026,0.));
#14361=DIRECTION('',(0.,0.,1.));
#14362=DIRECTION('',(0.,0.,-1.));
#14363=DIRECTION('',(0.991961641210592,0.126538936169026,0.));
#14364=DIRECTION('',(0.,0.,-1.));
#14365=DIRECTION('',(0.991961641210592,0.126538936169026,0.));
#14366=DIRECTION('',(0.,0.,-1.));
#14367=DIRECTION('center_axis',(0.,0.,-1.));
#14368=DIRECTION('ref_axis',(1.,0.,0.));
#14369=DIRECTION('',(0.780868809443035,-9.56288488038417E-17,0.624695047554419));
#14370=DIRECTION('center_axis',(0.,0.,-1.));
#14371=DIRECTION('ref_axis',(-1.,0.,0.));
#14372=DIRECTION('center_axis',(0.,0.,1.));
#14373=DIRECTION('ref_axis',(-1.,0.,0.));
#14374=DIRECTION('center_axis',(0.,0.,-1.));
#14375=DIRECTION('ref_axis',(-1.,0.,0.));
#14376=DIRECTION('center_axis',(0.,0.,1.));
#14377=DIRECTION('ref_axis',(1.,0.,0.));
#14378=DIRECTION('center_axis',(0.,0.,-1.));
#14379=DIRECTION('ref_axis',(-1.,0.,0.));
#14380=DIRECTION('center_axis',(0.,0.,1.));
#14381=DIRECTION('ref_axis',(-1.,0.,0.));
#14382=DIRECTION('center_axis',(1.,0.,0.));
#14383=DIRECTION('ref_axis',(0.,-1.,0.));
#14384=DIRECTION('',(0.,0.,1.));
#14385=DIRECTION('',(0.,1.,0.));
#14386=DIRECTION('',(0.,0.,-1.));
#14387=DIRECTION('',(0.,1.,0.));
#14388=DIRECTION('',(0.,0.,-1.));
#14389=DIRECTION('center_axis',(2.07372460922019E-13,-1.,0.));
#14390=DIRECTION('ref_axis',(-1.,-2.07372460922019E-13,0.));
#14391=DIRECTION('',(1.,2.07372460922019E-13,0.));
#14392=DIRECTION('',(0.,0.,-1.));
#14393=DIRECTION('',(0.,0.,1.));
#14394=DIRECTION('',(1.,2.07372460922019E-13,0.));
#14395=DIRECTION('',(0.,0.,-1.));
#14396=DIRECTION('',(1.,2.07372460922019E-13,0.));
#14397=DIRECTION('center_axis',(5.40075182228344E-13,1.,0.));
#14398=DIRECTION('ref_axis',(1.,-5.40075182228344E-13,0.));
#14399=DIRECTION('',(-1.,5.40075182228344E-13,0.));
#14400=DIRECTION('',(0.,0.,-1.));
#14401=DIRECTION('',(0.,0.,1.));
#14402=DIRECTION('',(-1.,5.40075182228344E-13,0.));
#14403=DIRECTION('',(0.,0.,-1.));
#14404=DIRECTION('',(0.,0.,1.));
#14405=DIRECTION('',(-1.,5.40075182228344E-13,0.));
#14406=DIRECTION('',(0.,0.,-1.));
#14407=DIRECTION('',(1.,-5.40075182228344E-13,0.));
#14408=DIRECTION('',(0.,0.,-1.));
#14409=DIRECTION('center_axis',(0.,1.,0.));
#14410=DIRECTION('ref_axis',(1.,0.,0.));
#14411=DIRECTION('',(0.,0.,-1.));
#14412=DIRECTION('',(-1.,0.,0.));
#14413=DIRECTION('center_axis',(0.984245742681231,0.176805876638398,0.));
#14414=DIRECTION('ref_axis',(0.,0.,-1.));
#14415=DIRECTION('',(0.,0.,-1.));
#14416=DIRECTION('center_axis',(0.,-1.,0.));
#14417=DIRECTION('ref_axis',(0.,0.,-1.));
#14418=DIRECTION('',(0.,0.,-1.));
#14419=DIRECTION('',(0.,0.,1.));
#14420=DIRECTION('',(-1.,0.,0.));
#14421=DIRECTION('center_axis',(0.865534771787326,0.500848838300601,0.));
#14422=DIRECTION('ref_axis',(0.,0.,-1.));
#14423=DIRECTION('',(0.,0.,1.));
#14424=DIRECTION('',(0.,0.,-1.));
#14425=DIRECTION('',(-0.500848838300601,0.865534771787326,0.));
#14426=DIRECTION('center_axis',(0.502884906679538,-0.86435338295972,0.));
#14427=DIRECTION('ref_axis',(-0.86435338295972,-0.502884906679538,0.));
#14428=DIRECTION('',(0.86435338295972,0.502884906679538,0.));
#14429=DIRECTION('',(0.,0.,-1.));
#14430=DIRECTION('',(-0.86435338295972,-0.502884906679538,0.));
#14431=DIRECTION('',(0.,0.,-1.));
#14432=DIRECTION('center_axis',(0.866629900700717,0.498951515892541,0.));
#14433=DIRECTION('ref_axis',(0.498951515892541,-0.866629900700717,0.));
#14434=DIRECTION('',(-0.498951515892541,0.866629900700717,0.));
#14435=DIRECTION('',(0.,0.,-1.));
#14436=DIRECTION('',(0.498951515892541,-0.866629900700717,0.));
#14437=DIRECTION('',(0.,0.,-1.));
#14438=DIRECTION('center_axis',(1.,0.,0.));
#14439=DIRECTION('ref_axis',(0.,-1.,0.));
#14440=DIRECTION('',(0.,0.,1.));
#14441=DIRECTION('',(0.,1.,0.));
#14442=DIRECTION('',(0.,0.,-1.));
#14443=DIRECTION('',(0.,0.,1.));
#14444=DIRECTION('',(0.,1.,0.));
#14445=DIRECTION('',(0.,0.,-1.));
#14446=DIRECTION('',(0.,1.,0.));
#14447=DIRECTION('center_axis',(0.499999128790188,-0.866025906777074,0.));
#14448=DIRECTION('ref_axis',(-0.866025906777074,-0.499999128790188,0.));
#14449=DIRECTION('',(0.,0.,1.));
#14450=DIRECTION('',(-0.866025906777074,-0.499999128790188,0.));
#14451=DIRECTION('',(0.,0.,-1.));
#14452=DIRECTION('',(0.866025906777074,0.499999128790188,0.));
#14453=DIRECTION('center_axis',(0.,0.,-1.));
#14454=DIRECTION('ref_axis',(0.259640061223663,-0.965705461622628,0.));
#14455=DIRECTION('',(0.,0.,-1.));
#14456=DIRECTION('center_axis',(0.,0.,-1.));
#14457=DIRECTION('ref_axis',(0.259640061223663,-0.965705461622628,0.));
#14458=DIRECTION('center_axis',(0.,0.,1.));
#14459=DIRECTION('ref_axis',(0.259640061223663,-0.965705461622628,0.));
#14460=DIRECTION('center_axis',(-0.498951515904377,0.866629900693903,0.));
#14461=DIRECTION('ref_axis',(0.866629900693903,0.498951515904377,0.));
#14462=DIRECTION('',(-0.866629900693903,-0.498951515904377,0.));
#14463=DIRECTION('',(0.866629900693903,0.498951515904377,0.));
#14464=DIRECTION('',(0.,0.,-1.));
#14465=DIRECTION('',(-0.866629900693903,-0.498951515904377,0.));
#14466=DIRECTION('',(-0.866629900693904,-0.498951515904376,0.));
#14467=DIRECTION('',(-0.866629900693903,-0.498951515904377,0.));
#14468=DIRECTION('',(0.,0.,-1.));
#14469=DIRECTION('',(0.,0.,1.));
#14470=DIRECTION('center_axis',(0.,0.,-1.));
#14471=DIRECTION('ref_axis',(-1.,0.,0.));
#14472=DIRECTION('center_axis',(1.,0.,0.));
#14473=DIRECTION('ref_axis',(0.,-1.,0.));
#14474=DIRECTION('',(0.,0.,1.));
#14475=DIRECTION('',(0.,-1.,0.));
#14476=DIRECTION('',(0.,0.,-1.));
#14477=DIRECTION('',(0.,1.,0.));
#14478=DIRECTION('center_axis',(0.,0.,-1.));
#14479=DIRECTION('ref_axis',(0.,-1.,0.));
#14480=DIRECTION('',(0.,0.,-1.));
#14481=DIRECTION('center_axis',(0.,0.,-1.));
#14482=DIRECTION('ref_axis',(0.,-1.,0.));
#14483=DIRECTION('center_axis',(0.,0.,1.));
#14484=DIRECTION('ref_axis',(0.,-1.,0.));
#14485=DIRECTION('center_axis',(0.,0.,1.));
#14486=DIRECTION('ref_axis',(1.,-9.55457934992345E-11,0.));
#14487=DIRECTION('center_axis',(0.,0.,1.));
#14488=DIRECTION('ref_axis',(1.,-9.55457934992345E-11,0.));
#14489=DIRECTION('center_axis',(0.,0.,1.));
#14490=DIRECTION('ref_axis',(-1.26839046463583E-10,-1.,0.));
#14491=DIRECTION('',(0.,0.,-1.));
#14492=DIRECTION('center_axis',(0.,0.,-1.));
#14493=DIRECTION('ref_axis',(1.,-9.55457934992345E-11,0.));
#14494=DIRECTION('',(0.,0.,-1.));
#14495=DIRECTION('center_axis',(8.47471289002712E-5,0.999999996408962,0.));
#14496=DIRECTION('ref_axis',(0.999999996408962,-8.47471289002712E-5,0.));
#14497=DIRECTION('',(-0.999999996408962,8.47471289002712E-5,0.));
#14498=DIRECTION('',(0.,0.,-1.));
#14499=DIRECTION('',(0.999999996408962,-8.47471289002712E-5,0.));
#14500=DIRECTION('',(0.,0.,-1.));
#14501=DIRECTION('',(-0.999999996408962,8.4747128901679E-5,0.));
#14502=DIRECTION('',(-0.999999996408962,8.47471289002712E-5,0.));
#14503=DIRECTION('',(0.,0.,-1.));
#14504=DIRECTION('',(0.,0.,1.));
#14505=DIRECTION('center_axis',(0.,0.,-1.));
#14506=DIRECTION('ref_axis',(-1.,0.,0.));
#14507=DIRECTION('',(-4.24274278455047E-11,-1.,0.));
#14508=DIRECTION('center_axis',(0.,1.,0.));
#14509=DIRECTION('ref_axis',(1.,0.,0.));
#14510=DIRECTION('',(-1.,0.,0.));
#14511=DIRECTION('',(1.,0.,0.));
#14512=DIRECTION('',(0.,0.,-1.));
#14513=DIRECTION('',(0.,0.,1.));
#14514=DIRECTION('',(-1.,0.,0.));
#14515=DIRECTION('',(0.,0.,-1.));
#14516=DIRECTION('',(0.,0.,1.));
#14517=DIRECTION('center_axis',(1.,0.,0.));
#14518=DIRECTION('ref_axis',(0.,-1.,0.));
#14519=DIRECTION('',(0.,0.,1.));
#14520=DIRECTION('',(0.,-1.,0.));
#14521=DIRECTION('',(0.,0.,-1.));
#14522=DIRECTION('',(0.,1.,0.));
#14523=DIRECTION('center_axis',(0.,0.,-1.));
#14524=DIRECTION('ref_axis',(0.,-1.,0.));
#14525=DIRECTION('',(0.,0.,-1.));
#14526=DIRECTION('center_axis',(0.,0.,-1.));
#14527=DIRECTION('ref_axis',(0.,-1.,0.));
#14528=DIRECTION('center_axis',(0.,0.,1.));
#14529=DIRECTION('ref_axis',(0.,-1.,0.));
#14530=DIRECTION('center_axis',(0.,0.,-1.));
#14531=DIRECTION('ref_axis',(-1.,0.,0.));
#14532=DIRECTION('',(-1.,5.21011733509511E-16,0.));
#14533=DIRECTION('',(1.25061612880545E-13,-1.,0.));
#14534=DIRECTION('center_axis',(0.,0.,1.));
#14535=DIRECTION('ref_axis',(1.51693705954373E-10,-1.,0.));
#14536=DIRECTION('center_axis',(0.,0.,1.));
#14537=DIRECTION('ref_axis',(1.,-5.81978909508519E-11,0.));
#14538=DIRECTION('center_axis',(0.,0.,1.));
#14539=DIRECTION('ref_axis',(1.,-5.81978909508519E-11,0.));
#14540=DIRECTION('',(0.,0.,-1.));
#14541=DIRECTION('center_axis',(0.,0.,-1.));
#14542=DIRECTION('ref_axis',(1.,-5.81978909508519E-11,0.));
#14543=DIRECTION('center_axis',(1.,0.,0.));
#14544=DIRECTION('ref_axis',(0.,-1.,0.));
#14545=DIRECTION('',(0.,1.,0.));
#14546=DIRECTION('',(0.,0.,-1.));
#14547=DIRECTION('center_axis',(-0.866025386171666,-0.500000030506216,0.));
#14548=DIRECTION('ref_axis',(-0.500000030506216,0.866025386171666,0.));
#14549=DIRECTION('',(0.,0.,-1.));
#14550=DIRECTION('',(0.500000030506216,-0.866025386171666,0.));
#14551=DIRECTION('center_axis',(0.500000030505943,-0.866025386171824,0.));
#14552=DIRECTION('ref_axis',(-0.866025386171824,-0.500000030505943,0.));
#14553=DIRECTION('',(0.,0.,-1.));
#14554=DIRECTION('',(0.866025386171824,0.500000030505943,0.));
#14555=DIRECTION('center_axis',(0.866025386171613,0.500000030506308,0.));
#14556=DIRECTION('ref_axis',(0.500000030506308,-0.866025386171613,0.));
#14557=DIRECTION('',(0.,0.,-1.));
#14558=DIRECTION('',(-0.500000030506308,0.866025386171613,0.));
#14559=DIRECTION('center_axis',(0.500848838300687,-0.865534771787276,0.));
#14560=DIRECTION('ref_axis',(-0.865534771787276,-0.500848838300687,0.));
#14561=DIRECTION('',(0.,0.,-1.));
#14562=DIRECTION('',(0.865534771787276,0.500848838300687,0.));
#14563=DIRECTION('center_axis',(1.,0.,0.));
#14564=DIRECTION('ref_axis',(0.,-1.,0.));
#14565=DIRECTION('',(0.,0.,-1.));
#14566=DIRECTION('',(0.,1.,0.));
#14567=DIRECTION('center_axis',(-0.500848838300645,0.865534771787301,0.));
#14568=DIRECTION('ref_axis',(0.865534771787301,0.500848838300645,0.));
#14569=DIRECTION('',(-0.865534771787301,-0.500848838300645,0.));
#14570=DIRECTION('center_axis',(0.,0.,1.));
#14571=DIRECTION('ref_axis',(1.,0.,0.));
#14572=DIRECTION('center_axis',(0.,0.,1.));
#14573=DIRECTION('ref_axis',(-1.,-4.8800469837969E-12,0.));
#14574=DIRECTION('center_axis',(0.,0.,1.));
#14575=DIRECTION('ref_axis',(1.,0.,0.));
#14576=DIRECTION('',(-0.866025906777043,-0.499999128790241,0.));
#14577=DIRECTION('',(-0.500000030506378,0.866025386171573,0.));
#14578=DIRECTION('',(-0.866025386171654,-0.500000030506237,0.));
#14579=DIRECTION('',(-0.499999128790093,0.866025906777129,0.));
#14580=DIRECTION('center_axis',(-0.500000030506237,0.866025386171654,0.));
#14581=DIRECTION('ref_axis',(0.866025386171654,0.500000030506237,0.));
#14582=DIRECTION('',(0.,0.,-1.));
#14583=DIRECTION('center_axis',(0.866025386171573,0.500000030506378,0.));
#14584=DIRECTION('ref_axis',(0.500000030506378,-0.866025386171573,0.));
#14585=DIRECTION('',(0.,0.,-1.));
#14586=DIRECTION('center_axis',(-0.499999128790241,0.866025906777043,0.));
#14587=DIRECTION('ref_axis',(0.866025906777043,0.499999128790241,0.));
#14588=DIRECTION('',(0.,0.,-1.));
#14589=DIRECTION('center_axis',(0.866025906777129,0.499999128790093,0.));
#14590=DIRECTION('ref_axis',(0.499999128790093,-0.866025906777129,0.));
#14591=DIRECTION('center_axis',(1.,0.,0.));
#14592=DIRECTION('ref_axis',(0.,-1.,0.));
#14593=DIRECTION('',(0.,0.,-1.));
#14594=DIRECTION('',(0.,1.,0.));
#14595=DIRECTION('center_axis',(0.,1.,0.));
#14596=DIRECTION('ref_axis',(1.,0.,0.));
#14597=DIRECTION('',(0.,0.,-1.));
#14598=DIRECTION('',(-1.,0.,0.));
#14599=DIRECTION('center_axis',(-0.96591542551172,-0.258857858212791,0.));
#14600=DIRECTION('ref_axis',(-0.258857858212791,0.96591542551172,0.));
#14601=DIRECTION('',(0.,0.,-1.));
#14602=DIRECTION('',(0.258857858212791,-0.96591542551172,0.));
#14603=DIRECTION('center_axis',(-1.,0.,0.));
#14604=DIRECTION('ref_axis',(0.,1.,0.));
#14605=DIRECTION('',(0.,0.,-1.));
#14606=DIRECTION('',(0.,-1.,0.));
#14607=DIRECTION('center_axis',(-0.259640061223758,0.965705461622602,0.));
#14608=DIRECTION('ref_axis',(0.965705461622602,0.259640061223758,0.));
#14609=DIRECTION('',(0.,0.,-1.));
#14610=DIRECTION('',(-0.965705461622602,-0.259640061223758,0.));
#14611=DIRECTION('center_axis',(-0.965705461622578,-0.259640061223849,0.));
#14612=DIRECTION('ref_axis',(-0.259640061223849,0.965705461622578,0.));
#14613=DIRECTION('',(0.,0.,-1.));
#14614=DIRECTION('',(0.259640061223849,-0.965705461622578,0.));
#14615=DIRECTION('center_axis',(0.,0.,1.));
#14616=DIRECTION('ref_axis',(1.,0.,0.));
#14617=DIRECTION('',(-0.965561775794529,-0.260173897853948,0.));
#14618=DIRECTION('',(-0.00164570135860135,-0.999998645832602,0.));
#14619=DIRECTION('center_axis',(0.,0.,1.));
#14620=DIRECTION('ref_axis',(0.999998645832735,-0.00164570127820686,0.));
#14621=DIRECTION('center_axis',(0.,0.,1.));
#14622=DIRECTION('ref_axis',(1.,0.,0.));
#14623=DIRECTION('',(-1.,0.,0.));
#14624=DIRECTION('',(0.,-1.,0.));
#14625=DIRECTION('',(-1.,0.,0.));
#14626=DIRECTION('',(0.,-1.,0.));
#14627=DIRECTION('',(-1.,0.,0.));
#14628=DIRECTION('',(0.,1.,0.));
#14629=DIRECTION('center_axis',(-1.,0.,0.));
#14630=DIRECTION('ref_axis',(0.,1.,0.));
#14631=DIRECTION('',(0.,0.,-1.));
#14632=DIRECTION('',(0.,0.,-1.));
#14633=DIRECTION('center_axis',(0.,1.,0.));
#14634=DIRECTION('ref_axis',(1.,0.,0.));
#14635=DIRECTION('',(0.,0.,-1.));
#14636=DIRECTION('center_axis',(-1.,0.,0.));
#14637=DIRECTION('ref_axis',(0.,1.,0.));
#14638=DIRECTION('',(0.,0.,-1.));
#14639=DIRECTION('center_axis',(0.,1.,0.));
#14640=DIRECTION('ref_axis',(1.,0.,0.));
#14641=DIRECTION('',(0.,0.,-1.));
#14642=DIRECTION('center_axis',(1.,0.,0.));
#14643=DIRECTION('ref_axis',(0.,-1.,0.));
#14644=DIRECTION('center_axis',(-0.0191344575654429,-0.999816919507605,
0.));
#14645=DIRECTION('ref_axis',(-0.999816919507605,0.0191344575654429,0.));
#14646=DIRECTION('',(0.,0.,-1.));
#14647=DIRECTION('center_axis',(1.,0.,0.));
#14648=DIRECTION('ref_axis',(0.,-1.,0.));
#14649=DIRECTION('',(0.,0.,-1.));
#14650=DIRECTION('center_axis',(0.,-1.,0.));
#14651=DIRECTION('ref_axis',(-1.,0.,0.));
#14652=DIRECTION('',(0.,0.,-1.));
#14653=DIRECTION('center_axis',(0.00180426758062372,-0.999998372307924,
0.));
#14654=DIRECTION('ref_axis',(-0.999998372307924,-0.00180426758062372,0.));
#14655=DIRECTION('',(0.,0.,-1.));
#14656=DIRECTION('center_axis',(0.999998372307924,0.00180426758087527,0.));
#14657=DIRECTION('ref_axis',(0.00180426758087527,-0.999998372307924,0.));
#14658=DIRECTION('',(0.,0.,-1.));
#14659=DIRECTION('center_axis',(0.,-1.,0.));
#14660=DIRECTION('ref_axis',(-1.,0.,0.));
#14661=DIRECTION('',(0.,0.,-1.));
#14662=DIRECTION('center_axis',(0.999999896568185,-0.000454822623535467,
0.));
#14663=DIRECTION('ref_axis',(-0.000454822623535467,-0.999999896568185,0.));
#14664=DIRECTION('',(0.,0.,-1.));
#14665=DIRECTION('center_axis',(0.,-1.,0.));
#14666=DIRECTION('ref_axis',(-1.,0.,0.));
#14667=DIRECTION('',(0.,0.,-1.));
#14668=DIRECTION('center_axis',(-1.,0.,0.));
#14669=DIRECTION('ref_axis',(0.,1.,0.));
#14670=DIRECTION('',(0.,0.,-1.));
#14671=DIRECTION('center_axis',(0.,-1.,0.));
#14672=DIRECTION('ref_axis',(-1.,0.,0.));
#14673=DIRECTION('',(0.,0.,-1.));
#14674=DIRECTION('center_axis',(-1.,0.,0.));
#14675=DIRECTION('ref_axis',(0.,1.,0.));
#14676=DIRECTION('',(0.,0.,-1.));
#14677=DIRECTION('center_axis',(-0.999999904191897,-0.000437739873119368,
0.));
#14678=DIRECTION('ref_axis',(-0.000437739873119368,0.999999904191897,0.));
#14679=DIRECTION('',(0.,0.,-1.));
#14680=DIRECTION('center_axis',(0.,-1.,0.));
#14681=DIRECTION('ref_axis',(-1.,0.,0.));
#14682=DIRECTION('',(0.,0.,-1.));
#14683=DIRECTION('center_axis',(1.,0.,0.));
#14684=DIRECTION('ref_axis',(0.,-1.,0.));
#14685=DIRECTION('center_axis',(0.,0.,1.));
#14686=DIRECTION('ref_axis',(1.,0.,0.));
#14687=DIRECTION('',(-1.,0.,0.));
#14688=DIRECTION('',(0.,-1.,0.));
#14689=DIRECTION('',(0.,1.,0.));
#14690=DIRECTION('center_axis',(1.,0.,0.));
#14691=DIRECTION('ref_axis',(0.,-1.,0.));
#14692=DIRECTION('',(0.,0.,-1.));
#14693=DIRECTION('center_axis',(-1.,0.,0.));
#14694=DIRECTION('ref_axis',(0.,1.,0.));
#14695=DIRECTION('',(0.,0.,-1.));
#14696=DIRECTION('center_axis',(0.,1.,0.));
#14697=DIRECTION('ref_axis',(1.,0.,0.));
#14698=DIRECTION('center_axis',(0.965705461622579,0.259640061223846,0.));
#14699=DIRECTION('ref_axis',(0.259640061223846,-0.965705461622579,0.));
#14700=DIRECTION('',(0.,0.,-1.));
#14701=DIRECTION('',(-0.259640061223846,0.965705461622579,0.));
#14702=DIRECTION('',(0.,0.,1.));
#14703=DIRECTION('center_axis',(-0.259640061223701,0.965705461622618,0.));
#14704=DIRECTION('ref_axis',(0.965705461622618,0.259640061223701,0.));
#14705=DIRECTION('',(0.,0.,-1.));
#14706=DIRECTION('',(-0.965705461622618,-0.259640061223701,0.));
#14707=DIRECTION('center_axis',(-0.499999128790077,0.866025906777138,0.));
#14708=DIRECTION('ref_axis',(0.866025906777138,0.499999128790077,0.));
#14709=DIRECTION('',(0.,0.,-1.));
#14710=DIRECTION('',(-0.866025906777138,-0.499999128790077,0.));
#14711=DIRECTION('center_axis',(-0.86602590677718,-0.499999128790004,0.));
#14712=DIRECTION('ref_axis',(-0.499999128790004,0.86602590677718,0.));
#14713=DIRECTION('',(0.499999128790004,-0.86602590677718,0.));
#14714=DIRECTION('center_axis',(0.,0.,1.));
#14715=DIRECTION('ref_axis',(1.,0.,0.));
#14716=DIRECTION('center_axis',(0.,0.,1.));
#14717=DIRECTION('ref_axis',(0.498951515991293,-0.866629900643862,0.));
#14718=DIRECTION('',(-0.965561775794529,-0.260173897853948,0.));
#14719=DIRECTION('center_axis',(0.,0.,1.));
#14720=DIRECTION('ref_axis',(1.,0.,0.));
#14721=DIRECTION('',(0.,1.,0.));
#14722=DIRECTION('',(-1.,0.,0.));
#14723=DIRECTION('',(1.,0.,0.));
#14724=DIRECTION('center_axis',(0.,-1.,0.));
#14725=DIRECTION('ref_axis',(-1.,0.,0.));
#14726=DIRECTION('',(0.,0.,-1.));
#14727=DIRECTION('center_axis',(0.,1.,0.));
#14728=DIRECTION('ref_axis',(1.,0.,0.));
#14729=DIRECTION('',(0.,0.,-1.));
#14730=DIRECTION('center_axis',(1.,0.,0.));
#14731=DIRECTION('ref_axis',(0.,-1.,0.));
#14732=DIRECTION('center_axis',(1.,0.,0.));
#14733=DIRECTION('ref_axis',(0.,-1.,0.));
#14734=DIRECTION('',(0.,0.,-1.));
#14735=DIRECTION('',(0.,1.,0.));
#14736=DIRECTION('center_axis',(0.,1.,0.));
#14737=DIRECTION('ref_axis',(1.,0.,0.));
#14738=DIRECTION('',(0.,0.,-1.));
#14739=DIRECTION('',(-1.,0.,0.));
#14740=DIRECTION('center_axis',(-1.,0.,0.));
#14741=DIRECTION('ref_axis',(0.,1.,0.));
#14742=DIRECTION('',(0.,0.,-1.));
#14743=DIRECTION('',(0.,-1.,0.));
#14744=DIRECTION('center_axis',(0.,1.,0.));
#14745=DIRECTION('ref_axis',(1.,0.,0.));
#14746=DIRECTION('',(0.,0.,-1.));
#14747=DIRECTION('',(-1.,0.,0.));
#14748=DIRECTION('center_axis',(-1.,0.,0.));
#14749=DIRECTION('ref_axis',(0.,1.,0.));
#14750=DIRECTION('',(0.,-1.,0.));
#14751=DIRECTION('center_axis',(0.,0.,1.));
#14752=DIRECTION('ref_axis',(1.,0.,0.));
#14753=DIRECTION('center_axis',(0.,0.,1.));
#14754=DIRECTION('ref_axis',(1.,0.,0.));
#14755=DIRECTION('',(1.,0.,0.));
#14756=DIRECTION('',(0.,-1.,0.));
#14757=DIRECTION('',(-1.,0.,0.));
#14758=DIRECTION('',(0.,-1.,0.));
#14759=DIRECTION('',(0.,-1.,0.));
#14760=DIRECTION('center_axis',(-1.,0.,0.));
#14761=DIRECTION('ref_axis',(0.,1.,0.));
#14762=DIRECTION('',(0.,0.,-1.));
#14763=DIRECTION('center_axis',(0.,1.,0.));
#14764=DIRECTION('ref_axis',(1.,0.,0.));
#14765=DIRECTION('',(0.,0.,-1.));
#14766=DIRECTION('center_axis',(-1.,0.,0.));
#14767=DIRECTION('ref_axis',(0.,1.,0.));
#14768=DIRECTION('',(0.,0.,-1.));
#14769=DIRECTION('center_axis',(0.,-1.,0.));
#14770=DIRECTION('ref_axis',(-1.,0.,0.));
#14771=DIRECTION('',(0.,0.,-1.));
#14772=DIRECTION('center_axis',(-1.,0.,0.));
#14773=DIRECTION('ref_axis',(0.,1.,0.));
#14774=DIRECTION('center_axis',(1.,0.,0.));
#14775=DIRECTION('ref_axis',(0.,-1.,0.));
#14776=DIRECTION('',(0.,1.,0.));
#14777=DIRECTION('',(0.,0.,-1.));
#14778=DIRECTION('center_axis',(0.,-1.,0.));
#14779=DIRECTION('ref_axis',(-1.,0.,0.));
#14780=DIRECTION('',(1.,0.,0.));
#14781=DIRECTION('center_axis',(0.,0.,1.));
#14782=DIRECTION('ref_axis',(1.,0.,0.));
#14783=DIRECTION('center_axis',(0.,0.,1.));
#14784=DIRECTION('ref_axis',(1.,0.,0.));
#14785=DIRECTION('',(-1.,0.,0.));
#14786=DIRECTION('',(0.,-1.,0.));
#14787=DIRECTION('',(0.,1.,0.));
#14788=DIRECTION('center_axis',(1.,0.,0.));
#14789=DIRECTION('ref_axis',(0.,-1.,0.));
#14790=DIRECTION('',(0.,0.,-1.));
#14791=DIRECTION('center_axis',(-1.,0.,0.));
#14792=DIRECTION('ref_axis',(0.,1.,0.));
#14793=DIRECTION('',(0.,0.,-1.));
#14794=DIRECTION('center_axis',(0.,1.,0.));
#14795=DIRECTION('ref_axis',(1.,0.,0.));
#14796=DIRECTION('center_axis',(0.,0.,-1.));
#14797=DIRECTION('ref_axis',(0.707106781186526,-0.70710678118657,0.));
#14798=DIRECTION('center_axis',(0.,0.,-1.));
#14799=DIRECTION('ref_axis',(0.707106781186526,-0.70710678118657,0.));
#14800=DIRECTION('',(0.,0.,-1.));
#14801=DIRECTION('center_axis',(0.,0.,-1.));
#14802=DIRECTION('ref_axis',(0.707106781186526,-0.70710678118657,0.));
#14803=DIRECTION('',(0.,0.,-1.));
#14804=DIRECTION('center_axis',(0.,0.,1.));
#14805=DIRECTION('ref_axis',(0.707106781186526,-0.70710678118657,0.));
#14806=DIRECTION('',(0.,0.,-1.));
#14807=DIRECTION('center_axis',(1.,0.,0.));
#14808=DIRECTION('ref_axis',(0.,1.,0.));
#14809=DIRECTION('',(0.,0.,1.));
#14810=DIRECTION('',(0.,1.,0.));
#14811=DIRECTION('center_axis',(0.888840044694867,0.458217606543908,0.));
#14812=DIRECTION('ref_axis',(-0.458217606543908,0.888840044694867,0.));
#14813=DIRECTION('',(-0.458217606543908,0.888840044694867,0.));
#14814=DIRECTION('center_axis',(-0.888840044694867,0.458217606543907,0.));
#14815=DIRECTION('ref_axis',(-0.458217606543907,-0.888840044694867,0.));
#14816=DIRECTION('',(-0.458217606543904,-0.888840044694868,0.));
#14817=DIRECTION('center_axis',(0.,0.,-1.));
#14818=DIRECTION('ref_axis',(-0.498555459956953,-0.86685780457184,0.));
#14819=DIRECTION('center_axis',(4.29656310529899E-13,2.48539968001661E-13,
-1.));
#14820=DIRECTION('ref_axis',(-0.498555459956953,-0.86685780457184,-4.29656310529916E-13));
#14821=DIRECTION('',(0.,0.,-1.));
#14822=DIRECTION('center_axis',(-0.707106781186542,-2.95779507214288E-16,
0.707106781186553));
#14823=DIRECTION('ref_axis',(-0.707106781186553,-3.43457725337063E-16,-0.707106781186542));
#14824=DIRECTION('',(-4.18295390574481E-16,1.,0.));
#14825=DIRECTION('',(0.,0.,1.));
#14826=DIRECTION('center_axis',(6.05410064616621E-16,-0.0639957137321677,
-0.997950173417446));
#14827=DIRECTION('ref_axis',(-0.543675177528786,-0.837575306783177,0.0537113284709123));
#14828=DIRECTION('',(0.612961031937231,-0.352531946533142,0.707106781186547));
#14829=DIRECTION('',(0.612961031937231,-0.352531946533142,0.707106781186547));
#14830=DIRECTION('center_axis',(0.498555459956949,0.866857804571843,0.));
#14831=DIRECTION('ref_axis',(-0.866857804571843,0.498555459956949,0.));
#14832=DIRECTION('',(0.612961031937231,-0.352531946533142,0.707106781186547));
#14833=DIRECTION('',(0.866857804571553,-0.498555459957453,0.));
#14834=DIRECTION('',(0.,0.,1.));
#14835=DIRECTION('',(-0.866857804571553,0.498555459957453,0.));
#14836=DIRECTION('',(-0.655013011958893,0.376717279042376,-0.655013011958883));
#14837=DIRECTION('center_axis',(0.707106781186542,2.95779507214288E-16,
-0.707106781186553));
#14838=DIRECTION('ref_axis',(-0.707106781186553,0.,-0.707106781186542));
#14839=DIRECTION('',(4.18295390574481E-16,-1.,0.));
#14840=DIRECTION('',(0.707106781186553,4.90653893338677E-17,0.707106781186542));
#14841=DIRECTION('',(-4.18295390574481E-16,1.,0.));
#14842=DIRECTION('center_axis',(0.,0.,-1.));
#14843=DIRECTION('ref_axis',(0.866857804571823,-0.498555459956983,0.));
#14844=DIRECTION('',(0.,0.,-1.));
#14845=DIRECTION('center_axis',(0.355593327679833,-0.611190138426337,-0.707106781186532));
#14846=DIRECTION('ref_axis',(0.355593327679818,-0.61119013842631,0.707106781186563));
#14847=DIRECTION('',(0.,0.,-1.));
#14848=DIRECTION('center_axis',(1.,4.18295390574481E-16,0.));
#14849=DIRECTION('ref_axis',(4.18295390574481E-16,-1.,0.));
#14850=DIRECTION('',(0.,0.,-1.));
#14851=DIRECTION('center_axis',(0.,0.,-1.));
#14852=DIRECTION('ref_axis',(-1.,0.,0.));
#14853=DIRECTION('',(0.0894765398492322,-0.701422803176934,0.707106781186562));
#14854=DIRECTION('center_axis',(0.,0.,-1.));
#14855=DIRECTION('ref_axis',(-1.,0.,0.));
#14856=DIRECTION('center_axis',(0.,0.,1.));
#14857=DIRECTION('ref_axis',(-1.,0.,0.));
#14858=DIRECTION('center_axis',(0.0894765398492489,-0.701422803176939,-0.707106781186556));
#14859=DIRECTION('ref_axis',(-0.992088828912168,0.,-0.125537864995718));
#14860=DIRECTION('',(-0.991961641210592,-0.126538936169026,0.));
#14861=DIRECTION('',(-0.0322622688639405,-0.711623049113118,0.701820334543464));
#14862=DIRECTION('center_axis',(-0.152578684441305,-0.690448944567341,-0.707106781186552));
#14863=DIRECTION('ref_axis',(-0.977502390873732,0.,0.210924336756425));
#14864=DIRECTION('',(0.976442261533328,-0.215778844865939,0.));
#14865=DIRECTION('',(-0.976442261533328,0.215778844865939,0.));
#14866=DIRECTION('',(0.,-0.715484151870317,0.698628963343499));
#14867=DIRECTION('center_axis',(-1.,0.,0.));
#14868=DIRECTION('ref_axis',(0.,-1.,0.));
#14869=DIRECTION('',(3.25853842823962E-14,-1.,0.));
#14870=DIRECTION('',(0.,0.,-1.));
#14871=DIRECTION('',(0.,-1.,0.));
#14872=DIRECTION('',(0.,0.,-1.));
#14873=DIRECTION('center_axis',(-0.215778844865939,-0.976442261533328,0.));
#14874=DIRECTION('ref_axis',(-0.976442261533328,0.215778844865939,0.));
#14875=DIRECTION('',(-0.976442261533328,0.215778844865939,0.));
#14876=DIRECTION('',(-0.976442261533328,0.215778844865939,0.));
#14877=DIRECTION('',(0.92514282378576,-0.204442451660201,0.31986565860823));
#14878=DIRECTION('center_axis',(0.,0.,1.));
#14879=DIRECTION('ref_axis',(-1.,0.,0.));
#14880=DIRECTION('center_axis',(0.502884906694189,-0.864353382951196,0.));
#14881=DIRECTION('ref_axis',(-0.864353382951196,-0.502884906694189,0.));
#14882=DIRECTION('',(0.,0.,-1.));
#14883=DIRECTION('',(0.864353382951196,0.502884906694189,0.));
#14884=DIRECTION('center_axis',(5.99252705916548E-5,0.707106778647305,-0.707106781186543));
#14885=DIRECTION('ref_axis',(-0.999999996408962,0.,-8.47471300952663E-5));
#14886=DIRECTION('',(-2.51764215565865E-5,-0.707106781165251,-0.707106780759643));
#14887=DIRECTION('',(0.999999996408962,-8.47471303995952E-5,0.));
#14888=DIRECTION('',(5.99252706029067E-5,0.707106778647295,0.707106781186552));
#14889=DIRECTION('',(-0.999999996408962,8.47471303995952E-5,0.));
#14890=DIRECTION('center_axis',(-9.57242772879086E-6,0.707106781121754,
-0.707106781186548));
#14891=DIRECTION('ref_axis',(-0.999999999908369,0.,1.35374571176518E-5));
#14892=DIRECTION('',(-0.999999999908369,-1.35374571188923E-5,0.));
#14893=DIRECTION('',(9.57242773566972E-6,-0.707106781121762,-0.70710678118654));
#14894=DIRECTION('',(0.999999999908369,1.35374571188923E-5,0.));
#14895=DIRECTION('center_axis',(0.0894765398492501,-0.701422803176948,-0.707106781186546));
#14896=DIRECTION('ref_axis',(-0.992088828912168,0.,-0.125537864995721));
#14897=DIRECTION('',(-0.991961641210592,-0.126538936169026,0.));
#14898=DIRECTION('',(0.0894765398492469,-0.701422803176815,0.707106781186678));
#14899=DIRECTION('center_axis',(0.,0.,-1.));
#14900=DIRECTION('ref_axis',(-0.126538936169018,0.991961641210593,0.));
#14901=DIRECTION('',(0.000177458441631986,-0.707106758918684,0.707106781186559));
#14902=DIRECTION('center_axis',(0.,0.,-1.));
#14903=DIRECTION('ref_axis',(-0.126538936169018,0.991961641210593,0.));
#14904=DIRECTION('center_axis',(0.,0.,1.));
#14905=DIRECTION('ref_axis',(-0.126538936169018,0.991961641210593,0.));
#14906=DIRECTION('center_axis',(0.000177458441641315,-0.707106758918697,
-0.707106781186545));
#14907=DIRECTION('ref_axis',(-0.999999968508503,0.,-0.000250964127023507));
#14908=DIRECTION('',(0.000177458441631984,-0.707106758918693,0.70710678118655));
#14909=DIRECTION('',(0.999999968508501,0.000250964134926742,0.));
#14910=DIRECTION('',(-0.999999968508501,-0.000250964134926742,0.));
#14911=DIRECTION('center_axis',(0.,0.,-1.));
#14912=DIRECTION('ref_axis',(-0.000250964134927701,0.999999968508501,0.));
#14913=DIRECTION('',(-0.0891123746604049,-0.701469161604694,0.707106781186541));
#14914=DIRECTION('center_axis',(0.,0.,-1.));
#14915=DIRECTION('ref_axis',(-0.000250964134927701,0.999999968508501,0.));
#14916=DIRECTION('center_axis',(0.,0.,1.));
#14917=DIRECTION('ref_axis',(-0.000250964134927701,0.999999968508501,0.));
#14918=DIRECTION('center_axis',(-0.0891123746604062,-0.701469161604687,
-0.707106781186549));
#14919=DIRECTION('ref_axis',(-0.992152339525411,0.,0.125034935814966));
#14920=DIRECTION('',(-0.0891123746604053,-0.70146916160469,0.707106781186545));
#14921=DIRECTION('',(-0.992027201927834,0.126023928820019,0.));
#14922=DIRECTION('center_axis',(0.,0.,-1.));
#14923=DIRECTION('ref_axis',(0.126023928819999,0.992027201927836,0.));
#14924=DIRECTION('',(-0.707106781186565,-9.81307786677335E-17,0.70710678118653));
#14925=DIRECTION('center_axis',(0.,0.,-1.));
#14926=DIRECTION('ref_axis',(0.126023928819999,0.992027201927836,0.));
#14927=DIRECTION('center_axis',(0.,0.,1.));
#14928=DIRECTION('ref_axis',(0.126023928819999,0.992027201927836,0.));
#14929=DIRECTION('center_axis',(-0.707106781186543,0.,-0.707106781186552));
#14930=DIRECTION('ref_axis',(-0.707106781186552,0.,0.707106781186543));
#14931=DIRECTION('',(-0.707106781186552,0.,0.707106781186543));
#14932=DIRECTION('',(0.,-1.,0.));
#14933=DIRECTION('',(0.,1.,0.));
#14934=DIRECTION('center_axis',(0.,0.,-1.));
#14935=DIRECTION('ref_axis',(1.,0.,0.));
#14936=DIRECTION('',(-0.248133251225427,0.662140385142305,0.707106781186476));
#14937=DIRECTION('center_axis',(0.,0.,-1.));
#14938=DIRECTION('ref_axis',(1.,0.,0.));
#14939=DIRECTION('center_axis',(0.,0.,1.));
#14940=DIRECTION('ref_axis',(1.,0.,0.));
#14941=DIRECTION('center_axis',(-0.248133251225406,0.662140385142236,-0.707106781186548));
#14942=DIRECTION('ref_axis',(-0.943589305444962,0.,0.331118140019381));
#14943=DIRECTION('',(-0.248133251225401,0.662140385142239,0.707106781186547));
#14944=DIRECTION('',(-0.936407912863096,-0.3509134091587,0.));
#14945=DIRECTION('',(0.936407912863096,0.3509134091587,0.));
#14946=DIRECTION('center_axis',(0.,0.,-1.));
#14947=DIRECTION('ref_axis',(0.3509134091587,-0.936407912863096,0.));
#14948=DIRECTION('',(0.,0.70710678118654,0.707106781186555));
#14949=DIRECTION('center_axis',(0.,0.,-1.));
#14950=DIRECTION('ref_axis',(0.3509134091587,-0.936407912863096,0.));
#14951=DIRECTION('center_axis',(0.,0.,1.));
#14952=DIRECTION('ref_axis',(0.3509134091587,-0.936407912863096,0.));
#14953=DIRECTION('center_axis',(6.84881410490597E-17,0.707106781186549,
-0.707106781186546));
#14954=DIRECTION('ref_axis',(-1.,0.,-9.6856857933302E-17));
#14955=DIRECTION('',(-1.,9.68568579333015E-17,0.));
#14956=DIRECTION('',(1.,-9.68568579333015E-17,0.));
#14957=DIRECTION('center_axis',(0.,0.,1.));
#14958=DIRECTION('ref_axis',(-0.260173897857501,0.965561775793571,0.));
#14959=DIRECTION('',(-0.183970727462775,0.682755279318152,0.707106781186554));
#14960=DIRECTION('center_axis',(0.,0.,1.));
#14961=DIRECTION('ref_axis',(-0.260173897857501,0.965561775793571,0.));
#14962=DIRECTION('center_axis',(0.,0.,-1.));
#14963=DIRECTION('ref_axis',(-0.260173897857501,0.965561775793571,0.));
#14964=DIRECTION('center_axis',(-0.183970727462776,0.682755279318153,-0.707106781186553));
#14965=DIRECTION('ref_axis',(-0.967781507874883,0.,0.251791487178217));
#14966=DIRECTION('',(-0.183970727462773,0.682755279318159,0.707106781186548));
#14967=DIRECTION('',(-0.96556177579357,-0.260173897857504,0.));
#14968=DIRECTION('',(0.96556177579357,0.260173897857504,0.));
#14969=DIRECTION('center_axis',(0.,0.,1.));
#14970=DIRECTION('ref_axis',(-0.498951515902843,0.866629900694786,0.));
#14971=DIRECTION('',(-0.352812000378261,0.612799879560391,0.707106781186449));
#14972=DIRECTION('center_axis',(0.,0.,1.));
#14973=DIRECTION('ref_axis',(-0.498951515902843,0.866629900694786,0.));
#14974=DIRECTION('center_axis',(0.,0.,-1.));
#14975=DIRECTION('ref_axis',(-0.498951515902843,0.866629900694786,0.));
#14976=DIRECTION('center_axis',(-0.352812000378206,0.612799879560306,-0.70710678118655));
#14977=DIRECTION('ref_axis',(-0.894802150422497,0.,0.446462889386425));
#14978=DIRECTION('',(-0.352812000378208,0.61279987956031,0.707106781186545));
#14979=DIRECTION('',(-0.866629900694787,-0.498951515902843,0.));
#14980=DIRECTION('',(0.866629900694786,0.498951515902843,0.));
#14981=DIRECTION('center_axis',(0.,0.,-1.));
#14982=DIRECTION('ref_axis',(0.498951515902841,-0.866629900694787,0.));
#14983=DIRECTION('',(0.612799879560204,0.352812000378145,0.707106781186669));
#14984=DIRECTION('center_axis',(0.,0.,-1.));
#14985=DIRECTION('ref_axis',(0.498951515902841,-0.866629900694787,0.));
#14986=DIRECTION('center_axis',(0.,0.,1.));
#14987=DIRECTION('ref_axis',(0.498951515902841,-0.866629900694787,0.));
#14988=DIRECTION('center_axis',(0.61279987956032,0.3528120003782,-0.707106781186541));
#14989=DIRECTION('ref_axis',(-0.755702833661516,0.,-0.654914671690867));
#14990=DIRECTION('',(0.612799879560305,0.3528120003782,0.707106781186554));
#14991=DIRECTION('',(-0.498951515902827,0.866629900694795,0.));
#14992=DIRECTION('',(0.498951515902827,-0.866629900694795,0.));
#14993=DIRECTION('center_axis',(0.,0.,-1.));
#14994=DIRECTION('ref_axis',(-0.866629900694795,-0.498951515902827,0.));
#14995=DIRECTION('',(0.355593327679894,-0.611190138426429,0.707106781186421));
#14996=DIRECTION('center_axis',(0.,0.,-1.));
#14997=DIRECTION('ref_axis',(-0.866629900694795,-0.498951515902827,0.));
#14998=DIRECTION('center_axis',(0.,0.,1.));
#14999=DIRECTION('ref_axis',(-0.866629900694795,-0.498951515902827,0.));
#15000=DIRECTION('center_axis',(0.355593327679833,-0.611190138426337,-0.707106781186532));
#15001=DIRECTION('ref_axis',(-0.893393871221802,0.,-0.449274293570556));
#15002=DIRECTION('',(-0.864353382951196,-0.502884906694189,0.));
#15003=DIRECTION('',(0.355593327679814,-0.611190138426312,0.707106781186563));
#15004=DIRECTION('center_axis',(0.,0.,1.));
#15005=DIRECTION('ref_axis',(0.983466529235307,-0.181089993853497,0.));
#15006=DIRECTION('center_axis',(0.,0.,-1.));
#15007=DIRECTION('ref_axis',(0.983466529235307,-0.181089993853497,0.));
#15008=DIRECTION('center_axis',(0.,0.,1.));
#15009=DIRECTION('ref_axis',(-0.866629900694795,-0.498951515902827,0.));
#15010=DIRECTION('',(0.,0.,-1.));
#15011=DIRECTION('center_axis',(0.866629900694796,0.498951515902827,0.));
#15012=DIRECTION('ref_axis',(0.498951515902827,-0.866629900694795,0.));
#15013=DIRECTION('',(0.,0.,-1.));
#15014=DIRECTION('center_axis',(0.,0.,1.));
#15015=DIRECTION('ref_axis',(0.498951515902841,-0.866629900694787,0.));
#15016=DIRECTION('',(0.,0.,-1.));
#15017=DIRECTION('center_axis',(-0.498951515902843,0.866629900694787,0.));
#15018=DIRECTION('ref_axis',(0.866629900694787,0.498951515902843,0.));
#15019=DIRECTION('',(0.,0.,-1.));
#15020=DIRECTION('center_axis',(0.,0.,1.));
#15021=DIRECTION('ref_axis',(0.498951515902843,-0.866629900694786,0.));
#15022=DIRECTION('',(0.,0.,-1.));
#15023=DIRECTION('center_axis',(-0.260173897857504,0.96556177579357,0.));
#15024=DIRECTION('ref_axis',(0.96556177579357,0.260173897857504,0.));
#15025=DIRECTION('',(0.,0.,-1.));
#15026=DIRECTION('center_axis',(0.,0.,1.));
#15027=DIRECTION('ref_axis',(0.260173897857501,-0.965561775793571,0.));
#15028=DIRECTION('',(0.,0.,-1.));
#15029=DIRECTION('center_axis',(8.47471303995952E-5,0.999999996408962,0.));
#15030=DIRECTION('ref_axis',(0.999999996408962,-8.47471303995952E-5,0.));
#15031=DIRECTION('',(0.,0.,-1.));
#15032=DIRECTION('center_axis',(-1.35374571188923E-5,0.999999999908369,
0.));
#15033=DIRECTION('ref_axis',(0.999999999908369,1.35374571188923E-5,0.));
#15034=DIRECTION('',(0.,0.,-1.));
#15035=DIRECTION('center_axis',(9.68568579333016E-17,1.,0.));
#15036=DIRECTION('ref_axis',(1.,-9.68568579333015E-17,0.));
#15037=DIRECTION('',(0.,0.,-1.));
#15038=DIRECTION('center_axis',(0.,0.,1.));
#15039=DIRECTION('ref_axis',(0.3509134091587,-0.936407912863096,0.));
#15040=DIRECTION('',(0.,0.,-1.));
#15041=DIRECTION('center_axis',(-0.3509134091587,0.936407912863096,0.));
#15042=DIRECTION('ref_axis',(0.936407912863096,0.3509134091587,0.));
#15043=DIRECTION('',(0.,0.,-1.));
#15044=DIRECTION('center_axis',(0.,0.,1.));
#15045=DIRECTION('ref_axis',(1.,0.,0.));
#15046=DIRECTION('',(0.,0.,-1.));
#15047=DIRECTION('center_axis',(-1.,0.,0.));
#15048=DIRECTION('ref_axis',(0.,1.,0.));
#15049=DIRECTION('',(0.,0.,-1.));
#15050=DIRECTION('center_axis',(0.,0.,1.));
#15051=DIRECTION('ref_axis',(0.126023928819999,0.992027201927836,0.));
#15052=DIRECTION('center_axis',(0.,0.,1.));
#15053=DIRECTION('ref_axis',(-0.000250964134927701,0.999999968508501,0.));
#15054=DIRECTION('',(0.,0.,-1.));
#15055=DIRECTION('center_axis',(0.000250964134926742,-0.999999968508501,
0.));
#15056=DIRECTION('ref_axis',(-0.999999968508501,-0.000250964134926742,0.));
#15057=DIRECTION('',(0.,0.,-1.));
#15058=DIRECTION('center_axis',(0.,0.,1.));
#15059=DIRECTION('ref_axis',(-0.126538936169018,0.991961641210593,0.));
#15060=DIRECTION('center_axis',(1.,0.,0.));
#15061=DIRECTION('ref_axis',(0.,1.,0.));
#15062=DIRECTION('',(0.,0.,1.));
#15063=DIRECTION('',(0.,1.,0.));
#15064=DIRECTION('',(0.,0.,-1.));
#15065=DIRECTION('center_axis',(0.,1.,0.));
#15066=DIRECTION('ref_axis',(-1.,0.,0.));
#15067=DIRECTION('',(-1.,0.,0.));
#15068=DIRECTION('',(0.,0.,-1.));
#15069=DIRECTION('center_axis',(-1.,0.,0.));
#15070=DIRECTION('ref_axis',(0.,-1.,0.));
#15071=DIRECTION('',(0.,-1.,0.));
#15072=DIRECTION('',(0.,0.,-1.));
#15073=DIRECTION('center_axis',(0.,-1.,0.));
#15074=DIRECTION('ref_axis',(1.,0.,0.));
#15075=DIRECTION('',(1.,0.,0.));
#15076=DIRECTION('center_axis',(0.,0.,-1.));
#15077=DIRECTION('ref_axis',(-1.,0.,0.));
#15078=DIRECTION('center_axis',(-0.3509134091587,0.936407912863096,0.));
#15079=DIRECTION('ref_axis',(-0.936407912863096,-0.3509134091587,0.));
#15080=DIRECTION('',(0.,0.,1.));
#15081=DIRECTION('',(-0.936407912863096,-0.3509134091587,0.));
#15082=DIRECTION('',(0.,0.,-1.));
#15083=DIRECTION('center_axis',(-0.936407912863094,-0.350913409158704,0.));
#15084=DIRECTION('ref_axis',(0.350913409158704,-0.936407912863094,0.));
#15085=DIRECTION('',(0.350913409158704,-0.936407912863094,0.));
#15086=DIRECTION('',(0.,0.,-1.));
#15087=DIRECTION('center_axis',(0.3509134091587,-0.936407912863096,0.));
#15088=DIRECTION('ref_axis',(0.936407912863096,0.3509134091587,0.));
#15089=DIRECTION('',(0.936407912863096,0.3509134091587,0.));
#15090=DIRECTION('',(0.,0.,-1.));
#15091=DIRECTION('center_axis',(0.936407912863095,0.350913409158701,0.));
#15092=DIRECTION('ref_axis',(-0.350913409158701,0.936407912863095,0.));
#15093=DIRECTION('',(-0.350913409158701,0.936407912863095,0.));
#15094=DIRECTION('center_axis',(0.,0.,-1.));
#15095=DIRECTION('ref_axis',(-1.,0.,0.));
#15096=DIRECTION('center_axis',(0.,0.,-1.));
#15097=DIRECTION('ref_axis',(1.,0.,0.));
#15098=DIRECTION('',(0.,0.,1.));
#15099=DIRECTION('center_axis',(-1.,0.,0.));
#15100=DIRECTION('ref_axis',(0.,-1.,0.));
#15101=DIRECTION('',(0.,-1.,0.));
#15102=DIRECTION('',(0.,0.,1.));
#15103=DIRECTION('center_axis',(0.,1.,0.));
#15104=DIRECTION('ref_axis',(-1.,0.,0.));
#15105=DIRECTION('',(0.,0.,1.));
#15106=DIRECTION('center_axis',(0.00266082042463871,0.999996460011068,0.));
#15107=DIRECTION('ref_axis',(-0.999996460011068,0.00266082042463871,0.));
#15108=DIRECTION('center_axis',(0.,0.,-1.));
#15109=DIRECTION('ref_axis',(-1.,0.,0.));
#15110=DIRECTION('center_axis',(0.,0.,-1.));
#15111=DIRECTION('ref_axis',(1.,0.,0.));
#15112=DIRECTION('center_axis',(0.,0.,1.));
#15113=DIRECTION('ref_axis',(1.,0.,0.));
#15114=DIRECTION('',(0.,0.,1.));
#15115=DIRECTION('center_axis',(0.,0.,-1.));
#15116=DIRECTION('ref_axis',(1.,0.,0.));
#15117=DIRECTION('center_axis',(0.,0.,-1.));
#15118=DIRECTION('ref_axis',(-1.,0.,0.));
#15119=DIRECTION('',(-1.,0.,0.));
#15120=DIRECTION('',(0.,-1.,0.));
#15121=DIRECTION('',(0.,1.,0.));
#15122=DIRECTION('center_axis',(0.,0.,-1.));
#15123=DIRECTION('ref_axis',(0.707106781186561,-0.707106781186534,0.));
#15124=DIRECTION('center_axis',(0.,0.,-1.));
#15125=DIRECTION('ref_axis',(-1.,0.,0.));
#15126=DIRECTION('center_axis',(0.,0.,-1.));
#15127=DIRECTION('ref_axis',(1.,-3.78543023511759E-18,0.));
#15128=DIRECTION('',(0.707106781186547,0.707106781186547,0.));
#15129=DIRECTION('',(0.,-1.,0.));
#15130=DIRECTION('',(-1.,3.75608581469039E-18,0.));
#15131=DIRECTION('',(0.,-1.,0.));
#15132=DIRECTION('center_axis',(0.,0.,-1.));
#15133=DIRECTION('ref_axis',(1.,-3.78543023511759E-18,0.));
#15134=DIRECTION('center_axis',(0.,0.,-1.));
#15135=DIRECTION('ref_axis',(-1.,0.,0.));
#15136=DIRECTION('center_axis',(0.,0.,-1.));
#15137=DIRECTION('ref_axis',(-1.,0.,0.));
#15138=DIRECTION('center_axis',(0.,0.,-1.));
#15139=DIRECTION('ref_axis',(0.707106781186522,0.707106781186573,0.));
#15140=DIRECTION('',(0.,-1.,0.));
#15141=DIRECTION('center_axis',(0.,0.,1.));
#15142=DIRECTION('ref_axis',(0.500721749099791,-0.865608300548491,0.));
#15143=DIRECTION('center_axis',(0.,0.,1.));
#15144=DIRECTION('ref_axis',(-1.,-4.8800469837969E-12,0.));
#15145=DIRECTION('center_axis',(0.,0.,1.));
#15146=DIRECTION('ref_axis',(-1.,-4.8800469837969E-12,0.));
#15147=DIRECTION('center_axis',(0.,0.,-1.));
#15148=DIRECTION('ref_axis',(-1.,-4.8800469837969E-12,0.));
#15149=DIRECTION('center_axis',(1.,0.,0.));
#15150=DIRECTION('ref_axis',(0.,-1.,0.));
#15151=DIRECTION('',(0.,0.,-1.));
#15152=DIRECTION('',(0.,-1.,0.));
#15153=DIRECTION('center_axis',(2.99514867887858E-12,-1.,0.));
#15154=DIRECTION('ref_axis',(-1.,-2.99514867887859E-12,0.));
#15155=DIRECTION('',(0.,0.,-1.));
#15156=DIRECTION('',(-1.,-2.99514867887859E-12,0.));
#15157=DIRECTION('center_axis',(0.00562775203994597,-0.9999841640781,0.));
#15158=DIRECTION('ref_axis',(-0.9999841640781,-0.00562775203994597,0.));
#15159=DIRECTION('',(0.,0.,-1.));
#15160=DIRECTION('',(-0.9999841640781,-0.00562775203994597,0.));
#15161=DIRECTION('center_axis',(0.,0.,1.));
#15162=DIRECTION('ref_axis',(-1.,1.29385391289807E-10,0.));
#15163=DIRECTION('',(0.,0.,-1.));
#15164=DIRECTION('center_axis',(0.,0.,-1.));
#15165=DIRECTION('ref_axis',(-1.,1.29385391289807E-10,0.));
#15166=DIRECTION('center_axis',(1.,-4.85312198613647E-11,0.));
#15167=DIRECTION('ref_axis',(-4.85312198613647E-11,-1.,0.));
#15168=DIRECTION('',(0.,0.,-1.));
#15169=DIRECTION('',(-4.85312198613647E-11,-1.,0.));
#15170=DIRECTION('center_axis',(0.00714248447387822,-0.999974492132445,
0.));
#15171=DIRECTION('ref_axis',(-0.999974492132445,-0.00714248447387822,0.));
#15172=DIRECTION('',(0.,0.,-1.));
#15173=DIRECTION('',(-0.999974492132445,-0.00714248447387822,0.));
#15174=DIRECTION('center_axis',(0.,0.,1.));
#15175=DIRECTION('ref_axis',(-1.,8.23341395061961E-11,0.));
#15176=DIRECTION('',(0.,0.,-1.));
#15177=DIRECTION('center_axis',(0.,0.,-1.));
#15178=DIRECTION('ref_axis',(-1.,8.23341395061961E-11,0.));
#15179=DIRECTION('center_axis',(1.,-5.14161908549162E-11,0.));
#15180=DIRECTION('ref_axis',(-5.14161908549162E-11,-1.,0.));
#15181=DIRECTION('',(0.,0.,-1.));
#15182=DIRECTION('',(-5.14161908549162E-11,-1.,0.));
#15183=DIRECTION('center_axis',(0.000250964136164478,-0.999999968508501,
0.));
#15184=DIRECTION('ref_axis',(-0.999999968508501,-0.000250964136164478,0.));
#15185=DIRECTION('',(0.,0.,-1.));
#15186=DIRECTION('',(-0.999999968508501,-0.000250964136164478,0.));
#15187=DIRECTION('center_axis',(-0.999999921498232,-0.000396236709760558,
0.));
#15188=DIRECTION('ref_axis',(-0.000396236709760558,0.999999921498232,0.));
#15189=DIRECTION('',(0.,0.,-1.));
#15190=DIRECTION('',(-0.000396236709760558,0.999999921498232,0.));
#15191=DIRECTION('center_axis',(0.,0.,1.));
#15192=DIRECTION('ref_axis',(-1.05604414102342E-10,1.,0.));
#15193=DIRECTION('',(0.,0.,-1.));
#15194=DIRECTION('center_axis',(0.,0.,-1.));
#15195=DIRECTION('ref_axis',(-1.05604414102342E-10,1.,0.));
#15196=DIRECTION('center_axis',(6.41016752006888E-13,-1.,0.));
#15197=DIRECTION('ref_axis',(-1.,-6.41016752006888E-13,0.));
#15198=DIRECTION('',(0.,0.,-1.));
#15199=DIRECTION('',(-1.,-6.41016752006888E-13,0.));
#15200=DIRECTION('center_axis',(-1.,5.37433546055657E-13,0.));
#15201=DIRECTION('ref_axis',(5.37433546055657E-13,1.,0.));
#15202=DIRECTION('',(0.,0.,-1.));
#15203=DIRECTION('',(5.37433546055657E-13,1.,0.));
#15204=DIRECTION('center_axis',(0.,0.,1.));
#15205=DIRECTION('ref_axis',(-9.63673585374614E-11,1.,0.));
#15206=DIRECTION('center_axis',(0.,0.,-1.));
#15207=DIRECTION('ref_axis',(-9.63673585374614E-11,1.,0.));
#15208=DIRECTION('center_axis',(-1.,0.,0.));
#15209=DIRECTION('ref_axis',(0.,1.,0.));
#15210=DIRECTION('',(0.,1.,0.));
#15211=DIRECTION('center_axis',(-1.,-1.21515376029509E-13,0.));
#15212=DIRECTION('ref_axis',(-1.21515376029509E-13,1.,0.));
#15213=DIRECTION('',(0.,0.,-1.));
#15214=DIRECTION('',(-1.21515376029509E-13,1.,0.));
#15215=DIRECTION('center_axis',(0.,1.,0.));
#15216=DIRECTION('ref_axis',(1.,0.,0.));
#15217=DIRECTION('',(0.,0.,-1.));
#15218=DIRECTION('',(1.,0.,0.));
#15219=DIRECTION('center_axis',(1.,1.16270576145986E-11,0.));
#15220=DIRECTION('ref_axis',(1.16270576145986E-11,-1.,0.));
#15221=DIRECTION('',(0.,0.,-1.));
#15222=DIRECTION('',(1.16270576145986E-11,-1.,0.));
#15223=DIRECTION('center_axis',(0.,0.,1.));
#15224=DIRECTION('ref_axis',(8.29558643999898E-11,-1.,0.));
#15225=DIRECTION('center_axis',(0.,0.,-1.));
#15226=DIRECTION('ref_axis',(8.29558643999898E-11,-1.,0.));
#15227=DIRECTION('center_axis',(-1.,4.24348997569142E-11,0.));
#15228=DIRECTION('ref_axis',(4.24348997569142E-11,1.,0.));
#15229=DIRECTION('',(4.24348997569142E-11,1.,0.));
#15230=DIRECTION('center_axis',(0.,0.,1.));
#15231=DIRECTION('ref_axis',(0.999998645832735,-0.00164570127820686,0.));
#15232=DIRECTION('',(0.,0.,-1.));
#15233=DIRECTION('center_axis',(0.,0.,-1.));
#15234=DIRECTION('ref_axis',(0.999998645832735,-0.00164570127820686,0.));
#15235=DIRECTION('center_axis',(-0.999998645832602,0.00164570135860135,
0.));
#15236=DIRECTION('ref_axis',(0.00164570135860135,0.999998645832602,0.));
#15237=DIRECTION('',(0.,0.,-1.));
#15238=DIRECTION('',(0.00164570135860135,0.999998645832602,0.));
#15239=DIRECTION('center_axis',(-0.260173897853948,0.965561775794529,0.));
#15240=DIRECTION('ref_axis',(0.965561775794529,0.260173897853948,0.));
#15241=DIRECTION('',(0.,0.,-1.));
#15242=DIRECTION('',(0.965561775794529,0.260173897853948,0.));
#15243=DIRECTION('center_axis',(0.,0.,1.));
#15244=DIRECTION('ref_axis',(0.498951515991293,-0.866629900643862,0.));
#15245=DIRECTION('center_axis',(0.,0.,-1.));
#15246=DIRECTION('ref_axis',(0.498951515991293,-0.866629900643862,0.));
#15247=DIRECTION('center_axis',(0.,0.,1.));
#15248=DIRECTION('ref_axis',(0.707106781186522,0.707106781186573,0.));
#15249=DIRECTION('',(0.,0.,1.));
#15250=DIRECTION('center_axis',(0.,0.,1.));
#15251=DIRECTION('ref_axis',(0.707106781186522,0.707106781186573,0.));
#15252=DIRECTION('',(0.,0.,1.));
#15253=DIRECTION('center_axis',(0.,0.,-1.));
#15254=DIRECTION('ref_axis',(0.707106781186522,0.707106781186573,0.));
#15255=DIRECTION('',(0.,0.,1.));
#15256=DIRECTION('center_axis',(0.,0.,-1.));
#15257=DIRECTION('ref_axis',(-1.,0.,0.));
#15258=DIRECTION('center_axis',(0.,0.,1.));
#15259=DIRECTION('ref_axis',(0.500721749099791,-0.865608300548491,0.));
#15260=DIRECTION('center_axis',(-1.,0.,0.));
#15261=DIRECTION('ref_axis',(0.,-1.,0.));
#15262=DIRECTION('',(0.,-1.,0.));
#15263=DIRECTION('',(0.,0.,1.));
#15264=DIRECTION('',(0.,-1.,0.));
#15265=DIRECTION('',(0.,0.,-1.));
#15266=DIRECTION('center_axis',(-1.,0.,0.));
#15267=DIRECTION('ref_axis',(0.,-1.,0.));
#15268=DIRECTION('',(0.,0.,1.));
#15269=DIRECTION('',(0.,-1.,0.));
#15270=DIRECTION('center_axis',(0.,1.,0.));
#15271=DIRECTION('ref_axis',(-1.,0.,0.));
#15272=DIRECTION('',(0.,0.,1.));
#15273=DIRECTION('',(-1.,0.,0.));
#15274=DIRECTION('center_axis',(-1.,0.,0.));
#15275=DIRECTION('ref_axis',(0.,1.,0.));
#15276=DIRECTION('',(0.,0.,-1.));
#15277=DIRECTION('',(0.,0.,-1.));
#15278=DIRECTION('',(0.,0.707106781186551,-0.707106781186544));
#15279=DIRECTION('center_axis',(0.,0.,-1.));
#15280=DIRECTION('ref_axis',(0.707106781186561,-0.707106781186534,0.));
#15281=DIRECTION('center_axis',(0.,0.,-1.));
#15282=DIRECTION('ref_axis',(-1.,0.,0.));
#15283=DIRECTION('center_axis',(0.,0.,-1.));
#15284=DIRECTION('ref_axis',(-1.,0.,0.));
#15285=DIRECTION('center_axis',(0.,0.,1.));
#15286=DIRECTION('ref_axis',(-1.,0.,0.));
#15287=DIRECTION('center_axis',(0.,0.,-1.));
#15288=DIRECTION('ref_axis',(-1.,0.,0.));
#15289=DIRECTION('center_axis',(0.,0.,-1.));
#15290=DIRECTION('ref_axis',(-1.,0.,0.));
#15291=DIRECTION('center_axis',(0.,0.,1.));
#15292=DIRECTION('ref_axis',(-1.,0.,0.));
#15293=DIRECTION('center_axis',(0.,0.,-1.));
#15294=DIRECTION('ref_axis',(-1.,0.,0.));
#15295=DIRECTION('center_axis',(0.,0.,-1.));
#15296=DIRECTION('ref_axis',(-1.,0.,0.));
#15297=DIRECTION('center_axis',(0.,0.,1.));
#15298=DIRECTION('ref_axis',(-1.,0.,0.));
#15299=DIRECTION('center_axis',(0.,0.,-1.));
#15300=DIRECTION('ref_axis',(-1.,0.,0.));
#15301=DIRECTION('center_axis',(0.,0.,-1.));
#15302=DIRECTION('ref_axis',(-1.,0.,0.));
#15303=DIRECTION('center_axis',(0.,0.,1.));
#15304=DIRECTION('ref_axis',(-1.,0.,0.));
#15305=DIRECTION('center_axis',(0.,0.,-1.));
#15306=DIRECTION('ref_axis',(-1.,0.,0.));
#15307=DIRECTION('center_axis',(0.,0.,-1.));
#15308=DIRECTION('ref_axis',(-1.,0.,0.));
#15309=DIRECTION('center_axis',(0.,0.,1.));
#15310=DIRECTION('ref_axis',(-1.,0.,0.));
#15311=DIRECTION('center_axis',(-0.707106781186548,0.707106781186548,0.));
#15312=DIRECTION('ref_axis',(0.,0.,1.));
#15313=DIRECTION('',(-0.577350269189678,-0.577350269189678,-0.57735026918952));
#15314=DIRECTION('',(0.,0.,-1.));
#15315=DIRECTION('',(0.,0.,-1.));
#15316=DIRECTION('center_axis',(-0.707106781186451,0.,0.707106781186644));
#15317=DIRECTION('ref_axis',(0.707106781186644,0.,0.707106781186451));
#15318=DIRECTION('',(-0.577350269189729,0.577350269189577,-0.577350269189571));
#15319=DIRECTION('',(0.,1.,0.));
#15320=DIRECTION('center_axis',(0.,0.707106781186544,0.707106781186551));
#15321=DIRECTION('ref_axis',(1.,0.,0.));
#15322=DIRECTION('',(1.,-3.75608581469039E-18,0.));
#15323=DIRECTION('center_axis',(0.,0.,-1.));
#15324=DIRECTION('ref_axis',(0.500721749099791,-0.865608300548491,0.));
#15325=DIRECTION('center_axis',(3.75608581469039E-18,1.,0.));
#15326=DIRECTION('ref_axis',(1.,-3.75608581469039E-18,0.));
#15327=DIRECTION('',(0.,0.,-1.));
#15328=DIRECTION('center_axis',(-1.,0.,0.));
#15329=DIRECTION('ref_axis',(0.,1.,0.));
#15330=DIRECTION('center_axis',(1.,0.,0.));
#15331=DIRECTION('ref_axis',(0.,1.,0.));
#15332=DIRECTION('',(0.,-1.,0.));
#15333=DIRECTION('',(0.,0.,1.));
#15334=DIRECTION('center_axis',(0.,1.,0.));
#15335=DIRECTION('ref_axis',(-1.,0.,0.));
#15336=DIRECTION('',(1.,0.,0.));
#15337=DIRECTION('',(0.,0.,1.));
#15338=DIRECTION('center_axis',(0.,0.,-1.));
#15339=DIRECTION('ref_axis',(-1.,0.,0.));
#15340=DIRECTION('',(0.,0.,1.));
#15341=DIRECTION('center_axis',(0.,0.,1.));
#15342=DIRECTION('ref_axis',(1.,0.,0.));
#15343=DIRECTION('center_axis',(0.,0.,-1.));
#15344=DIRECTION('ref_axis',(1.,0.,0.));
#15345=DIRECTION('',(0.,0.,-1.));
#15346=DIRECTION('center_axis',(0.,0.,1.));
#15347=DIRECTION('ref_axis',(1.,0.,0.));
#15348=DIRECTION('center_axis',(0.,0.,-1.));
#15349=DIRECTION('ref_axis',(0.,-1.,0.));
#15350=DIRECTION('',(0.,-1.,0.));
#15351=DIRECTION('center_axis',(0.,0.,-1.));
#15352=DIRECTION('ref_axis',(-1.,0.,0.));
#15353=DIRECTION('',(0.,1.,0.));
#15354=DIRECTION('',(1.,0.,0.));
#15355=DIRECTION('',(0.,1.,0.));
#15356=DIRECTION('center_axis',(1.,0.,0.));
#15357=DIRECTION('ref_axis',(0.,0.,-1.));
#15358=DIRECTION('center_axis',(0.,0.,-1.));
#15359=DIRECTION('ref_axis',(-1.,0.,0.));
#15360=DIRECTION('',(0.,0.,1.));
#15361=DIRECTION('center_axis',(0.,0.,-1.));
#15362=DIRECTION('ref_axis',(-1.,0.,0.));
#15363=DIRECTION('',(0.,0.,1.));
#15364=DIRECTION('center_axis',(0.,1.,0.));
#15365=DIRECTION('ref_axis',(-1.,0.,0.));
#15366=DIRECTION('',(0.,0.,1.));
#15367=DIRECTION('center_axis',(-1.,0.,0.));
#15368=DIRECTION('ref_axis',(0.,-1.,0.));
#15369=DIRECTION('center_axis',(0.,0.,1.));
#15370=DIRECTION('ref_axis',(-1.,0.,0.));
#15371=DIRECTION('center_axis',(0.,0.,1.));
#15372=DIRECTION('ref_axis',(-1.,-8.70763156568754E-16,0.));
#15373=DIRECTION('center_axis',(0.,-1.,0.));
#15374=DIRECTION('ref_axis',(1.,0.,0.));
#15375=DIRECTION('center_axis',(0.,0.,-1.));
#15376=DIRECTION('ref_axis',(-1.,0.,0.));
#15377=DIRECTION('',(0.,0.,-1.));
#15378=DIRECTION('center_axis',(0.,0.,1.));
#15379=DIRECTION('ref_axis',(-1.,0.,0.));
#15380=DIRECTION('center_axis',(0.,0.,1.));
#15381=DIRECTION('ref_axis',(-1.,0.,0.));
#15382=DIRECTION('center_axis',(0.,-1.,0.));
#15383=DIRECTION('ref_axis',(1.,0.,0.));
#15384=DIRECTION('center_axis',(0.,0.,-1.));
#15385=DIRECTION('ref_axis',(-1.,0.,0.));
#15386=DIRECTION('',(0.,0.,-1.));
#15387=DIRECTION('center_axis',(0.,0.,1.));
#15388=DIRECTION('ref_axis',(-1.,0.,0.));
#15389=DIRECTION('center_axis',(0.,0.,1.));
#15390=DIRECTION('ref_axis',(-1.,0.,0.));
#15391=DIRECTION('center_axis',(0.,-1.,0.));
#15392=DIRECTION('ref_axis',(1.,0.,0.));
#15393=DIRECTION('center_axis',(0.,0.,-1.));
#15394=DIRECTION('ref_axis',(-1.,0.,0.));
#15395=DIRECTION('',(0.,0.,-1.));
#15396=DIRECTION('center_axis',(0.,0.,1.));
#15397=DIRECTION('ref_axis',(-1.,0.,0.));
#15398=DIRECTION('center_axis',(0.,0.,1.));
#15399=DIRECTION('ref_axis',(-1.,0.,0.));
#15400=DIRECTION('center_axis',(0.,-1.,0.));
#15401=DIRECTION('ref_axis',(1.,0.,0.));
#15402=DIRECTION('center_axis',(0.,0.,-1.));
#15403=DIRECTION('ref_axis',(-1.,0.,0.));
#15404=DIRECTION('',(0.,0.,-1.));
#15405=DIRECTION('center_axis',(0.,0.,1.));
#15406=DIRECTION('ref_axis',(-1.,0.,0.));
#15407=DIRECTION('center_axis',(0.,0.,1.));
#15408=DIRECTION('ref_axis',(-1.,0.,0.));
#15409=DIRECTION('center_axis',(0.,-1.,0.));
#15410=DIRECTION('ref_axis',(1.,0.,0.));
#15411=DIRECTION('center_axis',(0.,0.,-1.));
#15412=DIRECTION('ref_axis',(-1.,0.,0.));
#15413=DIRECTION('',(0.,0.,-1.));
#15414=DIRECTION('center_axis',(0.,0.,-1.));
#15415=DIRECTION('ref_axis',(-1.,0.,0.));
#15416=DIRECTION('center_axis',(0.,0.,1.));
#15417=DIRECTION('ref_axis',(-1.,0.,0.));
#15418=DIRECTION('center_axis',(0.,0.,-1.));
#15419=DIRECTION('ref_axis',(-1.,0.,0.));
#15420=DIRECTION('center_axis',(0.,0.,1.));
#15421=DIRECTION('ref_axis',(-1.,0.,0.));
#15422=DIRECTION('center_axis',(0.,0.,-1.));
#15423=DIRECTION('ref_axis',(-1.,0.,0.));
#15424=DIRECTION('center_axis',(0.,0.,1.));
#15425=DIRECTION('ref_axis',(-1.,0.,0.));
#15426=DIRECTION('center_axis',(0.,0.,-1.));
#15427=DIRECTION('ref_axis',(-1.,0.,0.));
#15428=DIRECTION('center_axis',(0.,0.,1.));
#15429=DIRECTION('ref_axis',(-1.,0.,0.));
#15430=DIRECTION('center_axis',(0.,0.,-1.));
#15431=DIRECTION('ref_axis',(-1.,0.,0.));
#15432=DIRECTION('center_axis',(0.,0.,1.));
#15433=DIRECTION('ref_axis',(-1.,0.,0.));
#15434=DIRECTION('center_axis',(0.,0.,-1.));
#15435=DIRECTION('ref_axis',(-1.,0.,0.));
#15436=DIRECTION('',(0.,0.,1.));
#15437=DIRECTION('center_axis',(0.,0.,-1.));
#15438=DIRECTION('ref_axis',(-1.,0.,0.));
#15439=DIRECTION('',(0.,0.,1.));
#15440=DIRECTION('center_axis',(0.,0.,-1.));
#15441=DIRECTION('ref_axis',(-1.,0.,0.));
#15442=DIRECTION('',(0.,0.,1.));
#15443=DIRECTION('center_axis',(0.,0.,-1.));
#15444=DIRECTION('ref_axis',(-1.,0.,0.));
#15445=DIRECTION('',(0.,0.,1.));
#15446=DIRECTION('center_axis',(0.,0.,-1.));
#15447=DIRECTION('ref_axis',(-1.,0.,0.));
#15448=DIRECTION('',(0.,0.,1.));
#15449=CARTESIAN_POINT('',(0.,0.,0.));
#15450=CARTESIAN_POINT('Origin',(284.783058166117,-33.9639792452115,1.));
#15451=CARTESIAN_POINT('',(254.783058166117,-33.9639792452115,1.));
#15452=CARTESIAN_POINT('Origin',(284.783058166117,-33.9639792452115,1.));
#15453=CARTESIAN_POINT('',(254.783058166117,-33.9639792452115,-1.38777878078145E-16));
#15454=CARTESIAN_POINT('',(254.783058166117,-33.9639792452115,1.));
#15455=CARTESIAN_POINT('Origin',(284.783058166117,-33.9639792452115,0.));
#15456=CARTESIAN_POINT('Origin',(284.783058166117,-33.9639792452115,0.));
#15457=CARTESIAN_POINT('Origin',(252.767833570016,-0.924561849123737,1.));
#15458=CARTESIAN_POINT('',(252.767833570016,-0.924561849123737,1.));
#15459=CARTESIAN_POINT('',(252.767833570016,-76.3741173482347,1.));
#15460=CARTESIAN_POINT('',(252.767833570016,-25.2059443562178,1.));
#15461=CARTESIAN_POINT('',(252.767833570016,-0.924561849123737,0.));
#15462=CARTESIAN_POINT('',(252.767833570016,-0.924561849123737,1.));
#15463=CARTESIAN_POINT('',(252.767833570016,-76.3741173482347,0.));
#15464=CARTESIAN_POINT('',(252.767833570016,-76.3741173482347,0.));
#15465=CARTESIAN_POINT('',(252.767833570016,-76.3741173482347,1.));
#15466=CARTESIAN_POINT('Origin',(252.367833570016,-76.3741173482347,1.));
#15467=CARTESIAN_POINT('',(252.367833570016,-76.3741173482347,1.));
#15468=CARTESIAN_POINT('',(252.367833570016,-0.924561849123737,1.));
#15469=CARTESIAN_POINT('',(252.367833570016,-62.9307221057732,1.));
#15470=CARTESIAN_POINT('',(252.367833570016,-76.3741173482347,0.));
#15471=CARTESIAN_POINT('',(252.367833570016,-76.3741173482347,1.));
#15472=CARTESIAN_POINT('',(252.367833570016,-0.924561849123737,0.));
#15473=CARTESIAN_POINT('',(252.367833570016,-0.924561849123737,0.));
#15474=CARTESIAN_POINT('',(252.367833570016,-0.924561849123737,1.));
#15475=CARTESIAN_POINT('Origin',(252.567833570016,-38.6493395986792,0.));
#15476=CARTESIAN_POINT('',(252.367833570016,-76.3741173482347,0.));
#15477=CARTESIAN_POINT('',(259.307512571794,-0.924561849123737,0.));
#15478=CARTESIAN_POINT('Origin',(328.755041910084,-96.0349190487879,1.));
#15479=CARTESIAN_POINT('',(328.755041910084,1.65092694804575,1.));
#15480=CARTESIAN_POINT('',(328.755041910084,1.56939514085065,1.));
#15481=CARTESIAN_POINT('',(328.755041910084,1.65092694804576,1.));
#15482=CARTESIAN_POINT('',(328.755041910084,-96.0349190487879,1.));
#15483=CARTESIAN_POINT('',(328.755041910084,-72.7611229560499,1.));
#15484=CARTESIAN_POINT('',(328.755041910084,-96.0349190487879,0.));
#15485=CARTESIAN_POINT('',(328.755041910084,-96.0349190487879,1.));
#15486=CARTESIAN_POINT('',(328.755041910084,1.65092694804575,0.));
#15487=CARTESIAN_POINT('',(328.755041910084,1.65092694804576,0.));
#15488=CARTESIAN_POINT('',(328.755041910084,1.65092694804575,1.));
#15489=CARTESIAN_POINT('Origin',(329.155041910084,-96.0349190487879,1.));
#15490=CARTESIAN_POINT('',(329.155041910084,-96.0349190487879,1.));
#15491=CARTESIAN_POINT('',(308.9433563248,-96.0349190487879,1.));
#15492=CARTESIAN_POINT('',(329.155041910084,-96.0349190487879,0.));
#15493=CARTESIAN_POINT('',(329.155041910084,-96.0349190487879,1.));
#15494=CARTESIAN_POINT('',(328.755041910084,-96.0349190487879,0.));
#15495=CARTESIAN_POINT('Origin',(329.155041910084,1.65092694804574,1.));
#15496=CARTESIAN_POINT('',(329.155041910084,1.56714400438586,1.));
#15497=CARTESIAN_POINT('',(329.155041910084,-23.918199957633,1.));
#15498=CARTESIAN_POINT('',(329.155041910084,1.65092694804575,1.));
#15499=CARTESIAN_POINT('',(329.155041910084,-96.0349190487879,1.));
#15500=CARTESIAN_POINT('',(329.155041910084,1.65092694804575,0.));
#15501=CARTESIAN_POINT('',(329.155041910084,1.65092694804575,1.));
#15502=CARTESIAN_POINT('',(329.155041910084,-96.0349190487879,0.));
#15503=CARTESIAN_POINT('Origin',(328.755041910084,1.65092694804575,1.));
#15504=CARTESIAN_POINT('',(329.155041910084,1.65092694804575,1.));
#15505=CARTESIAN_POINT('',(329.155041910084,1.65092694804575,0.));
#15506=CARTESIAN_POINT('Origin',(328.955041910084,-47.1919960503711,1.));
#15507=CARTESIAN_POINT('',(301.714109290271,1.72157721450653,1.));
#15508=CARTESIAN_POINT('Origin',(328.955041910084,-47.1919960503711,0.));
#15509=CARTESIAN_POINT('Origin',(288.731670739516,-49.4873268633118,1.));
#15510=CARTESIAN_POINT('',(331.490503114937,-96.7719983553084,1.));
#15511=CARTESIAN_POINT('',(332.823192433132,-97.1310960155931,1.));
#15512=CARTESIAN_POINT('',(331.828729182152,-95.5167680467767,1.));
#15513=CARTESIAN_POINT('',(336.151718736161,-79.4732160037762,1.));
#15514=CARTESIAN_POINT('',(333.534865811073,-95.9764923525146,1.));
#15515=CARTESIAN_POINT('',(306.810278721284,-88.7754616509129,1.));
#15516=CARTESIAN_POINT('',(334.790723129154,-96.6995367710284,1.));
#15517=CARTESIAN_POINT('',(307.287029144117,-80.86462293323,1.));
#15518=CARTESIAN_POINT('',(334.14208615848,-97.8261556419316,1.));
#15519=CARTESIAN_POINT('',(338.940572434036,-89.4916550904202,1.));
#15520=CARTESIAN_POINT('',(347.145667326401,-105.312807707246,1.));
#15521=CARTESIAN_POINT('',(333.033053746271,-97.1876438587426,1.));
#15522=CARTESIAN_POINT('',(347.794304297075,-104.186188836342,1.));
#15523=CARTESIAN_POINT('',(352.268472087293,-96.414997720282,1.));
#15524=CARTESIAN_POINT('',(349.09333253723,-104.934088382742,1.));
#15525=CARTESIAN_POINT('',(314.438333848155,-84.9818987390868,1.));
#15526=CARTESIAN_POINT('',(357.580283312916,-90.1930863544683,1.));
#15527=CARTESIAN_POINT('',(357.810975715291,-89.7923962525453,1.));
#15528=CARTESIAN_POINT('',(352.855041910084,-87.4439184460169,1.));
#15529=CARTESIAN_POINT('',(320.652238569708,-68.7081743944051,1.));
#15530=CARTESIAN_POINT('',(354.42132630094,-86.5431021520545,1.));
#15531=CARTESIAN_POINT('',(337.614507320386,-96.2091988556563,1.));
#15532=CARTESIAN_POINT('',(354.155041910084,-85.5459912321407,1.));
#15533=CARTESIAN_POINT('Origin',(356.155041910084,-85.5459912321407,1.));
#15534=CARTESIAN_POINT('',(354.155041910084,-60.4050573340274,1.));
#15535=CARTESIAN_POINT('',(354.155041910084,0.298475996951925,1.));
#15536=CARTESIAN_POINT('',(352.855041910084,-60.4050573340274,1.));
#15537=CARTESIAN_POINT('',(320.7933563248,-60.4050573340274,1.));
#15538=CARTESIAN_POINT('',(352.855041910084,-57.0015240030481,1.));
#15539=CARTESIAN_POINT('',(352.855041910084,-54.3927171318358,1.));
#15540=CARTESIAN_POINT('',(333.481305562611,-57.0015240030481,1.));
#15541=CARTESIAN_POINT('',(311.106488151064,-57.0015240030481,1.));
#15542=CARTESIAN_POINT('',(333.481305562611,-14.0015240030481,1.));
#15543=CARTESIAN_POINT('',(333.481305562611,-30.24442543318,1.));
#15544=CARTESIAN_POINT('',(354.155041910084,-14.0015240030481,1.));
#15545=CARTESIAN_POINT('',(333.481305562611,-14.0015240030481,1.));
#15546=CARTESIAN_POINT('',(354.155041910084,-13.4999996870756,1.));
#15547=CARTESIAN_POINT('',(354.155041910084,0.298475996951925,1.));
#15548=CARTESIAN_POINT('',(354.155041910084,-1.00152400304808,1.));
#15549=CARTESIAN_POINT('',(354.155041910084,0.298475996951925,1.));
#15550=CARTESIAN_POINT('',(351.855041910084,-1.00152400304808,1.));
#15551=CARTESIAN_POINT('',(320.2933563248,-1.00152400304808,1.));
#15552=CARTESIAN_POINT('',(351.855041910084,0.298475996951932,1.));
#15553=CARTESIAN_POINT('',(351.855041910084,-24.59442543318,1.));
#15554=CARTESIAN_POINT('',(350.463117896293,0.298475996951925,1.));
#15555=CARTESIAN_POINT('',(334.781305562611,0.298475996951925,1.));
#15556=CARTESIAN_POINT('',(350.463117896293,0.00299937566104309,1.));
#15557=CARTESIAN_POINT('',(350.463117896293,-24.7421637438254,1.));
#15558=CARTESIAN_POINT('',(348.763129932234,-0.00152400304807543,1.));
#15559=CARTESIAN_POINT('',(318.68177666177,-0.0815653655764326,1.));
#15560=CARTESIAN_POINT('',(337.830094343564,-0.00152400304807543,1.));
#15561=CARTESIAN_POINT('',(313.28088254154,-0.00152400304807898,1.));
#15562=CARTESIAN_POINT('',(337.830094343564,0.298475996951925,1.));
#15563=CARTESIAN_POINT('',(337.830094343564,-23.59442543318,1.));
#15564=CARTESIAN_POINT('',(333.481305562611,0.298475996951932,1.));
#15565=CARTESIAN_POINT('',(334.781305562611,0.298475996951925,1.));
#15566=CARTESIAN_POINT('',(333.481305562611,1.5513843027685,1.));
#15567=CARTESIAN_POINT('',(333.481305562611,-23.9679712802717,1.));
#15568=CARTESIAN_POINT('',(331.955352218032,1.5513843027685,1.));
#15569=CARTESIAN_POINT('',(310.343511478774,1.5513843027685,1.));
#15570=CARTESIAN_POINT('',(301.714109290271,1.72157721450653,1.));
#15571=CARTESIAN_POINT('',(336.101231902464,-81.0114808229616,1.));
#15572=CARTESIAN_POINT('Origin',(339.651231902464,-81.0114808229616,1.));
#15573=CARTESIAN_POINT('',(342.776932311658,-71.0977901955805,1.));
#15574=CARTESIAN_POINT('Origin',(344.276932311658,-71.0977901955805,1.));
#15575=CARTESIAN_POINT('Origin',(288.731670739516,-49.4873268633118,1.));
#15576=CARTESIAN_POINT('',(255.758013716028,-76.3741173482347,1.));
#15577=CARTESIAN_POINT('',(222.709042418085,-76.3741173482347,1.));
#15578=CARTESIAN_POINT('',(255.758013716028,-75.0741173482347,1.));
#15579=CARTESIAN_POINT('',(255.758013716028,-62.2807221057733,1.));
#15580=CARTESIAN_POINT('',(259.308940817882,-75.0741173482347,1.));
#15581=CARTESIAN_POINT('',(274.020305778699,-75.0741173482347,1.));
#15582=CARTESIAN_POINT('',(259.308940817882,-82.2178435356871,1.));
#15583=CARTESIAN_POINT('',(259.308940817882,-65.8525851994995,1.));
#15584=CARTESIAN_POINT('',(258.008940817882,-82.2178435356871,1.));
#15585=CARTESIAN_POINT('',(273.370305778699,-82.2178435356871,1.));
#15586=CARTESIAN_POINT('',(258.008940817882,-90.6615697231395,1.));
#15587=CARTESIAN_POINT('',(258.008940817882,-90.6615697231395,1.));
#15588=CARTESIAN_POINT('',(274.887956378006,-90.6615697231395,1.));
#15589=CARTESIAN_POINT('',(260.808991617983,-90.6615697231395,1.));
#15590=CARTESIAN_POINT('',(274.887956378006,-89.3615697231395,1.));
#15591=CARTESIAN_POINT('',(274.887956378006,-69.4244482932257,1.));
#15592=CARTESIAN_POINT('',(276.358851917704,-89.3615697231395,1.));
#15593=CARTESIAN_POINT('',(282.54526132861,-89.3615697231395,1.));
#15594=CARTESIAN_POINT('',(276.358851917704,-86.8853187706376,1.));
#15595=CARTESIAN_POINT('',(276.358851917704,-68.1863228169747,1.));
#15596=CARTESIAN_POINT('',(281.910515426359,-86.8853187706376,1.));
#15597=CARTESIAN_POINT('',(285.321093082937,-86.8853187706376,1.));
#15598=CARTESIAN_POINT('',(281.910515426359,-88.1853187706376,1.));
#15599=CARTESIAN_POINT('',(281.910515426359,-68.8363228169747,1.));
#15600=CARTESIAN_POINT('',(293.685605486686,-88.1853187706376,1.));
#15601=CARTESIAN_POINT('',(296.057912115824,-88.1853187706376,1.));
#15602=CARTESIAN_POINT('',(293.685605486686,-86.8853187706376,1.));
#15603=CARTESIAN_POINT('',(293.685605486686,-68.1863228169747,1.));
#15604=CARTESIAN_POINT('',(296.057912115824,-86.8853187706376,1.));
#15605=CARTESIAN_POINT('',(292.39479142767,-86.8853187706376,1.));
#15606=CARTESIAN_POINT('',(296.057912115824,-90.661595148356,1.));
#15607=CARTESIAN_POINT('',(296.057912115824,-68.8363228169747,1.));
#15608=CARTESIAN_POINT('',(312.906739584529,-90.6601672585724,1.));
#15609=CARTESIAN_POINT('',(296.057912115824,-90.661595148356,1.));
#15610=CARTESIAN_POINT('',(312.906629413259,-89.3601672632407,1.));
#15611=CARTESIAN_POINT('',(312.90493977205,-69.4227228272773,1.));
#15612=CARTESIAN_POINT('',(316.238360591396,-89.3598849085831,1.));
#15613=CARTESIAN_POINT('',(302.486705306666,-89.3610503219109,1.));
#15614=CARTESIAN_POINT('',(316.24158102448,-91.3167580688227,1.));
#15615=CARTESIAN_POINT('',(316.207124443239,-70.3794625930419,1.));
#15616=CARTESIAN_POINT('',(319.086424300808,-92.0833107457736,1.));
#15617=CARTESIAN_POINT('',(299.586057966152,-86.8288708475424,1.));
#15618=CARTESIAN_POINT('',(318.748198233593,-93.3385410543052,1.));
#15619=CARTESIAN_POINT('',(323.24030082121,-76.6673738570397,1.));
#15620=CARTESIAN_POINT('',(332.823192433132,-97.1310960155931,1.));
#15621=CARTESIAN_POINT('',(314.4079502159,1.65013829404176,1.));
#15622=CARTESIAN_POINT('',(301.714109290271,1.72157721450653,1.));
#15623=CARTESIAN_POINT('',(314.4079502159,3.84549663490741,1.));
#15624=CARTESIAN_POINT('',(314.4079502159,-22.8209151142022,1.));
#15625=CARTESIAN_POINT('',(295.357912115824,3.98156470704345,1.));
#15626=CARTESIAN_POINT('',(292.235905939966,4.00386415648886,1.));
#15627=CARTESIAN_POINT('',(295.357912115824,6.33388772660382,1.));
#15628=CARTESIAN_POINT('',(295.357912115824,-21.576719568354,1.));
#15629=CARTESIAN_POINT('',(278.358455660025,6.33815398062184,1.));
#15630=CARTESIAN_POINT('',(283.552067969635,6.33685057016037,1.));
#15631=CARTESIAN_POINT('',(278.357465157458,3.83837947675897,1.));
#15632=CARTESIAN_POINT('',(278.346901170779,-22.8224141865981,1.));
#15633=CARTESIAN_POINT('',(259.308940817882,3.83837947675897,1.));
#15634=CARTESIAN_POINT('',(274.020305778699,3.83837947675897,1.));
#15635=CARTESIAN_POINT('',(259.308940817882,2.33821140696605,1.));
#15636=CARTESIAN_POINT('',(259.308940817882,-23.5745577281729,1.));
#15637=CARTESIAN_POINT('',(259.307512571794,-0.924561849123737,1.));
#15638=CARTESIAN_POINT('',(259.296886462586,-25.1994996404965,1.));
#15639=CARTESIAN_POINT('',(268.961924525964,-0.924561849123733,1.));
#15640=CARTESIAN_POINT('',(292.202324104648,-68.8606045212091,1.));
#15641=CARTESIAN_POINT('Origin',(295.752324104648,-68.8606045212091,1.));
#15642=CARTESIAN_POINT('',(312.595516891034,-16.4524257048514,1.));
#15643=CARTESIAN_POINT('Origin',(316.145516891034,-16.4524257048514,1.));
#15644=CARTESIAN_POINT('Origin',(288.731670739516,-49.4873268633118,1.));
#15645=CARTESIAN_POINT('',(249.192178312412,-0.924561849123737,1.));
#15646=CARTESIAN_POINT('',(268.961924525964,-0.924561849123733,1.));
#15647=CARTESIAN_POINT('',(249.192178312412,0.375438150876271,1.));
#15648=CARTESIAN_POINT('',(249.192178312412,-24.5559443562178,1.));
#15649=CARTESIAN_POINT('',(243.202418296503,0.375438150876266,1.));
#15650=CARTESIAN_POINT('',(255.758013716028,0.375438150876266,1.));
#15651=CARTESIAN_POINT('',(241.758953517907,-2.42456184912373,1.));
#15652=CARTESIAN_POINT('',(237.492958743053,-10.6996410521008,1.));
#15653=CARTESIAN_POINT('',(236.707975615951,-2.42456184912373,1.));
#15654=CARTESIAN_POINT('',(262.719823177734,-2.42456184912373,1.));
#15655=CARTESIAN_POINT('',(235.264510837355,0.375438150876266,1.));
#15656=CARTESIAN_POINT('',(251.366780812616,-30.8593772732839,1.));
#15657=CARTESIAN_POINT('',(228.825550970203,0.375438150876271,1.));
#15658=CARTESIAN_POINT('',(255.758013716028,0.375438150876266,1.));
#15659=CARTESIAN_POINT('',(228.825550970203,-0.924561849123737,1.));
#15660=CARTESIAN_POINT('',(228.825550970203,-25.2059443562178,1.));
#15661=CARTESIAN_POINT('',(221.183058166117,-0.924561849123737,1.));
#15662=CARTESIAN_POINT('',(254.957364452816,-0.924561849123733,1.));
#15663=CARTESIAN_POINT('',(221.183058166117,-4.89419208517897,1.));
#15664=CARTESIAN_POINT('',(221.183058166117,-27.1907594742454,1.));
#15665=CARTESIAN_POINT('',(219.883058166117,-4.89419208517897,1.));
#15666=CARTESIAN_POINT('',(254.307364452816,-4.89419208517897,1.));
#15667=CARTESIAN_POINT('',(219.883058166117,-16.4241808483617,1.));
#15668=CARTESIAN_POINT('',(219.883058166117,0.375438150876266,1.));
#15669=CARTESIAN_POINT('',(221.183058166117,-16.4241808483617,1.));
#15670=CARTESIAN_POINT('',(254.957364452816,-16.4241808483617,1.));
#15671=CARTESIAN_POINT('',(221.183058166117,-21.474472948946,1.));
#15672=CARTESIAN_POINT('',(221.183058166117,-35.4808999061289,1.));
#15673=CARTESIAN_POINT('',(219.883058166117,-21.474472948946,1.));
#15674=CARTESIAN_POINT('',(254.307364452816,-21.474472948946,1.));
#15675=CARTESIAN_POINT('',(219.883058166117,-35.474218948438,1.));
#15676=CARTESIAN_POINT('',(219.883058166117,0.375438150876266,1.));
#15677=CARTESIAN_POINT('',(221.183058166117,-35.474218948438,1.));
#15678=CARTESIAN_POINT('',(254.957364452816,-35.474218948438,1.));
#15679=CARTESIAN_POINT('',(221.183058166117,-40.5244602489205,1.));
#15680=CARTESIAN_POINT('',(221.183058166117,-45.0058935561162,1.));
#15681=CARTESIAN_POINT('',(219.883058166117,-40.5244602489205,1.));
#15682=CARTESIAN_POINT('',(254.307364452816,-40.5244602489205,1.));
#15683=CARTESIAN_POINT('',(219.883058166117,-54.5241808483618,1.));
#15684=CARTESIAN_POINT('',(219.883058166117,0.375438150876266,1.));
#15685=CARTESIAN_POINT('',(221.183058166117,-54.5241808483618,1.));
#15686=CARTESIAN_POINT('',(254.957364452816,-54.5241808483618,1.));
#15687=CARTESIAN_POINT('',(221.183058166117,-59.5744983489967,1.));
#15688=CARTESIAN_POINT('',(221.183058166117,-54.5309126061543,1.));
#15689=CARTESIAN_POINT('',(219.883058166117,-59.5744983489967,1.));
#15690=CARTESIAN_POINT('',(254.307364452816,-59.5744983489967,1.));
#15691=CARTESIAN_POINT('',(219.883058166117,-76.3741173482347,1.));
#15692=CARTESIAN_POINT('',(219.883058166117,0.375438150876266,1.));
#15693=CARTESIAN_POINT('',(236.717174848293,-76.3741173482347,1.));
#15694=CARTESIAN_POINT('',(222.709042418085,-76.3741173482347,1.));
#15695=CARTESIAN_POINT('',(236.717174848293,-75.0741173482347,1.));
#15696=CARTESIAN_POINT('',(236.717174848293,-62.2807221057733,1.));
#15697=CARTESIAN_POINT('',(243.064800686331,-75.0741173482347,1.));
#15698=CARTESIAN_POINT('',(265.898235712924,-75.0741173482347,1.));
#15699=CARTESIAN_POINT('',(243.064800686331,-76.3741173482347,1.));
#15700=CARTESIAN_POINT('',(243.064800686331,-62.9307221057733,1.));
#15701=CARTESIAN_POINT('',(222.709042418085,-76.3741173482347,1.));
#15702=CARTESIAN_POINT('',(235.680353060706,-18.9464566929134,1.));
#15703=CARTESIAN_POINT('Origin',(239.230353060706,-18.9464566929134,1.));
#15704=CARTESIAN_POINT('',(235.683401066802,-57.0493268986538,1.));
#15705=CARTESIAN_POINT('Origin',(239.233401066802,-57.0493268986538,1.));
#15706=CARTESIAN_POINT('',(236.755499110998,-38.0246888493776,1.));
#15707=CARTESIAN_POINT('Origin',(239.255499110998,-38.0246888493776,1.));
#15708=CARTESIAN_POINT('Origin',(295.106508763018,-2.52456184912373,0.1));
#15709=CARTESIAN_POINT('',(241.983965882273,-2.42456184912373,0.2));
#15710=CARTESIAN_POINT('',(242.471596831567,-3.22456184912372,-0.6));
#15711=CARTESIAN_POINT('',(246.106585336513,-9.18806930936369,-6.56350746024007));
#15712=CARTESIAN_POINT('',(235.995332302292,-3.22456184912372,-0.600000000000001));
#15713=CARTESIAN_POINT('',(324.305775336551,-3.22456184912372,-0.6));
#15714=CARTESIAN_POINT('',(236.482963251585,-2.42456184912374,0.2));
#15715=CARTESIAN_POINT('',(237.15752593127,-1.31788446425069,1.30667738487307));
#15716=CARTESIAN_POINT('',(295.106508763018,-2.42456184912373,0.2));
#15717=CARTESIAN_POINT('Origin',(242.360156387597,-1.69483610137685,0.2));
#15718=CARTESIAN_POINT('',(241.758953517907,-2.42456184912373,0.4));
#15719=CARTESIAN_POINT('',(240.664989587048,-2.42456184912373,1.3723589491991));
#15720=CARTESIAN_POINT('',(246.858618232597,7.46765125705051,0.399999999999348));
#15721=CARTESIAN_POINT('',(242.182388378658,-1.60319258006807,0.4));
#15722=CARTESIAN_POINT('',(247.580961895768,7.55941546090916,-0.2));
#15723=CARTESIAN_POINT('',(234.749995706349,5.92941099469589,10.4577798161179));
#15724=CARTESIAN_POINT('',(247.840090528408,7.1891195749384,-0.6));
#15725=CARTESIAN_POINT('',(250.871695191742,2.85694399369981,-5.27969075041871));
#15726=CARTESIAN_POINT('',(242.896303502319,-2.40072555208403,-0.6));
#15727=CARTESIAN_POINT('Origin',(259.249005612626,-46.5856107061009,0.2));
#15728=CARTESIAN_POINT('',(231.684851548361,5.13681023973537,-0.6));
#15729=CARTESIAN_POINT('',(271.134588104188,-71.3868874591703,-0.600000000000001));
#15730=CARTESIAN_POINT('',(231.912125485742,5.56889713581457,-0.2));
#15731=CARTESIAN_POINT('',(231.241298399579,4.29353931517541,-1.38064938530827));
#15732=CARTESIAN_POINT('',(232.545671407698,5.64938076168456,0.39999999999981));
#15733=CARTESIAN_POINT('',(236.640582296055,6.16958500337855,4.27808751957208));
#15734=CARTESIAN_POINT('',(236.707975615951,-2.42456184912373,0.4));
#15735=CARTESIAN_POINT('',(259.426773621565,-46.4939671847921,0.4));
#15736=CARTESIAN_POINT('',(242.855259325636,-2.42456184912374,5.86395192726845));
#15737=CARTESIAN_POINT('Origin',(353.505041910084,-59.8515823671935,-0.6));
#15738=CARTESIAN_POINT('',(274.619315636251,10.5910657638007,-0.6));
#15739=CARTESIAN_POINT('',(281.475240842304,11.4620203389212,-0.6));
#15740=CARTESIAN_POINT('',(275.376964993981,10.6389023632847,-0.6));
#15741=CARTESIAN_POINT('Origin',(275.375459209171,4.63890255223364,-0.6));
#15742=CARTESIAN_POINT('',(298.34116909915,10.6331391714856,-0.6));
#15743=CARTESIAN_POINT('',(314.449846283144,10.629096471124,-0.6));
#15744=CARTESIAN_POINT('',(299.098896931354,10.5849092076982,-0.6));
#15745=CARTESIAN_POINT('Origin',(298.33966331434,4.63313936043462,-0.6));
#15746=CARTESIAN_POINT('',(336.830094343563,5.77175375634695,-0.6));
#15747=CARTESIAN_POINT('',(330.287047615012,6.60641322092523,-0.6));
#15748=CARTESIAN_POINT('',(336.830094343563,-0.801524003048089,-0.6));
#15749=CARTESIAN_POINT('',(336.830094343563,-44.3140677761571,-0.6));
#15750=CARTESIAN_POINT('',(348.764194260404,-0.80152400304809,-0.6));
#15751=CARTESIAN_POINT('',(349.586305018454,-0.801524003048089,-0.6));
#15752=CARTESIAN_POINT('',(351.463117896293,-0.794342626496149,-0.6));
#15753=CARTESIAN_POINT('',(352.202230122057,-0.79237597462781,-0.6));
#15754=CARTESIAN_POINT('',(351.463117896293,3.90510170411741,-0.6));
#15755=CARTESIAN_POINT('',(351.463117896293,-44.6238083187818,-0.6));
#15756=CARTESIAN_POINT('',(354.534658718591,3.51328261363421,-0.6));
#15757=CARTESIAN_POINT('',(330.287047615012,6.60641322092525,-0.6));
#15758=CARTESIAN_POINT('',(357.155041910084,0.537397690002459,-0.6));
#15759=CARTESIAN_POINT('Origin',(354.155041910084,0.537397690002459,-0.6));
#15760=CARTESIAN_POINT('',(357.155041910084,-84.16568053114,-0.6));
#15761=CARTESIAN_POINT('',(357.155041910084,-29.6570923385955,-0.6));
#15762=CARTESIAN_POINT('',(357.851003040712,-85.3757752672717,-0.6));
#15763=CARTESIAN_POINT('Origin',(358.555041910084,-84.16568053114,-0.6));
#15764=CARTESIAN_POINT('',(360.861252704287,-87.1271528300277,-0.6));
#15765=CARTESIAN_POINT('',(350.580827615285,-81.1459526477512,-0.6));
#15766=CARTESIAN_POINT('',(361.952487686288,-91.21706752659,-0.6));
#15767=CARTESIAN_POINT('Origin',(359.352597984204,-89.7202129788815,-0.6));
#15768=CARTESIAN_POINT('',(352.171204139544,-108.206198772027,-0.6));
#15769=CARTESIAN_POINT('',(367.682297562068,-81.2649491235393,-0.6));
#15770=CARTESIAN_POINT('',(348.074459889751,-109.309233926403,-0.6));
#15771=CARTESIAN_POINT('Origin',(349.57131443746,-106.709344224319,-0.6));
#15772=CARTESIAN_POINT('',(332.213852610277,-100.177684185403,-0.6));
#15773=CARTESIAN_POINT('',(339.420871976911,-104.32703702361,-0.6));
#15774=CARTESIAN_POINT('',(331.497519756142,-99.8808885601062,-0.6));
#15775=CARTESIAN_POINT('Origin',(330.716998062569,-102.777573887487,-0.6));
#15776=CARTESIAN_POINT('',(308.796035120057,-93.7638964701203,-0.6));
#15777=CARTESIAN_POINT('',(336.728470736549,-101.290386056997,-0.6));
#15778=CARTESIAN_POINT('',(308.015259185094,-93.6605818082742,-0.6));
#15779=CARTESIAN_POINT('Origin',(308.015513426485,-96.6605817975011,-0.6));
#15780=CARTESIAN_POINT('',(294.057947720678,-93.6617646503731,-0.6));
#15781=CARTESIAN_POINT('',(330.76158299207,-93.6586541225975,-0.6));
#15782=CARTESIAN_POINT('',(279.658847856363,-93.6615697231761,-0.6));
#15783=CARTESIAN_POINT('',(323.781275786446,-93.6621670286523,-0.6));
#15784=CARTESIAN_POINT('',(256.733815792473,-93.6615697231395,-0.6));
#15785=CARTESIAN_POINT('',(316.581942175732,-93.6615697231395,-0.6));
#15786=CARTESIAN_POINT('',(254.97924874668,-93.343609287455,-0.6));
#15787=CARTESIAN_POINT('Origin',(256.733815792473,-88.6615697231395,-0.6));
#15788=CARTESIAN_POINT('',(218.830317938641,-79.7970080968419,-0.6));
#15789=CARTESIAN_POINT('',(292.673193280185,-107.469195369324,-0.6));
#15790=CARTESIAN_POINT('',(216.883058166117,-76.9877843582524,-0.6));
#15791=CARTESIAN_POINT('Origin',(219.883058166117,-76.9877843582524,-0.6));
#15792=CARTESIAN_POINT('',(216.883058166117,0.613437936604804,-0.6));
#15793=CARTESIAN_POINT('',(216.883058166117,-68.4196833627229,-0.6));
#15794=CARTESIAN_POINT('',(219.504986379657,3.58951954238831,-0.6));
#15795=CARTESIAN_POINT('Origin',(219.883058166117,0.613437936604804,-0.6));
#15796=CARTESIAN_POINT('',(281.475240842304,11.4620203389212,-0.6));
#15797=CARTESIAN_POINT('',(222.664300953786,-7.25542184610284,-0.6));
#15798=CARTESIAN_POINT('Origin',(227.664300953786,-7.25542184610284,-0.6));
#15799=CARTESIAN_POINT('',(294.458382016755,-92.4617700711253,-0.6));
#15800=CARTESIAN_POINT('',(294.458382016755,-89.2617700711253,-0.6));
#15801=CARTESIAN_POINT('',(294.458382016755,-76.1566762191594,-0.6));
#15802=CARTESIAN_POINT('',(279.258382016755,-89.2617700711253,-0.6));
#15803=CARTESIAN_POINT('',(323.98171196342,-89.2617700711253,-0.6));
#15804=CARTESIAN_POINT('',(279.258382016755,-92.4617700711253,-0.6));
#15805=CARTESIAN_POINT('',(279.258382016755,-74.5566762191594,-0.6));
#15806=CARTESIAN_POINT('',(316.38171196342,-92.4617700711253,-0.6));
#15807=CARTESIAN_POINT('',(227.676969287341,-81.8307463408811,-0.6));
#15808=CARTESIAN_POINT('',(251.274448691491,-90.6737642516804,-0.6));
#15809=CARTESIAN_POINT('',(279.232601596011,-101.15091914832,-0.6));
#15810=CARTESIAN_POINT('',(252.397371600798,-87.6772589305185,-0.6));
#15811=CARTESIAN_POINT('',(262.632852694193,-60.3640094573981,-0.6));
#15812=CARTESIAN_POINT('',(228.799892196648,-78.8342410197192,-0.6));
#15813=CARTESIAN_POINT('',(292.154264207393,-102.575922782557,-0.6));
#15814=CARTESIAN_POINT('',(239.596834744697,-50.0227388860177,-0.6));
#15815=CARTESIAN_POINT('',(229.483058166117,-73.2554218461028,-0.6));
#15816=CARTESIAN_POINT('Origin',(224.483058166117,-73.2554218461028,-0.6));
#15817=CARTESIAN_POINT('',(341.664300953786,-94.2554218461028,-0.6));
#15818=CARTESIAN_POINT('Origin',(346.664300953786,-94.2554218461028,-0.6));
#15819=CARTESIAN_POINT('',(234.755499110998,-38.0246888493776,-0.6));
#15820=CARTESIAN_POINT('Origin',(239.255499110998,-38.0246888493776,-0.6));
#15821=CARTESIAN_POINT('',(342.664300953786,-6.75542184610284,-0.6));
#15822=CARTESIAN_POINT('Origin',(347.664300953786,-6.75542184610284,-0.6));
#15823=CARTESIAN_POINT('Origin',(219.454576808129,3.98633042315943,10.));
#15824=CARTESIAN_POINT('',(246.858618232597,7.46765125705051,4.));
#15825=CARTESIAN_POINT('',(246.858618232597,7.46765125705051,5.));
#15826=CARTESIAN_POINT('',(232.545671407698,5.64938076168456,4.));
#15827=CARTESIAN_POINT('',(229.342779516691,5.24249572979623,4.));
#15828=CARTESIAN_POINT('',(232.545671407698,5.64938076168456,5.));
#15829=CARTESIAN_POINT('',(219.454576808129,3.98633042315944,-0.2));
#15830=CARTESIAN_POINT('',(281.424831270776,11.8588312196923,-0.2));
#15831=CARTESIAN_POINT('',(219.454576808129,3.98633042315944,9.));
#15832=CARTESIAN_POINT('',(219.454576808129,3.98633042315944,10.));
#15833=CARTESIAN_POINT('',(274.568906064723,10.9878766445718,9.));
#15834=CARTESIAN_POINT('',(250.789349658467,7.96699867057083,9.));
#15835=CARTESIAN_POINT('',(274.568906064723,10.9878766445718,-0.2));
#15836=CARTESIAN_POINT('',(274.568906064723,10.9878766445718,10.));
#15837=CARTESIAN_POINT('',(281.424831270776,11.8588312196923,-0.2));
#15838=CARTESIAN_POINT('Origin',(351.054710369932,-0.0954268514297873,0.1));
#15839=CARTESIAN_POINT('',(350.663117896293,0.00353154162983327,0.2));
#15840=CARTESIAN_POINT('',(355.745206329544,-5.06505230964919,-4.88208843325149));
#15841=CARTESIAN_POINT('',(348.763129932234,-0.00152400304807543,0.2));
#15842=CARTESIAN_POINT('',(348.763129932234,-0.00152400304807543,0.2));
#15843=CARTESIAN_POINT('',(351.054444287889,0.00457279457131601,0.2));
#15844=CARTESIAN_POINT('Origin',(350.663117896293,-29.3960342703701,0.2));
#15845=CARTESIAN_POINT('',(350.463117896293,0.00299937566104309,0.4));
#15846=CARTESIAN_POINT('',(350.218210906091,0.0023477198325228,0.644906990202158));
#15847=CARTESIAN_POINT('',(350.463117896293,4.43590744729759,0.4));
#15848=CARTESIAN_POINT('',(350.463117896293,-29.9242914957662,0.4));
#15849=CARTESIAN_POINT('',(351.063117896293,4.35936884081604,-0.2));
#15850=CARTESIAN_POINT('',(336.319974966423,6.24006819916707,14.54314292987));
#15851=CARTESIAN_POINT('',(353.222399971445,1.90714162680641,-2.35928207515168));
#15852=CARTESIAN_POINT('Origin',(345.667568126824,-0.101524003048077,0.1));
#15853=CARTESIAN_POINT('',(337.630094343564,-0.00152400304807676,0.2));
#15854=CARTESIAN_POINT('',(334.140501777095,-3.49111656951701,-3.28959256646887));
#15855=CARTESIAN_POINT('',(345.667568126824,-0.00152400304807544,0.2));
#15856=CARTESIAN_POINT('Origin',(337.630094343563,-28.7765531851208,0.2));
#15857=CARTESIAN_POINT('',(337.230094343563,6.12396941773685,-0.2));
#15858=CARTESIAN_POINT('',(330.663440913338,0.341773965124224,-6.76665343022525));
#15859=CARTESIAN_POINT('',(337.830094343564,6.04743081125517,0.4));
#15860=CARTESIAN_POINT('',(331.464953439193,6.85939583605404,-5.96514090437143));
#15861=CARTESIAN_POINT('',(337.830094343564,-0.00152400304807543,0.4));
#15862=CARTESIAN_POINT('',(337.830094343564,-28.7765531851208,0.4));
#15863=CARTESIAN_POINT('',(337.630094343564,-0.00152400304807676,0.200000000000007));
#15864=CARTESIAN_POINT('Origin',(299.149512505822,10.9816938641828,10.));
#15865=CARTESIAN_POINT('',(350.463117896293,4.43590744729759,6.4));
#15866=CARTESIAN_POINT('',(350.463117896293,4.43590744729759,5.));
#15867=CARTESIAN_POINT('',(337.830094343564,6.04743081125517,6.4));
#15868=CARTESIAN_POINT('',(321.674581712148,8.10829818426147,6.4));
#15869=CARTESIAN_POINT('',(337.830094343564,6.04743081125517,5.));
#15870=CARTESIAN_POINT('',(299.149512505822,10.9816938641824,-0.2));
#15871=CARTESIAN_POINT('',(330.33766318948,7.00319787740948,-0.2));
#15872=CARTESIAN_POINT('',(299.149512505822,10.9816938641824,9.));
#15873=CARTESIAN_POINT('',(299.149512505822,10.9816938641824,10.));
#15874=CARTESIAN_POINT('',(345.496191828464,5.06951011351187,9.));
#15875=CARTESIAN_POINT('',(298.459769053001,11.0696805353639,9.));
#15876=CARTESIAN_POINT('',(345.496191828454,5.06951011350968,12.4));
#15877=CARTESIAN_POINT('',(345.496191828454,5.06951011350968,13.4));
#15878=CARTESIAN_POINT('',(354.585274293059,3.91006727011846,12.4));
#15879=CARTESIAN_POINT('',(325.275673894421,7.6489272218567,12.4));
#15880=CARTESIAN_POINT('',(354.585274293059,3.91006727011846,-0.2));
#15881=CARTESIAN_POINT('',(354.585274293059,3.91006727011846,13.4));
#15882=CARTESIAN_POINT('',(330.33766318948,7.00319787740948,-0.2));
#15883=CARTESIAN_POINT('Origin',(347.664300953786,-6.75542184610284,0.4));
#15884=CARTESIAN_POINT('',(342.664300953786,-6.75542184610284,0.4));
#15885=CARTESIAN_POINT('Origin',(347.664300953786,-6.75542184610284,0.4));
#15886=CARTESIAN_POINT('Origin',(347.664300953786,-6.75542184610284,0.));
#15887=CARTESIAN_POINT('',(342.664300953786,-6.75542184610284,0.));
#15888=CARTESIAN_POINT('Origin',(281.45003605654,11.6604257793067,-0.4));
#15889=CARTESIAN_POINT('',(274.568906064723,10.9878766445718,-0.2));
#15890=CARTESIAN_POINT('Origin',(275.375459209171,4.63890255223364,-0.4));
#15891=CARTESIAN_POINT('',(275.377065379635,11.038902350688,-0.2));
#15892=CARTESIAN_POINT('',(275.377065379635,11.038902350688,-0.2));
#15893=CARTESIAN_POINT('Origin',(275.375459209171,4.63890255223364,-0.2));
#15894=CARTESIAN_POINT('Origin',(314.449896475971,10.8290964648257,-0.4));
#15895=CARTESIAN_POINT('',(298.341269484804,11.033139158889,-0.2));
#15896=CARTESIAN_POINT('',(298.341269484804,11.033139158889,-0.2));
#15897=CARTESIAN_POINT('',(314.449946668798,11.0290964585274,-0.2));
#15898=CARTESIAN_POINT('Origin',(298.33966331434,4.63313936043462,-0.4));
#15899=CARTESIAN_POINT('',(299.149512505822,10.9816938641824,-0.2));
#15900=CARTESIAN_POINT('Origin',(298.33966331434,4.63313936043462,-0.2));
#15901=CARTESIAN_POINT('Origin',(330.312355402246,6.80480554916736,-0.4));
#15902=CARTESIAN_POINT('Origin',(298.33966331434,4.63313936043462,10.));
#15903=CARTESIAN_POINT('',(298.341269484804,11.033139158889,9.));
#15904=CARTESIAN_POINT('',(298.341269484804,11.033139158889,10.));
#15905=CARTESIAN_POINT('Origin',(298.33966331434,4.63313936043462,9.));
#15906=CARTESIAN_POINT('Origin',(275.377065379635,11.038902350688,10.));
#15907=CARTESIAN_POINT('',(275.377065379635,11.038902350688,9.));
#15908=CARTESIAN_POINT('',(275.377065379635,11.038902350688,0.));
#15909=CARTESIAN_POINT('',(282.686752591353,11.0370678813026,9.));
#15910=CARTESIAN_POINT('Origin',(275.375459209171,4.63890255223364,10.));
#15911=CARTESIAN_POINT('Origin',(275.375459209171,4.63890255223364,9.));
#15912=CARTESIAN_POINT('Origin',(330.312355402246,6.80480554916736,-0.4));
#15913=CARTESIAN_POINT('',(354.585274293059,3.91006727011846,-0.2));
#15914=CARTESIAN_POINT('Origin',(354.155041910084,0.537397690002459,-0.4));
#15915=CARTESIAN_POINT('',(357.555041910084,0.537397690002459,-0.2));
#15916=CARTESIAN_POINT('',(357.555041910084,0.537397690002459,-0.2));
#15917=CARTESIAN_POINT('Origin',(354.155041910084,0.537397690002459,-0.2));
#15918=CARTESIAN_POINT('Origin',(357.355041910084,-29.6570923385955,-0.4));
#15919=CARTESIAN_POINT('',(357.555041910084,-84.16568053114,-0.2));
#15920=CARTESIAN_POINT('',(357.555041910084,-29.6570923385955,-0.2));
#15921=CARTESIAN_POINT('',(357.555041910084,-84.16568053114,-0.2));
#15922=CARTESIAN_POINT('Origin',(358.555041910084,-84.16568053114,-0.4));
#15923=CARTESIAN_POINT('',(358.05215700339,-85.0300339140912,-0.2));
#15924=CARTESIAN_POINT('Origin',(358.555041910084,-84.16568053114,-0.2));
#15925=CARTESIAN_POINT('',(358.05215700339,-85.0300339140912,-0.2));
#15926=CARTESIAN_POINT('Origin',(350.681404596624,-80.9730819711609,-0.4));
#15927=CARTESIAN_POINT('',(361.062406666964,-86.7814114768472,-0.2));
#15928=CARTESIAN_POINT('',(361.062406666964,-86.7814114768472,-0.2));
#15929=CARTESIAN_POINT('',(350.781981577963,-80.8002112945707,-0.2));
#15930=CARTESIAN_POINT('Origin',(359.352597984204,-89.7202129788815,-0.4));
#15931=CARTESIAN_POINT('',(362.299139646567,-91.4166481329513,-0.2));
#15932=CARTESIAN_POINT('',(362.299139646567,-91.4166481329513,-0.2));
#15933=CARTESIAN_POINT('Origin',(359.352597984204,-89.7202129788815,-0.2));
#15934=CARTESIAN_POINT('Origin',(367.855623542207,-81.3647394267198,-0.4));
#15935=CARTESIAN_POINT('',(352.517856099822,-108.405779378388,-0.2));
#15936=CARTESIAN_POINT('',(352.517856099822,-108.405779378388,-0.2));
#15937=CARTESIAN_POINT('',(368.028949522346,-81.4645297299004,-0.2));
#15938=CARTESIAN_POINT('Origin',(349.57131443746,-106.709344224319,-0.4));
#15939=CARTESIAN_POINT('',(347.87487928339,-109.655885886682,-0.2));
#15940=CARTESIAN_POINT('',(347.87487928339,-109.655885886682,-0.2));
#15941=CARTESIAN_POINT('Origin',(349.57131443746,-106.709344224319,-0.2));
#15942=CARTESIAN_POINT('Origin',(339.321081673731,-104.500363003749,-0.4));
#15943=CARTESIAN_POINT('',(332.014272003916,-100.524336145681,-0.2));
#15944=CARTESIAN_POINT('',(332.014272003916,-100.524336145681,-0.2));
#15945=CARTESIAN_POINT('',(339.22129137055,-104.673688983888,-0.2));
#15946=CARTESIAN_POINT('Origin',(330.716998062569,-102.777573887487,-0.4));
#15947=CARTESIAN_POINT('',(331.393450196998,-100.267113270424,-0.2));
#15948=CARTESIAN_POINT('',(331.393450196998,-100.267113270424,-0.2));
#15949=CARTESIAN_POINT('Origin',(330.716998062569,-102.777573887487,-0.2));
#15950=CARTESIAN_POINT('Origin',(336.676435956977,-101.483498412156,-0.4));
#15951=CARTESIAN_POINT('',(308.691965560914,-94.1501211804378,-0.2));
#15952=CARTESIAN_POINT('',(308.691965560914,-94.1501211804378,-0.2));
#15953=CARTESIAN_POINT('',(336.624401177406,-101.676610767314,-0.2));
#15954=CARTESIAN_POINT('Origin',(308.015513426485,-96.6605817975011,-0.4));
#15955=CARTESIAN_POINT('',(308.015293083946,-94.0605818068377,-0.2));
#15956=CARTESIAN_POINT('',(308.015293083946,-94.0605818068377,-0.2));
#15957=CARTESIAN_POINT('Origin',(308.015513426485,-96.6605817975011,-0.2));
#15958=CARTESIAN_POINT('Origin',(330.761599941496,-93.8586541218793,-0.4));
#15959=CARTESIAN_POINT('',(294.057961962613,-94.0617646506026,-0.2));
#15960=CARTESIAN_POINT('',(330.761616890923,-94.0586541211611,-0.2));
#15961=CARTESIAN_POINT('',(294.057961962613,-94.0617646506026,-0.2));
#15962=CARTESIAN_POINT('Origin',(323.781273078955,-93.8621670286339,-0.4));
#15963=CARTESIAN_POINT('',(279.65884244138,-94.0615697231395,-0.2));
#15964=CARTESIAN_POINT('',(323.781270371463,-94.0621670286156,-0.2));
#15965=CARTESIAN_POINT('',(279.65884244138,-94.0615697231395,-0.2));
#15966=CARTESIAN_POINT('Origin',(316.581942175732,-93.8615697231395,-0.4));
#15967=CARTESIAN_POINT('',(256.733815792473,-94.0615697231395,-0.2));
#15968=CARTESIAN_POINT('',(316.581942175732,-94.0615697231395,-0.2));
#15969=CARTESIAN_POINT('',(256.733815792473,-94.0615697231395,-0.2));
#15970=CARTESIAN_POINT('Origin',(256.733815792473,-88.6615697231395,-0.4));
#15971=CARTESIAN_POINT('',(254.838883383016,-93.7181724526003,-0.2));
#15972=CARTESIAN_POINT('',(254.838883383016,-93.7181724526003,-0.2));
#15973=CARTESIAN_POINT('Origin',(256.733815792473,-88.6615697231395,-0.2));
#15974=CARTESIAN_POINT('Origin',(292.603010598353,-107.656476951897,-0.4));
#15975=CARTESIAN_POINT('',(218.689952574977,-80.1715712619871,-0.2));
#15976=CARTESIAN_POINT('',(218.689952574977,-80.1715712619871,-0.2));
#15977=CARTESIAN_POINT('',(292.532827916521,-107.84375853447,-0.2));
#15978=CARTESIAN_POINT('Origin',(219.883058166117,-76.9877843582524,-0.4));
#15979=CARTESIAN_POINT('',(216.483058166117,-76.9877843582524,-0.2));
#15980=CARTESIAN_POINT('',(216.483058166117,-76.9877843582524,-0.2));
#15981=CARTESIAN_POINT('Origin',(219.883058166117,-76.9877843582524,-0.2));
#15982=CARTESIAN_POINT('Origin',(216.683058166117,-68.4196833627229,-0.4));
#15983=CARTESIAN_POINT('',(216.483058166117,0.613437936604804,-0.2));
#15984=CARTESIAN_POINT('',(216.483058166117,0.613437936604804,-0.2));
#15985=CARTESIAN_POINT('',(216.483058166117,-68.4196833627229,-0.2));
#15986=CARTESIAN_POINT('Origin',(219.883058166117,0.613437936604804,-0.4));
#15987=CARTESIAN_POINT('',(219.454576808129,3.98633042315944,-0.2));
#15988=CARTESIAN_POINT('Origin',(219.883058166117,0.613437936604804,-0.2));
#15989=CARTESIAN_POINT('Origin',(281.45003605654,11.6604257793067,-0.4));
#15990=CARTESIAN_POINT('Origin',(219.883058166117,0.613437936604804,10.));
#15991=CARTESIAN_POINT('',(216.483058166117,0.613437936604804,9.));
#15992=CARTESIAN_POINT('',(216.483058166117,0.613437936604804,10.));
#15993=CARTESIAN_POINT('Origin',(219.883058166117,0.613437936604804,9.));
#15994=CARTESIAN_POINT('Origin',(216.483058166117,-76.9877843582524,10.));
#15995=CARTESIAN_POINT('',(216.483058166117,-76.9877843582524,9.));
#15996=CARTESIAN_POINT('',(216.483058166117,-76.9877843582524,10.));
#15997=CARTESIAN_POINT('',(216.483058166117,-63.4442734589943,9.));
#15998=CARTESIAN_POINT('Origin',(219.883058166117,-76.9877843582524,10.));
#15999=CARTESIAN_POINT('',(218.689952574977,-80.1715712619871,9.));
#16000=CARTESIAN_POINT('',(218.689952574977,-80.1715712619871,10.));
#16001=CARTESIAN_POINT('Origin',(219.883058166117,-76.9877843582524,9.));
#16002=CARTESIAN_POINT('Origin',(254.838883383016,-93.7181724526003,10.));
#16003=CARTESIAN_POINT('',(254.838883383016,-93.7181724526003,9.));
#16004=CARTESIAN_POINT('',(254.838883383016,-93.7181724526003,10.));
#16005=CARTESIAN_POINT('',(263.047143498507,-96.7941701036471,9.));
#16006=CARTESIAN_POINT('Origin',(256.733815792473,-88.6615697231395,10.));
#16007=CARTESIAN_POINT('',(256.733815792473,-94.0615697231395,9.));
#16008=CARTESIAN_POINT('',(256.733815792473,-94.0615697231395,10.));
#16009=CARTESIAN_POINT('Origin',(256.733815792473,-88.6615697231395,9.));
#16010=CARTESIAN_POINT('Origin',(279.65884244138,-94.0615697231395,10.));
#16011=CARTESIAN_POINT('',(279.65884244138,-94.0615697231395,9.));
#16012=CARTESIAN_POINT('',(279.65884244138,-94.0615697231395,10.));
#16013=CARTESIAN_POINT('',(284.819994747227,-94.0615697231395,9.));
#16014=CARTESIAN_POINT('Origin',(294.057961962613,-94.0617646506026,10.));
#16015=CARTESIAN_POINT('',(294.057961962613,-94.0617646506026,9.));
#16016=CARTESIAN_POINT('',(294.057961962613,-94.0617646506026,10.));
#16017=CARTESIAN_POINT('',(292.019255594381,-94.0617370517025,9.));
#16018=CARTESIAN_POINT('Origin',(308.015293083946,-94.0605818068377,10.));
#16019=CARTESIAN_POINT('',(308.015293083946,-94.0605818068377,9.));
#16020=CARTESIAN_POINT('',(308.015293083946,-94.0605818068377,10.));
#16021=CARTESIAN_POINT('',(299.000091342245,-94.0613458193181,9.));
#16022=CARTESIAN_POINT('Origin',(308.015513426485,-96.6605817975011,10.));
#16023=CARTESIAN_POINT('',(308.691965560914,-94.1501211804378,9.));
#16024=CARTESIAN_POINT('',(308.691965560914,-94.1501211804378,10.));
#16025=CARTESIAN_POINT('Origin',(308.015513426485,-96.6605817975011,9.));
#16026=CARTESIAN_POINT('Origin',(331.393450196998,-100.267113270424,10.));
#16027=CARTESIAN_POINT('',(331.393450196998,-100.267113270424,9.));
#16028=CARTESIAN_POINT('',(331.393450196998,-100.267113270424,10.));
#16029=CARTESIAN_POINT('',(305.762542011136,-93.360778061718,9.));
#16030=CARTESIAN_POINT('Origin',(330.716998062569,-102.777573887487,10.));
#16031=CARTESIAN_POINT('',(332.014272003916,-100.524336145681,9.));
#16032=CARTESIAN_POINT('',(332.014272003916,-100.524336145681,10.));
#16033=CARTESIAN_POINT('Origin',(330.716998062569,-102.777573887487,9.));
#16034=CARTESIAN_POINT('Origin',(347.87487928339,-109.655885886682,10.));
#16035=CARTESIAN_POINT('',(347.87487928339,-109.655885886682,9.));
#16036=CARTESIAN_POINT('',(347.87487928339,-109.655885886682,10.));
#16037=CARTESIAN_POINT('',(313.215165218127,-89.7009814231295,9.));
#16038=CARTESIAN_POINT('Origin',(349.57131443746,-106.709344224319,10.));
#16039=CARTESIAN_POINT('',(352.517856099822,-108.405779378388,9.));
#16040=CARTESIAN_POINT('',(352.517856099822,-108.405779378388,10.));
#16041=CARTESIAN_POINT('Origin',(349.57131443746,-106.709344224319,9.));
#16042=CARTESIAN_POINT('Origin',(362.299139646567,-91.4166481329513,10.));
#16043=CARTESIAN_POINT('',(362.299139646567,-91.4166481329513,9.));
#16044=CARTESIAN_POINT('',(362.299139646567,-91.4166481329513,10.));
#16045=CARTESIAN_POINT('',(362.273128246265,-91.46182738693,9.));
#16046=CARTESIAN_POINT('Origin',(359.352597984204,-89.7202129788815,10.));
#16047=CARTESIAN_POINT('',(361.062406666964,-86.7814114768472,9.));
#16048=CARTESIAN_POINT('',(361.062406666964,-86.7814114768472,10.));
#16049=CARTESIAN_POINT('Origin',(359.352597984204,-89.7202129788815,9.));
#16050=CARTESIAN_POINT('Origin',(357.853310966067,-84.9143443444108,10.));
#16051=CARTESIAN_POINT('',(358.05215700339,-85.0300339140912,9.));
#16052=CARTESIAN_POINT('',(358.05215700339,-85.0300339140912,10.));
#16053=CARTESIAN_POINT('',(324.88975283819,-65.7359895413706,9.));
#16054=CARTESIAN_POINT('Origin',(358.555041910084,-84.16568053114,10.));
#16055=CARTESIAN_POINT('',(357.555041910084,-84.1656805312047,9.56485625769672));
#16056=CARTESIAN_POINT('',(357.555041910084,-84.16568053114,10.));
#16057=CARTESIAN_POINT('',(357.558199482578,-84.2450856614836,9.01556096154504));
#16058=CARTESIAN_POINT('Ctrl Pts',(357.558124023015,-84.2451388323057,9.01487312834808));
#16059=CARTESIAN_POINT('Ctrl Pts',(357.555763686421,-84.216212335949,9.11342258729181));
#16060=CARTESIAN_POINT('Ctrl Pts',(357.555347315223,-84.1882562060333,9.2589792000824));
#16061=CARTESIAN_POINT('Ctrl Pts',(357.555042061811,-84.172645499481,9.42932558773558));
#16062=CARTESIAN_POINT('Ctrl Pts',(357.555048808419,-84.1684846031332,9.49713784810648));
#16063=CARTESIAN_POINT('Ctrl Pts',(357.55504111593,-84.1667013172265,9.53584006765674));
#16064=CARTESIAN_POINT('Ctrl Pts',(357.555041910084,-84.1659904335394,9.55519101386714));
#16065=CARTESIAN_POINT('Ctrl Pts',(357.555041910084,-84.1656805312047,9.56485625769671));
#16066=CARTESIAN_POINT('',(357.688184105512,-84.6642359910969,8.93856330543464));
#16067=CARTESIAN_POINT('Ctrl Pts',(357.688184105512,-84.6642359910969,8.93856330543462));
#16068=CARTESIAN_POINT('Ctrl Pts',(357.656399789888,-84.6089713630379,8.9385633054346));
#16069=CARTESIAN_POINT('Ctrl Pts',(357.630367694764,-84.550870064754,8.94409342373427));
#16070=CARTESIAN_POINT('Ctrl Pts',(357.61113239533,-84.4958847527308,8.9530534070918));
#16071=CARTESIAN_POINT('Ctrl Pts',(357.584417547844,-84.4195186826501,8.96549743426608));
#16072=CARTESIAN_POINT('Ctrl Pts',(357.565857081562,-84.3349093210039,8.98688475062066));
#16073=CARTESIAN_POINT('Ctrl Pts',(357.558508739659,-84.2488989392788,9.01433587779608));
#16074=CARTESIAN_POINT('Ctrl Pts',(357.558351346136,-84.2469921382668,9.01494714263052));
#16075=CARTESIAN_POINT('Ctrl Pts',(357.558199482578,-84.2450856614835,9.01556096154486));
#16076=CARTESIAN_POINT('',(357.866799149389,-84.8911609942476,8.97317838904716));
#16077=CARTESIAN_POINT('Ctrl Pts',(357.688184105512,-84.664235991097,8.93856330543463));
#16078=CARTESIAN_POINT('Ctrl Pts',(357.735574521335,-84.7466355536677,8.93856330543467));
#16079=CARTESIAN_POINT('Ctrl Pts',(357.796458775971,-84.8244310749025,8.95087326964071));
#16080=CARTESIAN_POINT('Ctrl Pts',(357.866799149388,-84.8911609942473,8.97317838904734));
#16081=CARTESIAN_POINT('Origin',(358.555041910084,-84.16568053114,7.99999999999999));
#16082=CARTESIAN_POINT('Origin',(357.555041910084,0.53739769000245,10.));
#16083=CARTESIAN_POINT('',(357.555041910084,0.537397690002459,12.4));
#16084=CARTESIAN_POINT('',(357.555041910084,0.537397690002459,13.4));
#16085=CARTESIAN_POINT('',(357.555041910084,-84.1623477122266,12.4));
#16086=CARTESIAN_POINT('',(357.555041910084,-20.8307446931711,12.4));
#16087=CARTESIAN_POINT('',(357.555041910084,-84.1623477122266,9.670617319512));
#16088=CARTESIAN_POINT('',(357.555041910084,-84.1623477122266,0.));
#16089=CARTESIAN_POINT('Ctrl Pts',(357.555041910084,-84.1656805312692,9.56485625770082));
#16090=CARTESIAN_POINT('Ctrl Pts',(357.555041910084,-84.1634175667353,9.60014496247957));
#16091=CARTESIAN_POINT('Ctrl Pts',(357.555041910084,-84.1623477122266,9.63545803326617));
#16092=CARTESIAN_POINT('Ctrl Pts',(357.555041910084,-84.1623477122266,9.670617319512));
#16093=CARTESIAN_POINT('Origin',(354.155041910084,0.537397690002459,10.));
#16094=CARTESIAN_POINT('Origin',(354.155041910084,0.537397690002459,12.4));
#16095=CARTESIAN_POINT('Origin',(239.255499110998,-38.0246888493776,0.2));
#16096=CARTESIAN_POINT('',(235.755499110998,-38.0246888493776,0.2));
#16097=CARTESIAN_POINT('Origin',(227.664300953786,-7.25542184610284,0.4));
#16098=CARTESIAN_POINT('',(222.664300953786,-7.25542184610284,0.4));
#16099=CARTESIAN_POINT('Origin',(227.664300953786,-7.25542184610284,0.4));
#16100=CARTESIAN_POINT('Origin',(346.664300953786,-94.2554218461028,0.4));
#16101=CARTESIAN_POINT('',(341.664300953786,-94.2554218461028,0.4));
#16102=CARTESIAN_POINT('Origin',(346.664300953786,-94.2554218461028,0.4));
#16103=CARTESIAN_POINT('Origin',(224.483058166117,-73.2554218461028,0.4));
#16104=CARTESIAN_POINT('',(229.483058166117,-73.2554218461028,0.4));
#16105=CARTESIAN_POINT('Origin',(224.483058166117,-73.2554218461028,0.4));
#16106=CARTESIAN_POINT('Origin',(356.555041910084,-84.1623477122266,0.));
#16107=CARTESIAN_POINT('',(357.053597370041,-85.0292055167985,9.670617319512));
#16108=CARTESIAN_POINT('Origin',(356.555041910084,-84.1623477122266,9.67061731951243));
#16109=CARTESIAN_POINT('',(357.555041910084,-84.16568053114,12.4));
#16110=CARTESIAN_POINT('',(357.555041910084,-20.8307446931711,12.4));
#16111=CARTESIAN_POINT('',(357.053597370041,-85.0292055167985,12.9014445400432));
#16112=CARTESIAN_POINT('Origin',(356.555041910084,-84.1623477122266,13.4000000000001));
#16113=CARTESIAN_POINT('',(357.053597370041,-85.0292055167985,0.));
#16114=CARTESIAN_POINT('Ctrl Pts',(357.053597370041,-85.0292055167984,9.67061731951196));
#16115=CARTESIAN_POINT('Ctrl Pts',(357.068836420883,-85.0204410897356,9.65303767638934));
#16116=CARTESIAN_POINT('Ctrl Pts',(357.0839109433,-85.0117712878172,9.63564783189909));
#16117=CARTESIAN_POINT('Ctrl Pts',(357.098717087613,-85.0032558380524,9.61856758617175));
#16118=CARTESIAN_POINT('Ctrl Pts',(357.205133470672,-84.9420526412615,9.67061731951196));
#16119=CARTESIAN_POINT('Ctrl Pts',(357.216288841346,-84.932059148233,9.65127681643775));
#16120=CARTESIAN_POINT('Ctrl Pts',(357.227303132198,-84.9224569320092,9.63194691467973));
#16121=CARTESIAN_POINT('Ctrl Pts',(357.2380382902,-84.9131919751246,9.61279204612669));
#16122=CARTESIAN_POINT('Ctrl Pts',(357.460981893936,-84.6863998187121,9.67061731951197));
#16123=CARTESIAN_POINT('Ctrl Pts',(357.464216880186,-84.677643904248,9.64608526524472));
#16124=CARTESIAN_POINT('Ctrl Pts',(357.467370599474,-84.669588747165,9.62139718130087));
#16125=CARTESIAN_POINT('Ctrl Pts',(357.47043815481,-84.6623609868893,9.59670696638439));
#16126=CARTESIAN_POINT('Ctrl Pts',(357.555041910084,-84.3371585056827,9.67061731951199));
#16127=CARTESIAN_POINT('Ctrl Pts',(357.555014523755,-84.3342242166221,9.63900415135455));
#16128=CARTESIAN_POINT('Ctrl Pts',(357.555065347092,-84.3322514822423,9.60723293994583));
#16129=CARTESIAN_POINT('Ctrl Pts',(357.555041910084,-84.3313380169341,9.57547940233529));
#16130=CARTESIAN_POINT('Ctrl Pts',(357.555041910084,-84.1623477122266,9.670617319512));
#16131=CARTESIAN_POINT('Ctrl Pts',(357.555041910084,-84.1623477122266,9.63545803326617));
#16132=CARTESIAN_POINT('Ctrl Pts',(357.555041910084,-84.1634175667353,9.60014496247957));
#16133=CARTESIAN_POINT('Ctrl Pts',(357.555041910084,-84.1656805312692,9.56485625770082));
#16134=CARTESIAN_POINT('',(357.098717087613,-85.0032558380524,9.61856758617177));
#16135=CARTESIAN_POINT('Origin',(356.555041910084,-84.1656805312692,9.56485625770085));
#16136=CARTESIAN_POINT('',(357.201498325055,-84.9441433205925,9.5));
#16137=CARTESIAN_POINT('Ctrl Pts',(357.098717087614,-85.0032558380514,9.61856758616977));
#16138=CARTESIAN_POINT('Ctrl Pts',(357.102772351072,-85.000923536574,9.61388946775631));
#16139=CARTESIAN_POINT('Ctrl Pts',(357.110851786325,-84.9962768153498,9.60456909801314));
#16140=CARTESIAN_POINT('Ctrl Pts',(357.126861532721,-84.9870691385707,9.58610038686946));
#16141=CARTESIAN_POINT('Ctrl Pts',(357.15445001419,-84.9712021901554,9.55427454262601));
#16142=CARTESIAN_POINT('Ctrl Pts',(357.237834179156,-84.9232455004905,9.45808325897408));
#16143=CARTESIAN_POINT('Ctrl Pts',(357.349885910314,-84.8588012489971,9.32882130785856));
#16144=CARTESIAN_POINT('Ctrl Pts',(357.42274129421,-84.8168999714904,9.2447759390437));
#16145=CARTESIAN_POINT('Ctrl Pts',(357.434287332877,-84.8102595045206,9.23145652424808));
#16146=CARTESIAN_POINT('Ctrl Pts',(357.434286676313,-84.8102630092103,9.23145471149488));
#16147=CARTESIAN_POINT('Ctrl Pts',(357.377359492807,-84.8231281121838,9.60701650608005));
#16148=CARTESIAN_POINT('Ctrl Pts',(357.379238327645,-84.8203046691705,9.60121126654657));
#16149=CARTESIAN_POINT('Ctrl Pts',(357.382996885981,-84.8147417532309,9.58958915283099));
#16150=CARTESIAN_POINT('Ctrl Pts',(357.390486182177,-84.8039202058152,9.56635714450364));
#16151=CARTESIAN_POINT('Ctrl Pts',(357.403542658435,-84.7859142475188,9.52573884463088));
#16152=CARTESIAN_POINT('Ctrl Pts',(357.44393158224,-84.734905482197,9.39983859928805));
#16153=CARTESIAN_POINT('Ctrl Pts',(357.505143553522,-84.6890720999072,9.21201165853856));
#16154=CARTESIAN_POINT('Ctrl Pts',(357.566564109285,-84.691456328026,9.07095241859554));
#16155=CARTESIAN_POINT('Ctrl Pts',(357.588877641727,-84.7077387003353,9.04633640182483));
#16156=CARTESIAN_POINT('Ctrl Pts',(357.594760155783,-84.7179668567386,9.04633640182482));
#16157=CARTESIAN_POINT('Ctrl Pts',(357.555041910105,-84.4969955025553,9.58610254696696));
#16158=CARTESIAN_POINT('Ctrl Pts',(357.555099575615,-84.4956430358012,9.57838133503023));
#16159=CARTESIAN_POINT('Ctrl Pts',(357.555248985387,-84.493026117841,9.56292095709826));
#16160=CARTESIAN_POINT('Ctrl Pts',(357.555661991008,-84.4881142326983,9.53200031096637));
#16161=CARTESIAN_POINT('Ctrl Pts',(357.556699448877,-84.4805021842168,9.4778517267871));
#16162=CARTESIAN_POINT('Ctrl Pts',(357.561964185621,-84.4623688359005,9.30952611213543));
#16163=CARTESIAN_POINT('Ctrl Pts',(357.58055059653,-84.4720773259923,9.05108390619601));
#16164=CARTESIAN_POINT('Ctrl Pts',(357.627282565593,-84.5574059559635,8.83123117737214));
#16165=CARTESIAN_POINT('Ctrl Pts',(357.668002105895,-84.6291447619655,8.78614913086072));
#16166=CARTESIAN_POINT('Ctrl Pts',(357.688184105512,-84.6642359910967,8.78614913086069));
#16167=CARTESIAN_POINT('Ctrl Pts',(357.555041910084,-84.1656805312047,9.56485625769671));
#16168=CARTESIAN_POINT('Ctrl Pts',(357.555041910084,-84.1659904335394,9.55519101386714));
#16169=CARTESIAN_POINT('Ctrl Pts',(357.55504111593,-84.1667013172265,9.53584006765674));
#16170=CARTESIAN_POINT('Ctrl Pts',(357.555048808419,-84.1684846031332,9.49713784810648));
#16171=CARTESIAN_POINT('Ctrl Pts',(357.555042061811,-84.172645499481,9.42932558773558));
#16172=CARTESIAN_POINT('Ctrl Pts',(357.55542017934,-84.1919824882202,9.21831744606267));
#16173=CARTESIAN_POINT('Ctrl Pts',(357.556460641994,-84.2645048913227,8.88928453010376));
#16174=CARTESIAN_POINT('Ctrl Pts',(357.588491089772,-84.4516244632492,8.5901465112538));
#16175=CARTESIAN_POINT('Ctrl Pts',(357.64934184624,-84.596699441402,8.52434974306159));
#16176=CARTESIAN_POINT('Ctrl Pts',(357.688184105512,-84.6642359910967,8.52434974306153));
#16177=CARTESIAN_POINT('',(357.434287332877,-84.8102595045206,9.23145652424808));
#16178=CARTESIAN_POINT('Ctrl Pts',(357.558199482578,-84.2450856614837,9.01556096154481));
#16179=CARTESIAN_POINT('Ctrl Pts',(357.562960246923,-84.3048517227681,8.99631837796132));
#16180=CARTESIAN_POINT('Ctrl Pts',(357.566012224708,-84.366639750238,8.98640649894464));
#16181=CARTESIAN_POINT('Ctrl Pts',(357.564724670889,-84.4546954267079,8.99272130152805));
#16182=CARTESIAN_POINT('Ctrl Pts',(357.563681989442,-84.4794834900466,8.99679237479529));
#16183=CARTESIAN_POINT('Ctrl Pts',(357.557916441486,-84.5521253147919,9.01549159801567));
#16184=CARTESIAN_POINT('Ctrl Pts',(357.550684115131,-84.596991352315,9.0360822259995));
#16185=CARTESIAN_POINT('Ctrl Pts',(357.52595563316,-84.6846127747063,9.09117059963043));
#16186=CARTESIAN_POINT('Ctrl Pts',(357.507576074737,-84.7245438782158,9.1259603555106));
#16187=CARTESIAN_POINT('Ctrl Pts',(357.475645425959,-84.7708002392574,9.1760104889002));
#16188=CARTESIAN_POINT('Ctrl Pts',(357.464460013437,-84.7843161916701,9.19239222008052));
#16189=CARTESIAN_POINT('Ctrl Pts',(357.4460153045,-84.8017550930606,9.21704881178346));
#16190=CARTESIAN_POINT('Ctrl Pts',(357.440679217268,-84.8059366680444,9.22376059748233));
#16191=CARTESIAN_POINT('Ctrl Pts',(357.435397228011,-84.8095994080042,9.23016529299028));
#16192=CARTESIAN_POINT('Ctrl Pts',(357.434484165763,-84.8101446900347,9.23122865673611));
#16193=CARTESIAN_POINT('Ctrl Pts',(357.434297662881,-84.8102535201191,9.23144458604767));
#16194=CARTESIAN_POINT('Ctrl Pts',(357.434282158508,-84.810262480453,9.23146249335813));
#16195=CARTESIAN_POINT('Ctrl Pts',(357.434287332877,-84.8102595045206,9.23145652424808));
#16196=CARTESIAN_POINT('',(357.201498325055,-84.9441433205925,9.5));
#16197=CARTESIAN_POINT('Origin',(354.155041910084,-86.6962501496414,0.));
#16198=CARTESIAN_POINT('',(356.555041910084,-85.3159394486398,13.4));
#16199=CARTESIAN_POINT('',(366.915008170301,-79.3576176607295,3.04003373978293));
#16200=CARTESIAN_POINT('',(355.653597370041,-85.8343867590489,13.4));
#16201=CARTESIAN_POINT('',(355.653597370041,-85.8343867590489,13.4));
#16202=CARTESIAN_POINT('',(355.653597370041,-85.8343867590489,10.));
#16203=CARTESIAN_POINT('',(355.653597370041,-85.8343867590489,0.));
#16204=CARTESIAN_POINT('',(356.768069422769,-85.1934210505704,10.));
#16205=CARTESIAN_POINT('',(339.734566116557,-94.9898905877081,10.));
#16206=CARTESIAN_POINT('',(357.201498325055,-84.9441433205925,9.5));
#16207=CARTESIAN_POINT('Origin',(357.055041910084,-20.8307446931711,12.9));
#16208=CARTESIAN_POINT('',(356.555041910084,0.537397690002459,13.4));
#16209=CARTESIAN_POINT('',(357.555041910084,0.537397690002459,12.4));
#16210=CARTESIAN_POINT('',(356.555041910084,-20.8307446931711,13.4));
#16211=CARTESIAN_POINT('Origin',(354.155041910084,0.537397690002459,12.9));
#16212=CARTESIAN_POINT('',(354.45873535689,2.91810562890791,13.4));
#16213=CARTESIAN_POINT('',(354.585274293059,3.91006727011846,12.4));
#16214=CARTESIAN_POINT('Origin',(354.155041910084,0.537397690002459,13.4));
#16215=CARTESIAN_POINT('Origin',(325.212404426337,7.15294640125139,12.9));
#16216=CARTESIAN_POINT('',(345.54216124153,4.05554255787306,13.4));
#16217=CARTESIAN_POINT('',(325.149134958252,6.65696558064608,13.4));
#16218=CARTESIAN_POINT('',(345.496191828454,5.06951011350968,12.4));
#16219=CARTESIAN_POINT('Origin',(335.253660082117,2.29400379276564,12.9));
#16220=CARTESIAN_POINT('',(334.781305562611,2.70168369673535,12.4));
#16221=CARTESIAN_POINT('',(335.145770659684,2.78222492353231,12.4));
#16222=CARTESIAN_POINT('',(334.781305562611,1.67755760203961,13.4));
#16223=CARTESIAN_POINT('',(334.781305562611,5.4682847005612,9.69857385906396));
#16224=CARTESIAN_POINT('',(335.36154950455,1.80578266199897,13.4));
#16225=CARTESIAN_POINT('Origin',(334.781305562611,2.29847599695192,0.));
#16226=CARTESIAN_POINT('',(334.781305562611,2.70168369673535,10.));
#16227=CARTESIAN_POINT('',(334.781305562611,2.70168369673535,13.4));
#16228=CARTESIAN_POINT('',(334.781305562611,0.898475996951928,10.));
#16229=CARTESIAN_POINT('',(334.781305562611,-23.6367445472003,10.));
#16230=CARTESIAN_POINT('',(334.781305562611,0.898475996951925,13.4));
#16231=CARTESIAN_POINT('',(334.781305562611,0.898475996951925,13.4));
#16232=CARTESIAN_POINT('',(334.781305562611,3.16524507707732,13.4));
#16233=CARTESIAN_POINT('Origin',(334.781305562611,2.70168369673535,13.4));
#16234=CARTESIAN_POINT('',(342.603906273924,4.43035912571983,10.));
#16235=CARTESIAN_POINT('',(320.326349857261,-0.492641014068207,17.7024055877542));
#16236=CARTESIAN_POINT('',(334.981305562611,2.74588064587746,10.));
#16237=CARTESIAN_POINT('',(307.88263387179,-3.24251242681131,10.));
#16238=CARTESIAN_POINT('',(307.88263387179,-3.24251242681131,10.));
#16239=CARTESIAN_POINT('Origin',(299.00004896868,-93.5613458211136,9.5));
#16240=CARTESIAN_POINT('',(294.057926357776,-93.0617646500289,10.));
#16241=CARTESIAN_POINT('',(294.057926357776,-93.0617646500289,10.));
#16242=CARTESIAN_POINT('',(308.015208336815,-93.0605818104288,10.));
#16243=CARTESIAN_POINT('',(308.015293083946,-94.0605818068377,9.));
#16244=CARTESIAN_POINT('',(299.000006595115,-93.0613458229091,10.));
#16245=CARTESIAN_POINT('Origin',(292.01926236311,-93.5617370517483,9.5));
#16246=CARTESIAN_POINT('',(279.658855978837,-93.0615697232311,10.));
#16247=CARTESIAN_POINT('',(292.019269131839,-93.0617370517942,10.));
#16248=CARTESIAN_POINT('',(279.658855978837,-93.0615697232311,10.));
#16249=CARTESIAN_POINT('Origin',(298.396499584916,10.5736997147586,9.5));
#16250=CARTESIAN_POINT('',(299.022973569653,9.98973222297218,10.));
#16251=CARTESIAN_POINT('',(299.149512505822,10.9816938641824,9.));
#16252=CARTESIAN_POINT('',(298.333230116832,10.0777188941533,10.));
#16253=CARTESIAN_POINT('Origin',(298.33966331434,4.63313936043462,9.5));
#16254=CARTESIAN_POINT('',(298.341018520669,10.0331391903805,10.));
#16255=CARTESIAN_POINT('',(298.341269484804,11.033139158889,9.));
#16256=CARTESIAN_POINT('Origin',(298.33966331434,4.63313936043462,10.));
#16257=CARTESIAN_POINT('Origin',(282.686627109286,10.5370678970483,9.5));
#16258=CARTESIAN_POINT('',(275.3768144155,10.0389023821795,10.));
#16259=CARTESIAN_POINT('',(275.377065379635,11.038902350688,9.));
#16260=CARTESIAN_POINT('',(282.686501627218,10.0370679127941,10.));
#16261=CARTESIAN_POINT('Origin',(275.375459209171,4.63890255223364,9.5));
#16262=CARTESIAN_POINT('',(274.694929993543,9.99584944264395,10.));
#16263=CARTESIAN_POINT('',(274.568906064723,10.9878766445718,9.));
#16264=CARTESIAN_POINT('Origin',(275.375459209171,4.63890255223364,10.));
#16265=CARTESIAN_POINT('Origin',(250.852361622877,7.47098506960691,9.5));
#16266=CARTESIAN_POINT('',(219.580600736949,2.9943032212316,10.));
#16267=CARTESIAN_POINT('',(219.454576808129,3.98633042315944,9.));
#16268=CARTESIAN_POINT('',(250.915373587287,6.974971468643,10.));
#16269=CARTESIAN_POINT('Origin',(219.883058166117,0.613437936604804,9.5));
#16270=CARTESIAN_POINT('',(217.483058166117,0.613437936604804,10.));
#16271=CARTESIAN_POINT('',(216.483058166117,0.613437936604804,9.));
#16272=CARTESIAN_POINT('Origin',(219.883058166117,0.613437936604804,10.));
#16273=CARTESIAN_POINT('Origin',(216.983058166117,-63.4442734589943,9.5));
#16274=CARTESIAN_POINT('',(217.483058166117,-76.9877843582524,10.));
#16275=CARTESIAN_POINT('',(216.483058166117,-76.9877843582524,9.));
#16276=CARTESIAN_POINT('',(217.483058166117,-63.4442734589943,10.));
#16277=CARTESIAN_POINT('Origin',(219.883058166117,-76.9877843582524,9.5));
#16278=CARTESIAN_POINT('',(219.040865984136,-79.2351633491238,10.));
#16279=CARTESIAN_POINT('',(218.689952574977,-80.1715712619871,9.));
#16280=CARTESIAN_POINT('Origin',(219.883058166117,-76.9877843582524,10.));
#16281=CARTESIAN_POINT('Origin',(263.222600203087,-96.3259661472155,9.5));
#16282=CARTESIAN_POINT('',(255.189796792175,-92.7817645397372,10.));
#16283=CARTESIAN_POINT('',(254.838883383016,-93.7181724526003,9.));
#16284=CARTESIAN_POINT('',(263.398056907666,-95.857762190784,10.));
#16285=CARTESIAN_POINT('Origin',(256.733815792473,-88.6615697231395,9.5));
#16286=CARTESIAN_POINT('',(256.733815792473,-93.0615697231395,10.));
#16287=CARTESIAN_POINT('',(256.733815792473,-94.0615697231395,9.));
#16288=CARTESIAN_POINT('Origin',(256.733815792473,-88.6615697231395,10.));
#16289=CARTESIAN_POINT('Origin',(284.819994747227,-93.5615697231395,9.5));
#16290=CARTESIAN_POINT('',(284.819994747227,-93.0615697231395,10.));
#16291=CARTESIAN_POINT('Origin',(308.015513426485,-96.6605817975011,9.5));
#16292=CARTESIAN_POINT('',(308.952139458772,-93.1845594046442,10.));
#16293=CARTESIAN_POINT('',(308.691965560914,-94.1501211804378,9.));
#16294=CARTESIAN_POINT('Origin',(308.015513426485,-96.6605817975011,10.));
#16295=CARTESIAN_POINT('Origin',(305.892628960065,-92.8779971738213,9.5));
#16296=CARTESIAN_POINT('',(331.653624094856,-99.3015514946303,10.));
#16297=CARTESIAN_POINT('',(331.393450196998,-100.267113270424,9.));
#16298=CARTESIAN_POINT('',(306.022715908993,-92.3952162859244,10.));
#16299=CARTESIAN_POINT('Origin',(330.716998062569,-102.777573887487,9.5));
#16300=CARTESIAN_POINT('',(332.513223519819,-99.6577062449858,10.));
#16301=CARTESIAN_POINT('',(332.014272003916,-100.524336145681,9.));
#16302=CARTESIAN_POINT('Origin',(330.716998062569,-102.777573887487,10.));
#16303=CARTESIAN_POINT('Origin',(313.464640976078,-89.2676664727821,9.5));
#16304=CARTESIAN_POINT('',(348.373830799293,-108.789255985987,10.));
#16305=CARTESIAN_POINT('',(347.87487928339,-109.655885886682,9.));
#16306=CARTESIAN_POINT('',(313.71411673403,-88.8343515224347,10.));
#16307=CARTESIAN_POINT('Origin',(349.57131443746,-106.709344224319,9.5));
#16308=CARTESIAN_POINT('',(351.651226199128,-107.906827862486,10.));
#16309=CARTESIAN_POINT('',(352.517856099822,-108.405779378388,9.));
#16310=CARTESIAN_POINT('Origin',(349.57131443746,-106.709344224319,10.));
#16311=CARTESIAN_POINT('Origin',(361.839813295918,-91.2123516289786,9.5));
#16312=CARTESIAN_POINT('',(361.432509745872,-90.9176966170485,10.));
#16313=CARTESIAN_POINT('',(362.299139646567,-91.4166481329513,9.));
#16314=CARTESIAN_POINT('',(361.406498345571,-90.9628758710272,10.));
#16315=CARTESIAN_POINT('Origin',(359.352597984204,-89.7202129788815,9.5));
#16316=CARTESIAN_POINT('',(360.55952176027,-87.6457648597987,10.));
#16317=CARTESIAN_POINT('',(361.062406666964,-86.7814114768472,9.));
#16318=CARTESIAN_POINT('Origin',(359.352597984204,-89.7202129788815,10.));
#16319=CARTESIAN_POINT('Origin',(324.638310384843,-66.1681662328462,9.5));
#16320=CARTESIAN_POINT('',(357.350426059373,-85.778697727362,10.));
#16321=CARTESIAN_POINT('',(324.386867931496,-66.6003429243218,10.));
#16322=CARTESIAN_POINT('',(357.853310966067,-84.9143443444108,9.));
#16323=CARTESIAN_POINT('Origin',(358.155041910084,-84.3957323146399,9.5));
#16324=CARTESIAN_POINT('Origin',(358.155041910084,-84.3957323146399,10.));
#16325=CARTESIAN_POINT('Origin',(294.458382016755,-92.4617700711253,0.));
#16326=CARTESIAN_POINT('',(294.458382016755,-92.4617700711253,8.2));
#16327=CARTESIAN_POINT('',(294.458382016755,-92.4617700711253,0.));
#16328=CARTESIAN_POINT('',(294.458382016755,-89.2617700711253,8.2));
#16329=CARTESIAN_POINT('',(294.458382016755,-89.2617700711253,8.2));
#16330=CARTESIAN_POINT('',(294.458382016755,-89.2617700711253,0.));
#16331=CARTESIAN_POINT('Origin',(279.258382016755,-92.4617700711253,0.));
#16332=CARTESIAN_POINT('',(279.258382016755,-92.4617700711253,8.2));
#16333=CARTESIAN_POINT('',(279.258382016755,-92.4617700711253,0.));
#16334=CARTESIAN_POINT('',(294.458382016755,-92.4617700711253,8.2));
#16335=CARTESIAN_POINT('Origin',(279.258382016755,-89.2617700711253,0.));
#16336=CARTESIAN_POINT('',(279.258382016755,-89.2617700711253,8.2));
#16337=CARTESIAN_POINT('',(279.258382016755,-89.2617700711253,0.));
#16338=CARTESIAN_POINT('',(279.258382016755,-92.4617700711253,8.2));
#16339=CARTESIAN_POINT('Origin',(294.458382016755,-89.2617700711253,0.));
#16340=CARTESIAN_POINT('',(279.258382016755,-89.2617700711253,8.2));
#16341=CARTESIAN_POINT('Origin',(286.858382016755,-90.8617700711253,8.2));
#16342=CARTESIAN_POINT('Origin',(227.676969287341,-81.8307463408811,0.));
#16343=CARTESIAN_POINT('',(227.676969287341,-81.8307463408811,8.2));
#16344=CARTESIAN_POINT('',(227.676969287341,-81.8307463408811,0.));
#16345=CARTESIAN_POINT('',(251.274448691491,-90.6737642516804,8.2));
#16346=CARTESIAN_POINT('',(255.40034483767,-92.2199197920194,8.2));
#16347=CARTESIAN_POINT('',(251.274448691491,-90.6737642516804,0.));
#16348=CARTESIAN_POINT('Origin',(228.799892196648,-78.8342410197192,0.));
#16349=CARTESIAN_POINT('',(228.799892196648,-78.8342410197192,8.2));
#16350=CARTESIAN_POINT('',(228.799892196648,-78.8342410197192,0.));
#16351=CARTESIAN_POINT('',(227.676969287341,-81.8307463408811,8.2));
#16352=CARTESIAN_POINT('Origin',(252.397371600798,-87.6772589305185,0.));
#16353=CARTESIAN_POINT('',(252.397371600798,-87.6772589305185,8.2));
#16354=CARTESIAN_POINT('',(252.397371600798,-87.6772589305185,0.));
#16355=CARTESIAN_POINT('',(228.799892196648,-78.8342410197192,8.2));
#16356=CARTESIAN_POINT('Origin',(251.274448691491,-90.6737642516804,0.));
#16357=CARTESIAN_POINT('',(252.397371600798,-87.6772589305185,8.2));
#16358=CARTESIAN_POINT('Origin',(240.03717044407,-84.7540026356998,8.2));
#16359=CARTESIAN_POINT('Origin',(224.483058166117,-73.2554218461028,0.));
#16360=CARTESIAN_POINT('',(229.483058166117,-73.2554218461028,0.));
#16361=CARTESIAN_POINT('Origin',(234.233464566929,2.37543815087627,0.));
#16362=CARTESIAN_POINT('',(236.707975615951,-2.42456184912373,0.));
#16363=CARTESIAN_POINT('',(235.161406210305,0.57543815089043,4.));
#16364=CARTESIAN_POINT('',(234.233464566929,2.37543815087627,4.));
#16365=CARTESIAN_POINT('',(235.161406210305,0.57543815089043,3.));
#16366=CARTESIAN_POINT('',(235.161406210305,0.57543815089043,5.));
#16367=CARTESIAN_POINT('',(235.264510837355,0.375438150876262,3.));
#16368=CARTESIAN_POINT('',(250.630247935988,-29.4306676260951,3.));
#16369=CARTESIAN_POINT('',(235.264510837355,0.375438150876266,0.));
#16370=CARTESIAN_POINT('Origin',(236.707975615951,-2.42456184912373,0.));
#16371=CARTESIAN_POINT('',(241.758953517907,-2.42456184912373,0.));
#16372=CARTESIAN_POINT('Origin',(242.532238220727,-0.924561849123733,0.));
#16373=CARTESIAN_POINT('',(243.202418296504,0.375438150876262,3.));
#16374=CARTESIAN_POINT('',(243.202418296503,0.375438150876267,0.));
#16375=CARTESIAN_POINT('',(243.305522923551,0.575438150885242,3.));
#16376=CARTESIAN_POINT('',(237.572567399371,-10.5452179993215,3.));
#16377=CARTESIAN_POINT('',(243.30552292355,0.575438150885242,4.));
#16378=CARTESIAN_POINT('',(243.305522923551,0.575438150885242,5.));
#16379=CARTESIAN_POINT('',(241.758953517907,-2.42456184912373,4.));
#16380=CARTESIAN_POINT('Origin',(337.830094343564,2.29847599695192,0.));
#16381=CARTESIAN_POINT('',(337.830094343564,-0.00152400304807543,0.));
#16382=CARTESIAN_POINT('',(337.830094343564,0.498475996951411,6.4));
#16383=CARTESIAN_POINT('',(337.830094343564,2.29847599695192,6.4));
#16384=CARTESIAN_POINT('',(337.830094343564,0.498475996951413,3.));
#16385=CARTESIAN_POINT('',(337.830094343564,0.498475996951411,5.));
#16386=CARTESIAN_POINT('',(337.830094343564,0.298475996951924,3.));
#16387=CARTESIAN_POINT('',(337.830094343564,-23.6367445472003,3.));
#16388=CARTESIAN_POINT('',(337.830094343564,0.298475996951925,0.));
#16389=CARTESIAN_POINT('Origin',(337.830094343564,-0.00152400304807543,
0.));
#16390=CARTESIAN_POINT('',(348.763129932234,-0.00152400304807543,0.));
#16391=CARTESIAN_POINT('Origin',(348.763129932234,-0.00152400304807543,
0.));
#16392=CARTESIAN_POINT('',(350.463117896293,0.00299937566104309,0.));
#16393=CARTESIAN_POINT('Origin',(350.463117896293,0.00299937566104309,0.));
#16394=CARTESIAN_POINT('',(350.463117896293,0.298475996951924,3.));
#16395=CARTESIAN_POINT('',(350.463117896293,0.298475996951925,0.));
#16396=CARTESIAN_POINT('',(350.463117896293,0.498475996948793,3.));
#16397=CARTESIAN_POINT('',(350.463117896293,-24.7844828578457,3.));
#16398=CARTESIAN_POINT('',(350.463117896293,0.498475996948792,6.4));
#16399=CARTESIAN_POINT('',(350.463117896293,0.498475996948792,5.));
#16400=CARTESIAN_POINT('',(350.463117896293,0.00299937566104309,6.4));
#16401=CARTESIAN_POINT('Origin',(344.146606119928,2.46728095577606,6.4));
#16402=CARTESIAN_POINT('',(339.763955841254,0.49847599695101,6.4));
#16403=CARTESIAN_POINT('Origin',(354.455041910084,-14.4797955841889,0.299999993294477));
#16404=CARTESIAN_POINT('',(354.555041910084,-13.9898976356322,11.599999986589));
#16405=CARTESIAN_POINT('',(354.555041910084,-13.9898976356322,0.6));
#16406=CARTESIAN_POINT('',(354.555041910084,-13.9898976356323,0.299999993294477));
#16407=CARTESIAN_POINT('',(354.955041910084,-14.4797955841889,0.6));
#16408=CARTESIAN_POINT('Origin',(354.455041910084,-14.4797955841889,0.6));
#16409=CARTESIAN_POINT('',(354.955041910084,-14.4797955841889,11.599999986589));
#16410=CARTESIAN_POINT('',(354.955041910084,-14.4797955841889,0.299999993294477));
#16411=CARTESIAN_POINT('Origin',(354.455041910084,-14.4797955841889,11.599999986589));
#16412=CARTESIAN_POINT('Origin',(335.38130556258,0.498475996951919,10.));
#16413=CARTESIAN_POINT('',(354.355041910104,0.498475996947985,10.));
#16414=CARTESIAN_POINT('',(335.38130556258,0.498475996951919,10.));
#16415=CARTESIAN_POINT('',(354.355041910104,0.498475996947985,10.));
#16416=CARTESIAN_POINT('',(335.38130556258,0.498475996951919,3.));
#16417=CARTESIAN_POINT('',(335.38130556258,0.498475996951919,10.));
#16418=CARTESIAN_POINT('',(312.517732767741,0.498475996956662,3.));
#16419=CARTESIAN_POINT('',(354.355041910104,0.498475996947985,3.));
#16420=CARTESIAN_POINT('',(312.517732767741,0.498475996956662,3.));
#16421=CARTESIAN_POINT('',(354.355041910104,0.498475996947985,10.));
#16422=CARTESIAN_POINT('Origin',(289.654159972891,-49.5719650913525,10.));
#16423=CARTESIAN_POINT('',(335.381305562611,0.298475996951924,10.));
#16424=CARTESIAN_POINT('',(354.155041910084,0.298475996951924,10.));
#16425=CARTESIAN_POINT('',(311.567732767751,0.298475996951924,10.));
#16426=CARTESIAN_POINT('Origin',(335.381305562611,0.898475996951925,10.));
#16427=CARTESIAN_POINT('',(334.981305562611,0.898475996880022,10.));
#16428=CARTESIAN_POINT('',(334.981305562611,0.898475996880022,10.));
#16429=CARTESIAN_POINT('Origin',(335.381305562611,0.898475996951928,10.));
#16430=CARTESIAN_POINT('',(354.355041910084,-13.8999996870756,10.));
#16431=CARTESIAN_POINT('',(354.355041910084,-85.5459912321319,10.));
#16432=CARTESIAN_POINT('',(354.155041910084,-13.4999996870756,10.));
#16433=CARTESIAN_POINT('Origin',(354.655041910084,-13.4999996870756,10.));
#16434=CARTESIAN_POINT('',(354.155041910084,-24.6367445472003,10.));
#16435=CARTESIAN_POINT('Origin',(345.468173736348,-42.1988870763447,13.4));
#16436=CARTESIAN_POINT('',(335.381305562611,0.298475996951925,13.4));
#16437=CARTESIAN_POINT('Origin',(335.381305562611,0.898475996951925,13.4));
#16438=CARTESIAN_POINT('',(335.381305562611,-0.00152400304807551,13.4));
#16439=CARTESIAN_POINT('',(335.381305562611,0.298475996951925,13.4));
#16440=CARTESIAN_POINT('',(353.855041910084,-0.00152400304807544,13.4));
#16441=CARTESIAN_POINT('',(335.381305562611,-0.00152400304807551,13.4));
#16442=CARTESIAN_POINT('',(353.855041910084,-84.667528954477,13.4));
#16443=CARTESIAN_POINT('',(353.855041910084,-0.00152400304807544,13.4));
#16444=CARTESIAN_POINT('',(354.155041910084,-84.967528954477,13.4));
#16445=CARTESIAN_POINT('',(341.216164397117,-72.0286514415099,13.4));
#16446=CARTESIAN_POINT('Origin',(355.155041910084,-84.967528954477,13.4));
#16447=CARTESIAN_POINT('Origin',(239.6542931721,3.16646866567935,4.));
#16448=CARTESIAN_POINT('',(229.668675669098,0.57543815089393,4.));
#16449=CARTESIAN_POINT('Origin',(354.355041910084,0.498475996947985,10.));
#16450=CARTESIAN_POINT('',(354.355041910084,-13.8999996870756,3.));
#16451=CARTESIAN_POINT('',(354.355041910084,-24.5367445472022,3.));
#16452=CARTESIAN_POINT('',(354.355041910084,-13.8999996870756,0.299999993294477));
#16453=CARTESIAN_POINT('Origin',(354.355041910084,0.498475996947985,10.));
#16454=CARTESIAN_POINT('',(354.355041910084,-42.0999996870756,3.));
#16455=CARTESIAN_POINT('',(354.355041910084,-42.0999996870756,10.));
#16456=CARTESIAN_POINT('',(354.355041910084,-42.0999996870756,5.79999999329448));
#16457=CARTESIAN_POINT('',(354.355041910084,-85.5459912321319,3.));
#16458=CARTESIAN_POINT('',(354.355041910084,-24.5367445472022,3.));
#16459=CARTESIAN_POINT('',(354.355041910084,-85.5459912321319,10.));
#16460=CARTESIAN_POINT('',(354.355041910084,-85.5459912321319,10.));
#16461=CARTESIAN_POINT('',(354.355041910084,-85.5459912321319,10.));
#16462=CARTESIAN_POINT('Origin',(289.654159972891,-49.5719650913525,10.));
#16463=CARTESIAN_POINT('',(354.155041910084,-42.4999996870756,10.));
#16464=CARTESIAN_POINT('Origin',(354.655041910084,-42.4999996870756,10.));
#16465=CARTESIAN_POINT('',(354.355172865846,-85.5677035224738,10.));
#16466=CARTESIAN_POINT('Origin',(356.155041910084,-85.5459912321407,10.));
#16467=CARTESIAN_POINT('',(354.155041910084,-84.967528954477,10.));
#16468=CARTESIAN_POINT('Origin',(355.155041910084,-84.967528954477,10.));
#16469=CARTESIAN_POINT('',(354.155041910084,-24.6367445472003,10.));
#16470=CARTESIAN_POINT('Origin',(355.249849077765,-87.1018273213056,10.));
#16471=CARTESIAN_POINT('',(355.249849077765,-87.1018273213056,3.));
#16472=CARTESIAN_POINT('',(359.625261779686,-89.6474632286416,3.));
#16473=CARTESIAN_POINT('',(322.589799670011,-68.1000553350286,3.));
#16474=CARTESIAN_POINT('',(359.625261779686,-89.6474632286416,10.));
#16475=CARTESIAN_POINT('',(359.625261779686,-89.6474632286416,10.));
#16476=CARTESIAN_POINT('',(355.249849077765,-87.1018273213056,10.));
#16477=CARTESIAN_POINT('',(322.783406043001,-68.2126964430907,10.));
#16478=CARTESIAN_POINT('',(355.249849077765,-87.1018273213056,10.));
#16479=CARTESIAN_POINT('Origin',(356.155041910084,-85.5459912321407,10.));
#16480=CARTESIAN_POINT('Origin',(356.155041910084,-85.5459912321407,3.));
#16481=CARTESIAN_POINT('Origin',(356.155041910084,-85.5459912321407,10.));
#16482=CARTESIAN_POINT('Origin',(335.381305562611,0.898475996951928,10.));
#16483=CARTESIAN_POINT('',(334.981305562611,0.898475996880022,3.));
#16484=CARTESIAN_POINT('Origin',(335.381305562611,0.898475996951928,3.));
#16485=CARTESIAN_POINT('',(334.981305562611,0.898475996880022,10.));
#16486=CARTESIAN_POINT('Origin',(334.981305562611,3.05138430275944,10.));
#16487=CARTESIAN_POINT('',(334.981305562627,3.05138430275944,3.));
#16488=CARTESIAN_POINT('',(334.981305562611,-23.2602903942965,3.));
#16489=CARTESIAN_POINT('',(334.981305562627,3.05138430275944,10.));
#16490=CARTESIAN_POINT('',(334.981305562611,-23.4246891284884,10.));
#16491=CARTESIAN_POINT('',(334.981305562627,3.05138430275944,10.));
#16492=CARTESIAN_POINT('Origin',(331.959573065484,3.05138430276849,10.));
#16493=CARTESIAN_POINT('',(331.959573065484,3.05138430276849,3.));
#16494=CARTESIAN_POINT('',(310.806866519266,3.05138430283185,3.));
#16495=CARTESIAN_POINT('',(331.959573065484,3.05138430276849,10.));
#16496=CARTESIAN_POINT('',(310.970360059359,3.05138430283136,10.));
#16497=CARTESIAN_POINT('',(331.959573065484,3.05138430276849,10.));
#16498=CARTESIAN_POINT('Origin',(316.305699115139,3.13948181893099,10.));
#16499=CARTESIAN_POINT('',(316.305699115139,3.13948181893099,3.));
#16500=CARTESIAN_POINT('',(303.128672719966,3.2136400304705,3.));
#16501=CARTESIAN_POINT('',(316.305699115139,3.13948181893099,10.));
#16502=CARTESIAN_POINT('',(303.293086262617,3.21271473716757,10.));
#16503=CARTESIAN_POINT('',(316.305699115139,3.13948181893099,10.));
#16504=CARTESIAN_POINT('Origin',(316.3079502159,3.5394754845621,10.));
#16505=CARTESIAN_POINT('',(315.9079502159,3.53947548451035,3.));
#16506=CARTESIAN_POINT('Origin',(316.3079502159,3.5394754845621,3.));
#16507=CARTESIAN_POINT('',(315.9079502159,3.53947548451035,10.));
#16508=CARTESIAN_POINT('Origin',(316.3079502159,3.5394754845621,10.));
#16509=CARTESIAN_POINT('',(315.9079502159,3.53947548451035,10.));
#16510=CARTESIAN_POINT('Origin',(315.907950215813,5.33482089765843,10.));
#16511=CARTESIAN_POINT('',(315.907950215813,5.33482089765843,3.));
#16512=CARTESIAN_POINT('',(315.907950217145,-22.1185720962099,3.));
#16513=CARTESIAN_POINT('',(315.907950215813,5.33482089765843,10.));
#16514=CARTESIAN_POINT('',(315.907950217153,-22.2829708304098,10.));
#16515=CARTESIAN_POINT('',(315.907950215813,5.33482089765843,10.));
#16516=CARTESIAN_POINT('Origin',(297.255055121743,5.46805230970992,10.));
#16517=CARTESIAN_POINT('',(297.255055121743,5.46805230970992,3.));
#16518=CARTESIAN_POINT('',(293.651357648478,5.49379231953403,3.));
#16519=CARTESIAN_POINT('',(297.255055121743,5.46805230970992,10.));
#16520=CARTESIAN_POINT('',(293.816017033388,5.49261621243385,10.));
#16521=CARTESIAN_POINT('',(297.255055121743,5.46805230970992,10.));
#16522=CARTESIAN_POINT('Origin',(297.257912115824,5.8680421065614,10.));
#16523=CARTESIAN_POINT('',(296.857912115824,5.86804210652846,3.));
#16524=CARTESIAN_POINT('Origin',(297.257912115824,5.8680421065614,3.));
#16525=CARTESIAN_POINT('',(296.857912115824,5.86804210652846,10.));
#16526=CARTESIAN_POINT('Origin',(297.257912115824,5.8680421065614,10.));
#16527=CARTESIAN_POINT('',(296.857912115824,5.86804210652846,10.));
#16528=CARTESIAN_POINT('Origin',(296.857912115723,7.83351132766618,10.));
#16529=CARTESIAN_POINT('',(296.857912115723,7.83351132766618,3.));
#16530=CARTESIAN_POINT('',(296.857912117199,-20.8692268816579,3.));
#16531=CARTESIAN_POINT('',(296.857912115723,7.83351132766618,10.));
#16532=CARTESIAN_POINT('',(296.857912117207,-21.0336256158582,10.));
#16533=CARTESIAN_POINT('',(296.857912115723,7.83351132766618,10.));
#16534=CARTESIAN_POINT('Origin',(276.859050046489,7.83853032496771,10.));
#16535=CARTESIAN_POINT('',(276.859050046489,7.83853032496771,3.));
#16536=CARTESIAN_POINT('',(283.263808594221,7.83692296022082,3.));
#16537=CARTESIAN_POINT('',(276.859050046489,7.83853032496771,10.));
#16538=CARTESIAN_POINT('',(283.4273433822,7.83688191885273,10.));
#16539=CARTESIAN_POINT('',(276.859050046489,7.83853032496771,10.));
#16540=CARTESIAN_POINT('Origin',(276.85821782676,5.73822098210004,10.));
#16541=CARTESIAN_POINT('',(276.85821782676,5.73822098210004,3.));
#16542=CARTESIAN_POINT('',(276.847260869052,-21.9143326018708,3.));
#16543=CARTESIAN_POINT('',(276.85821782676,5.73822098210004,10.));
#16544=CARTESIAN_POINT('',(276.847195753912,-22.0786665281142,10.));
#16545=CARTESIAN_POINT('',(276.85821782676,5.73822098210004,10.));
#16546=CARTESIAN_POINT('Origin',(276.458217858161,5.73837947675897,10.));
#16547=CARTESIAN_POINT('',(276.458217858119,5.33837947675896,3.));
#16548=CARTESIAN_POINT('Origin',(276.458217858161,5.73837947675897,3.));
#16549=CARTESIAN_POINT('',(276.458217858119,5.33837947675896,10.));
#16550=CARTESIAN_POINT('Origin',(276.458217858161,5.73837947675897,10.));
#16551=CARTESIAN_POINT('',(276.458217858119,5.33837947675896,10.));
#16552=CARTESIAN_POINT('Origin',(257.808344057262,5.33837947677092,10.));
#16553=CARTESIAN_POINT('',(257.808344057262,5.33837947677092,3.));
#16554=CARTESIAN_POINT('',(273.731252015094,5.33837947676071,3.));
#16555=CARTESIAN_POINT('',(257.808344057262,5.33837947677092,10.));
#16556=CARTESIAN_POINT('',(273.894745555186,5.3383794767606,10.));
#16557=CARTESIAN_POINT('',(257.808344057262,5.33837947677092,10.));
#16558=CARTESIAN_POINT('Origin',(257.808344057264,0.975438150876267,10.));
#16559=CARTESIAN_POINT('',(257.808344076425,0.975438150876267,10.));
#16560=CARTESIAN_POINT('',(257.808344076425,0.975438150876267,3.));
#16561=CARTESIAN_POINT('',(257.808344076425,0.975438150876267,10.));
#16562=CARTESIAN_POINT('',(257.808344057278,-24.2982634702467,3.));
#16563=CARTESIAN_POINT('',(257.808344057278,-24.4626622044386,10.));
#16564=CARTESIAN_POINT('Origin',(257.408344095597,0.975438150876267,10.));
#16565=CARTESIAN_POINT('',(257.408344095558,0.575438150876257,10.));
#16566=CARTESIAN_POINT('',(257.408344095558,0.575438150876257,3.));
#16567=CARTESIAN_POINT('',(257.408344095558,0.575438150876257,10.));
#16568=CARTESIAN_POINT('Origin',(257.408344095597,0.975438150876267,3.));
#16569=CARTESIAN_POINT('Origin',(257.408344095597,0.975438150876267,10.));
#16570=CARTESIAN_POINT('Origin',(219.683058166097,0.575438150900291,10.));
#16571=CARTESIAN_POINT('',(219.683058166097,0.575438150900291,10.));
#16572=CARTESIAN_POINT('',(219.683058166097,0.575438150900291,3.));
#16573=CARTESIAN_POINT('',(219.683058166097,0.575438150900291,10.));
#16574=CARTESIAN_POINT('',(254.66860906951,0.575438150878003,3.));
#16575=CARTESIAN_POINT('',(254.66860906951,0.575438150878003,3.));
#16576=CARTESIAN_POINT('',(254.832102609602,0.575438150877901,10.));
#16577=CARTESIAN_POINT('Origin',(219.683058166097,-76.5741173482551,10.));
#16578=CARTESIAN_POINT('',(219.683058166097,-76.5741173482551,3.));
#16579=CARTESIAN_POINT('',(219.683058166097,-63.0730412198038,3.));
#16580=CARTESIAN_POINT('',(219.683058166097,-76.5741173482551,10.));
#16581=CARTESIAN_POINT('',(219.683058166097,-63.2374399539956,10.));
#16582=CARTESIAN_POINT('',(219.683058166097,-76.5741173482551,10.));
#16583=CARTESIAN_POINT('Origin',(257.408940817943,-76.5741173482347,10.));
#16584=CARTESIAN_POINT('',(257.408940817943,-76.5741173482347,3.));
#16585=CARTESIAN_POINT('',(273.531550395424,-76.574117348226,3.));
#16586=CARTESIAN_POINT('',(257.408940817943,-76.5741173482347,10.));
#16587=CARTESIAN_POINT('',(273.695043935516,-76.5741173482259,10.));
#16588=CARTESIAN_POINT('',(257.408940817943,-76.5741173482347,10.));
#16589=CARTESIAN_POINT('Origin',(257.408940817882,-76.9741173482347,10.));
#16590=CARTESIAN_POINT('',(257.808940817882,-76.9741173482114,3.));
#16591=CARTESIAN_POINT('Origin',(257.408940817882,-76.9741173482347,3.));
#16592=CARTESIAN_POINT('',(257.808940817882,-76.9741173482114,10.));
#16593=CARTESIAN_POINT('Origin',(257.408940817882,-76.9741173482347,10.));
#16594=CARTESIAN_POINT('',(257.808940817882,-76.9741173482114,10.));
#16595=CARTESIAN_POINT('Origin',(257.80894081788,-90.8615697231309,10.));
#16596=CARTESIAN_POINT('',(257.80894081788,-90.8615697231309,3.));
#16597=CARTESIAN_POINT('',(257.808940817883,-70.2167674072398,3.));
#16598=CARTESIAN_POINT('',(257.80894081788,-90.8615697231309,10.));
#16599=CARTESIAN_POINT('',(257.808940817883,-70.3811661414316,10.));
#16600=CARTESIAN_POINT('',(257.80894081788,-90.8615697231309,10.));
#16601=CARTESIAN_POINT('Origin',(277.85885191768,-90.8615697231309,10.));
#16602=CARTESIAN_POINT('',(277.85885191768,-90.8615697231309,3.));
#16603=CARTESIAN_POINT('',(283.756505945286,-90.8615697231309,3.));
#16604=CARTESIAN_POINT('',(277.85885191768,-90.8615697231309,10.));
#16605=CARTESIAN_POINT('',(283.919999485377,-90.8615697231309,10.));
#16606=CARTESIAN_POINT('',(277.85885191768,-90.8615697231309,10.));
#16607=CARTESIAN_POINT('Origin',(277.858851917704,-88.7853187705994,10.));
#16608=CARTESIAN_POINT('',(277.858851917704,-88.7853187705994,3.));
#16609=CARTESIAN_POINT('',(277.858851917932,-69.1786419309073,3.));
#16610=CARTESIAN_POINT('',(277.858851917704,-88.7853187705994,10.));
#16611=CARTESIAN_POINT('',(277.85885191793,-69.3430406650973,10.));
#16612=CARTESIAN_POINT('',(277.858851917704,-88.7853187705994,10.));
#16613=CARTESIAN_POINT('Origin',(278.258851917704,-88.7853187706376,10.));
#16614=CARTESIAN_POINT('',(278.258851917737,-88.3853187706376,3.));
#16615=CARTESIAN_POINT('Origin',(278.258851917704,-88.7853187706376,3.));
#16616=CARTESIAN_POINT('',(278.258851917737,-88.3853187706376,10.));
#16617=CARTESIAN_POINT('Origin',(278.258851917704,-88.7853187706376,10.));
#16618=CARTESIAN_POINT('',(278.258851917737,-88.3853187706376,10.));
#16619=CARTESIAN_POINT('Origin',(295.457912115773,-88.3853187706376,10.));
#16620=CARTESIAN_POINT('',(295.457912115773,-88.3853187706376,3.));
#16621=CARTESIAN_POINT('',(292.556036044332,-88.3853187706376,3.));
#16622=CARTESIAN_POINT('',(295.457912115773,-88.3853187706376,10.));
#16623=CARTESIAN_POINT('',(292.719529584424,-88.3853187706376,10.));
#16624=CARTESIAN_POINT('',(295.457912115773,-88.3853187706376,10.));
#16625=CARTESIAN_POINT('Origin',(295.457912115824,-88.7853187706376,10.));
#16626=CARTESIAN_POINT('',(295.857912115824,-88.7853187705994,3.));
#16627=CARTESIAN_POINT('Origin',(295.457912115824,-88.7853187706376,3.));
#16628=CARTESIAN_POINT('',(295.857912115824,-88.7853187705994,10.));
#16629=CARTESIAN_POINT('Origin',(295.457912115824,-88.7853187706376,10.));
#16630=CARTESIAN_POINT('',(295.857912115824,-88.7853187705994,10.));
#16631=CARTESIAN_POINT('Origin',(295.857912115912,-90.8616120984727,10.));
#16632=CARTESIAN_POINT('',(295.857912115912,-90.8616120984727,3.));
#16633=CARTESIAN_POINT('',(295.857912115036,-70.2167885947809,3.));
#16634=CARTESIAN_POINT('',(295.857912115912,-90.8616120984727,10.));
#16635=CARTESIAN_POINT('',(295.857912115043,-70.3811873289797,10.));
#16636=CARTESIAN_POINT('',(295.857912115912,-90.8616120984727,10.));
#16637=CARTESIAN_POINT('Origin',(314.341451221219,-90.8600456715959,10.));
#16638=CARTESIAN_POINT('',(314.341451221219,-90.8600456715959,3.));
#16639=CARTESIAN_POINT('',(301.999555208845,-90.8610916118519,3.));
#16640=CARTESIAN_POINT('',(314.341451221219,-90.8600456715959,10.));
#16641=CARTESIAN_POINT('',(302.163034815442,-90.8610777574246,10.));
#16642=CARTESIAN_POINT('',(314.341451221219,-90.8600456715959,10.));
#16643=CARTESIAN_POINT('Origin',(314.341485119763,-91.2600456701596,10.));
#16644=CARTESIAN_POINT('',(314.741484578096,-91.2593873896483,3.));
#16645=CARTESIAN_POINT('Origin',(314.341485119763,-91.2600456701596,3.));
#16646=CARTESIAN_POINT('',(314.741484578096,-91.2593873896483,10.));
#16647=CARTESIAN_POINT('Origin',(314.341485119763,-91.2600456701596,10.));
#16648=CARTESIAN_POINT('',(314.741484578096,-91.2593873896483,10.));
#16649=CARTESIAN_POINT('Origin',(314.743471270964,-92.4665870843753,10.));
#16650=CARTESIAN_POINT('',(314.743471270964,-92.4665870843753,3.));
#16651=CARTESIAN_POINT('',(314.708141474811,-70.9986894454348,3.));
#16652=CARTESIAN_POINT('',(314.743471270964,-92.4665870843753,10.));
#16653=CARTESIAN_POINT('',(314.70841246846,-71.1633567955569,10.));
#16654=CARTESIAN_POINT('',(314.743471270964,-92.4665870843753,10.));
#16655=CARTESIAN_POINT('Origin',(332.603512818416,-97.2790359009312,10.));
#16656=CARTESIAN_POINT('',(332.603512818416,-97.2790359009312,3.));
#16657=CARTESIAN_POINT('',(306.590125712006,-90.2696404489528,3.));
#16658=CARTESIAN_POINT('',(332.603512818416,-97.2790359009312,10.));
#16659=CARTESIAN_POINT('',(306.783851558448,-90.3218405358321,10.));
#16660=CARTESIAN_POINT('',(332.603512818416,-97.2790359009312,10.));
#16661=CARTESIAN_POINT('Origin',(331.87502590442,-99.9826088731148,10.));
#16662=CARTESIAN_POINT('',(333.272090149214,-97.55604515128,3.));
#16663=CARTESIAN_POINT('Origin',(331.87502590442,-99.9826088731148,3.));
#16664=CARTESIAN_POINT('',(333.272090149214,-97.55604515128,10.));
#16665=CARTESIAN_POINT('Origin',(331.87502590442,-99.9826088731148,10.));
#16666=CARTESIAN_POINT('',(333.272090149214,-97.55604515128,10.));
#16667=CARTESIAN_POINT('Origin',(349.644850114484,-106.982460507673,10.));
#16668=CARTESIAN_POINT('',(349.644850114484,-106.982460507673,3.));
#16669=CARTESIAN_POINT('',(314.704594614609,-86.8660377604419,3.));
#16670=CARTESIAN_POINT('',(349.644850114484,-106.982460507673,10.));
#16671=CARTESIAN_POINT('',(314.89847305914,-86.9776608924414,10.));
#16672=CARTESIAN_POINT('',(349.644850114484,-106.982460507673,10.));
#16673=CARTESIAN_POINT('Origin',(359.625261779686,-89.6474632286416,10.));
#16674=CARTESIAN_POINT('',(359.579966376321,-89.7261369066831,3.));
#16675=CARTESIAN_POINT('',(359.549581471882,-89.7789125088784,10.));
#16676=CARTESIAN_POINT('Origin',(354.655041910084,-42.4999996870756,5.79999999329448));
#16677=CARTESIAN_POINT('',(354.155041910084,-42.4999996870756,3.));
#16678=CARTESIAN_POINT('Origin',(354.655041910084,-42.4999996870756,3.));
#16679=CARTESIAN_POINT('',(354.155041910084,-42.4999996870756,11.599999986589));
#16680=CARTESIAN_POINT('',(354.155041910084,-42.4999996870756,5.79999999329448));
#16681=CARTESIAN_POINT('',(354.555041910084,-42.010101738519,11.599999986589));
#16682=CARTESIAN_POINT('Origin',(354.655041910084,-42.4999996870756,11.599999986589));
#16683=CARTESIAN_POINT('',(354.555041910084,-42.010101738519,0.600000000000001));
#16684=CARTESIAN_POINT('',(354.555041910084,-42.0101017385189,5.79999999329448));
#16685=CARTESIAN_POINT('',(354.155041910084,-42.4999996870756,0.6));
#16686=CARTESIAN_POINT('Origin',(354.655041910084,-42.4999996870756,0.600000000000001));
#16687=CARTESIAN_POINT('',(354.155041910084,-42.4999996870756,5.79999999329448));
#16688=CARTESIAN_POINT('Origin',(289.981147053075,-49.9007625597362,10.));
#16689=CARTESIAN_POINT('Origin',(355.155041910084,-84.967528954477,10.));
#16690=CARTESIAN_POINT('Origin',(356.155041910084,-85.5459912321407,0.));
#16691=CARTESIAN_POINT('',(354.42132630094,-86.5431021520545,3.));
#16692=CARTESIAN_POINT('',(354.155041910084,-85.5459912321407,3.));
#16693=CARTESIAN_POINT('Origin',(356.155041910084,-85.5459912321407,3.));
#16694=CARTESIAN_POINT('',(354.155041910084,-85.5459912321407,0.));
#16695=CARTESIAN_POINT('',(354.42132630094,-86.5431021520545,0.));
#16696=CARTESIAN_POINT('Origin',(354.155041910084,0.298475996951925,0.));
#16697=CARTESIAN_POINT('',(354.155041910084,-13.4999996870756,3.));
#16698=CARTESIAN_POINT('',(354.155041910084,-1.00152400304808,3.));
#16699=CARTESIAN_POINT('',(354.155041910084,-24.6367445472003,3.));
#16700=CARTESIAN_POINT('',(354.155041910084,-1.00152400304808,0.));
#16701=CARTESIAN_POINT('',(354.155041910084,-13.4999996870756,0.299999993294477));
#16702=CARTESIAN_POINT('Origin',(354.155041910084,0.298475996951925,0.));
#16703=CARTESIAN_POINT('',(354.155041910084,-84.967528954477,12.7));
#16704=CARTESIAN_POINT('',(354.155041910084,-84.967528954477,0.));
#16705=CARTESIAN_POINT('',(354.155041910084,0.298475996951925,12.7));
#16706=CARTESIAN_POINT('',(354.155041910084,-21.0180252409053,12.7));
#16707=CARTESIAN_POINT('',(354.155041910084,0.298475996951925,0.));
#16708=CARTESIAN_POINT('',(354.155041910084,-13.4999996870756,11.599999986589));
#16709=CARTESIAN_POINT('',(354.155041910084,-13.4999996870756,0.299999993294477));
#16710=CARTESIAN_POINT('',(354.155041910084,-6.85076184506185,11.599999986589));
#16711=CARTESIAN_POINT('Origin',(354.155041910084,0.298475996951925,0.));
#16712=CARTESIAN_POINT('',(354.155041910084,-60.4050573340274,3.));
#16713=CARTESIAN_POINT('',(354.155041910084,-24.6367445472003,3.));
#16714=CARTESIAN_POINT('',(354.155041910084,-60.4050573340274,0.));
#16715=CARTESIAN_POINT('Origin',(354.155041910084,0.298475996951925,0.));
#16716=CARTESIAN_POINT('',(354.155041910084,-57.0015240030481,3.));
#16717=CARTESIAN_POINT('',(354.155041910084,-24.6367445472003,3.));
#16718=CARTESIAN_POINT('',(354.155041910084,-57.0015240030481,0.6));
#16719=CARTESIAN_POINT('',(354.155041910084,-16.8515240030481,0.6));
#16720=CARTESIAN_POINT('',(354.155041910084,-57.0015240030481,0.));
#16721=CARTESIAN_POINT('Origin',(333.481305562611,0.298475996951925,0.));
#16722=CARTESIAN_POINT('',(333.481305562611,0.298475996951925,3.));
#16723=CARTESIAN_POINT('',(311.567732767751,0.298475996951924,3.));
#16724=CARTESIAN_POINT('',(333.481305562611,0.298475996951925,0.));
#16725=CARTESIAN_POINT('Origin',(333.481305562611,0.298475996951925,0.));
#16726=CARTESIAN_POINT('',(335.381305562611,0.298475996951925,12.7));
#16727=CARTESIAN_POINT('',(339.124739649479,0.298475996951925,12.7));
#16728=CARTESIAN_POINT('',(335.381305562611,0.298475996951925,0.));
#16729=CARTESIAN_POINT('Origin',(258.008940817882,-90.6615697231395,0.));
#16730=CARTESIAN_POINT('',(258.008940817882,-82.2178435356871,3.));
#16731=CARTESIAN_POINT('',(258.008940817882,-90.6615697231395,3.));
#16732=CARTESIAN_POINT('',(258.008940817882,-70.116767407246,3.));
#16733=CARTESIAN_POINT('',(258.008940817882,-90.6615697231395,0.));
#16734=CARTESIAN_POINT('',(258.008940817882,-82.2178435356871,0.));
#16735=CARTESIAN_POINT('Origin',(258.008940817882,-76.3741173482347,0.));
#16736=CARTESIAN_POINT('',(219.883058166117,-76.3741173482347,3.));
#16737=CARTESIAN_POINT('',(236.717174848293,-76.3741173482347,3.));
#16738=CARTESIAN_POINT('',(273.831550395387,-76.3741173482347,3.));
#16739=CARTESIAN_POINT('',(236.717174848293,-76.3741173482347,0.));
#16740=CARTESIAN_POINT('',(219.883058166117,-76.3741173482347,0.));
#16741=CARTESIAN_POINT('Origin',(258.008940817882,-76.3741173482347,0.));
#16742=CARTESIAN_POINT('',(243.064800686331,-76.3741173482347,3.));
#16743=CARTESIAN_POINT('',(255.758013716028,-76.3741173482347,3.));
#16744=CARTESIAN_POINT('',(273.831550395387,-76.3741173482347,3.));
#16745=CARTESIAN_POINT('',(255.758013716028,-76.3741173482347,0.));
#16746=CARTESIAN_POINT('',(243.064800686331,-76.3741173482347,0.));
#16747=CARTESIAN_POINT('Origin',(219.883058166117,-76.3741173482347,0.));
#16748=CARTESIAN_POINT('',(219.883058166117,-59.5744983489967,3.));
#16749=CARTESIAN_POINT('',(219.883058166117,-62.9730412197936,3.));
#16750=CARTESIAN_POINT('',(219.883058166117,-59.5744983489967,0.));
#16751=CARTESIAN_POINT('Origin',(219.883058166117,-76.3741173482347,0.));
#16752=CARTESIAN_POINT('',(219.883058166117,-4.89419208517897,3.));
#16753=CARTESIAN_POINT('',(219.883058166117,-16.4241808483617,3.));
#16754=CARTESIAN_POINT('',(219.883058166117,-62.9730412197936,3.));
#16755=CARTESIAN_POINT('',(219.883058166117,-16.4241808483617,0.));
#16756=CARTESIAN_POINT('',(219.883058166117,-4.89419208517897,0.));
#16757=CARTESIAN_POINT('Origin',(219.883058166117,-76.3741173482347,0.));
#16758=CARTESIAN_POINT('',(219.883058166117,-21.474472948946,3.));
#16759=CARTESIAN_POINT('',(219.883058166117,-35.474218948438,3.));
#16760=CARTESIAN_POINT('',(219.883058166117,-62.9730412197936,3.));
#16761=CARTESIAN_POINT('',(219.883058166117,-35.474218948438,0.));
#16762=CARTESIAN_POINT('',(219.883058166117,-21.474472948946,0.));
#16763=CARTESIAN_POINT('Origin',(219.883058166117,-76.3741173482347,0.));
#16764=CARTESIAN_POINT('',(219.883058166117,-40.5244602489205,3.));
#16765=CARTESIAN_POINT('',(219.883058166117,-54.5241808483618,3.));
#16766=CARTESIAN_POINT('',(219.883058166117,-62.9730412197936,3.));
#16767=CARTESIAN_POINT('',(219.883058166117,-54.5241808483618,0.));
#16768=CARTESIAN_POINT('',(219.883058166117,-40.5244602489205,0.));
#16769=CARTESIAN_POINT('Origin',(219.883058166117,0.375438150876266,0.));
#16770=CARTESIAN_POINT('',(249.192178312412,0.375438150876266,3.));
#16771=CARTESIAN_POINT('',(254.768609069504,0.375438150876266,3.));
#16772=CARTESIAN_POINT('',(249.192178312412,0.375438150876266,0.));
#16773=CARTESIAN_POINT('Origin',(335.381305562611,-0.00152400304807551,
13.4));
#16774=CARTESIAN_POINT('',(335.381305562611,0.298475996951925,13.4));
#16775=CARTESIAN_POINT('',(335.381305562611,-0.00152400304807551,13.));
#16776=CARTESIAN_POINT('',(335.381305562611,-0.026524003048077,13.025));
#16777=CARTESIAN_POINT('',(335.381305562611,-0.00152400304807551,13.4));
#16778=CARTESIAN_POINT('Origin',(335.381305562611,0.898475996951925,0.));
#16779=CARTESIAN_POINT('Origin',(239.233401066802,-57.0493268986538,2.8));
#16780=CARTESIAN_POINT('',(236.683401066802,-57.0493268986538,2.8));
#16781=CARTESIAN_POINT('Origin',(239.233401066802,-57.0493268986538,2.8));
#16782=CARTESIAN_POINT('',(237.683401066802,-57.0493268986538,2.8));
#16783=CARTESIAN_POINT('Origin',(239.233401066802,-57.0493268986538,2.8));
#16784=CARTESIAN_POINT('Origin',(316.145516891034,-16.4524257048514,2.8));
#16785=CARTESIAN_POINT('',(313.595516891034,-16.4524257048514,2.8));
#16786=CARTESIAN_POINT('Origin',(316.145516891034,-16.4524257048514,2.8));
#16787=CARTESIAN_POINT('',(314.570713741428,-16.4729997459996,2.8));
#16788=CARTESIAN_POINT('Origin',(316.12062484125,-16.4729997459996,2.8));
#16789=CARTESIAN_POINT('Origin',(239.230353060706,-18.9464566929134,2.8));
#16790=CARTESIAN_POINT('',(236.680353060706,-18.9464566929134,2.8));
#16791=CARTESIAN_POINT('Origin',(239.230353060706,-18.9464566929134,2.8));
#16792=CARTESIAN_POINT('',(237.68348996698,-18.9492506985014,2.8));
#16793=CARTESIAN_POINT('Origin',(239.233401066802,-18.9492506985014,2.8));
#16794=CARTESIAN_POINT('Origin',(295.752324104648,-68.8606045212091,2.8));
#16795=CARTESIAN_POINT('',(293.202324104648,-68.8606045212091,2.8));
#16796=CARTESIAN_POINT('Origin',(295.752324104648,-68.8606045212091,2.8));
#16797=CARTESIAN_POINT('',(294.202413004826,-68.8606045212091,2.8));
#16798=CARTESIAN_POINT('Origin',(295.752324104648,-68.8606045212091,2.8));
#16799=CARTESIAN_POINT('Origin',(339.651231902464,-81.0114808229616,2.8));
#16800=CARTESIAN_POINT('',(337.101231902464,-81.0114808229616,2.8));
#16801=CARTESIAN_POINT('Origin',(339.651231902464,-81.0114808229616,2.8));
#16802=CARTESIAN_POINT('',(338.105295910592,-80.9977647955296,2.8));
#16803=CARTESIAN_POINT('Origin',(339.655295910592,-80.9977647955296,2.8));
#16804=CARTESIAN_POINT('Origin',(354.005041910084,-84.817528954477,13.4));
#16805=CARTESIAN_POINT('',(353.855041910084,-84.667528954477,13.));
#16806=CARTESIAN_POINT('',(343.280124624487,-74.0926116688798,23.5749172855943));
#16807=CARTESIAN_POINT('',(354.155041910084,-84.967528954477,0.));
#16808=CARTESIAN_POINT('',(353.855041910084,-84.667528954477,13.4));
#16809=CARTESIAN_POINT('Origin',(354.005041910084,-21.0180252409053,12.85));
#16810=CARTESIAN_POINT('',(353.855041910084,-0.00152400304807544,13.));
#16811=CARTESIAN_POINT('',(353.855041910084,-0.00152400304807544,13.));
#16812=CARTESIAN_POINT('',(353.855041910084,-0.00152400304807898,13.));
#16813=CARTESIAN_POINT('Origin',(339.124739649479,0.148475996951923,12.85));
#16814=CARTESIAN_POINT('',(335.381305562611,-0.00152400304807551,13.));
#16815=CARTESIAN_POINT('Origin',(333.481305562611,0.298475996951925,0.));
#16816=CARTESIAN_POINT('',(351.855041910084,0.298475996951925,3.));
#16817=CARTESIAN_POINT('',(311.567732767751,0.298475996951924,3.));
#16818=CARTESIAN_POINT('',(351.855041910084,0.298475996951925,0.));
#16819=CARTESIAN_POINT('Origin',(355.155041910084,-84.967528954477,0.));
#16820=CARTESIAN_POINT('Origin',(353.855041910084,-0.00152400304807544,
13.4));
#16821=CARTESIAN_POINT('',(353.855041910084,-0.00152400304807544,13.4));
#16822=CARTESIAN_POINT('Origin',(353.855041910084,-84.967528954477,13.4));
#16823=CARTESIAN_POINT('Origin',(354.155041910084,-14.0015240030481,0.));
#16824=CARTESIAN_POINT('',(354.155041910084,-13.4999996870756,0.6));
#16825=CARTESIAN_POINT('',(354.155041910084,-14.0015240030481,0.6));
#16826=CARTESIAN_POINT('',(354.155041910084,-24.0015240030481,0.6));
#16827=CARTESIAN_POINT('',(354.155041910084,-13.4999996870756,0.299999993294477));
#16828=CARTESIAN_POINT('',(354.155041910084,-14.0015240030481,0.));
#16829=CARTESIAN_POINT('Origin',(333.481305562611,-14.0015240030481,0.));
#16830=CARTESIAN_POINT('',(333.481305562611,-14.0015240030481,0.6));
#16831=CARTESIAN_POINT('',(338.649739649479,-14.0015240030481,0.6));
#16832=CARTESIAN_POINT('',(333.481305562611,-14.0015240030481,0.));
#16833=CARTESIAN_POINT('Origin',(354.455041910084,-41.5202037899623,5.79999999329448));
#16834=CARTESIAN_POINT('',(354.955041910084,-41.5202037899623,0.6));
#16835=CARTESIAN_POINT('Origin',(354.455041910084,-41.5202037899623,0.600000000000001));
#16836=CARTESIAN_POINT('',(354.955041910084,-41.5202037899623,11.599999986589));
#16837=CARTESIAN_POINT('Origin',(354.455041910084,-41.5202037899623,11.599999986589));
#16838=CARTESIAN_POINT('',(354.955041910084,-41.5202037899623,5.79999999329448));
#16839=CARTESIAN_POINT('Origin',(354.155041910084,-13.9999996870756,11.599999986589));
#16840=CARTESIAN_POINT('Origin',(354.655041910084,-13.4999996870756,11.599999986589));
#16841=CARTESIAN_POINT('',(354.955041910084,-13.9999996870756,11.599999986589));
#16842=CARTESIAN_POINT('Origin',(343.818173736348,-34.0015240030481,0.6));
#16843=CARTESIAN_POINT('',(333.481305562611,-57.0015240030481,0.6));
#16844=CARTESIAN_POINT('',(333.481305562611,-22.5015240030481,0.6));
#16845=CARTESIAN_POINT('',(338.649739649479,-57.0015240030481,0.6));
#16846=CARTESIAN_POINT('',(354.955041910084,-11.0015240030481,0.6));
#16847=CARTESIAN_POINT('Origin',(354.655041910084,-13.4999996870756,0.6));
#16848=CARTESIAN_POINT('Origin',(354.655041910084,-13.4999996870756,0.299999993294477));
#16849=CARTESIAN_POINT('Origin',(354.655041910084,-13.4999996870756,3.));
#16850=CARTESIAN_POINT('Origin',(354.955041910084,-27.9999996870756,6.09999998658895));
#16851=CARTESIAN_POINT('Origin',(227.664300953786,-7.25542184610284,0.));
#16852=CARTESIAN_POINT('',(222.664300953786,-7.25542184610284,0.));
#16853=CARTESIAN_POINT('Origin',(346.664300953786,-94.2554218461028,0.));
#16854=CARTESIAN_POINT('',(341.664300953786,-94.2554218461028,0.));
#16855=CARTESIAN_POINT('Origin',(219.883058166117,0.375438150876266,0.));
#16856=CARTESIAN_POINT('',(228.825550970203,0.375438150876266,3.));
#16857=CARTESIAN_POINT('',(254.768609069504,0.375438150876266,3.));
#16858=CARTESIAN_POINT('',(228.825550970203,0.375438150876266,0.));
#16859=CARTESIAN_POINT('Origin',(296.057912115824,-88.1853187706376,0.));
#16860=CARTESIAN_POINT('',(281.910515426359,-88.1853187706376,3.));
#16861=CARTESIAN_POINT('',(293.685605486686,-88.1853187706376,3.));
#16862=CARTESIAN_POINT('',(292.856036044358,-88.1853187706376,3.));
#16863=CARTESIAN_POINT('',(293.685605486686,-88.1853187706376,0.));
#16864=CARTESIAN_POINT('',(281.910515426359,-88.1853187706376,0.));
#16865=CARTESIAN_POINT('Origin',(296.057912115824,-88.1853187706376,0.));
#16866=CARTESIAN_POINT('',(296.057912115824,-86.8853187706376,3.));
#16867=CARTESIAN_POINT('',(296.057912115824,-90.661595148356,3.));
#16868=CARTESIAN_POINT('',(296.057912115824,-68.878641930995,3.));
#16869=CARTESIAN_POINT('',(296.057912115824,-90.661595148356,0.));
#16870=CARTESIAN_POINT('',(296.057912115824,-86.8853187706376,0.));
#16871=CARTESIAN_POINT('Origin',(349.57131443746,-106.709344224319,0.));
#16872=CARTESIAN_POINT('',(334.14208615848,-97.8261556419316,3.));
#16873=CARTESIAN_POINT('',(347.145667326401,-105.312807707246,3.));
#16874=CARTESIAN_POINT('',(314.717721927665,-86.6428166287682,3.));
#16875=CARTESIAN_POINT('',(347.145667326401,-105.312807707246,0.));
#16876=CARTESIAN_POINT('',(334.14208615848,-97.8261556419316,0.));
#16877=CARTESIAN_POINT('Origin',(344.276932311658,-71.0977901955805,0.));
#16878=CARTESIAN_POINT('',(342.776932311658,-71.0977901955805,2.8));
#16879=CARTESIAN_POINT('Origin',(344.276932311658,-71.0977901955805,2.8));
#16880=CARTESIAN_POINT('',(342.776932311658,-71.0977901955805,0.));
#16881=CARTESIAN_POINT('Origin',(344.276932311658,-71.0977901955805,2.8));
#16882=CARTESIAN_POINT('Origin',(333.481305562611,-57.0015240030481,0.));
#16883=CARTESIAN_POINT('',(333.481305562611,-57.0015240030481,0.));
#16884=CARTESIAN_POINT('',(352.855041910084,-57.0015240030481,3.));
#16885=CARTESIAN_POINT('',(352.855041910084,-57.0015240030481,0.));
#16886=CARTESIAN_POINT('',(343.493173736347,-57.0015240030481,3.));
#16887=CARTESIAN_POINT('Origin',(333.481305562611,-11.0015240030481,0.));
#16888=CARTESIAN_POINT('Origin',(316.145516891034,-16.4524257048514,2.));
#16889=CARTESIAN_POINT('',(313.595516891034,-16.4524257048514,2.));
#16890=CARTESIAN_POINT('Origin',(316.145516891034,-16.4524257048514,2.));
#16891=CARTESIAN_POINT('Origin',(312.595516891034,-16.4524257048514,2.));
#16892=CARTESIAN_POINT('Origin',(316.145516891034,-16.4524257048514,0.));
#16893=CARTESIAN_POINT('',(313.595516891034,-16.4524257048514,0.));
#16894=CARTESIAN_POINT('Origin',(339.651231902464,-81.0114808229616,2.));
#16895=CARTESIAN_POINT('',(337.101231902464,-81.0114808229616,2.));
#16896=CARTESIAN_POINT('Origin',(339.651231902464,-81.0114808229616,2.));
#16897=CARTESIAN_POINT('Origin',(336.101231902464,-81.0114808229616,2.));
#16898=CARTESIAN_POINT('Origin',(339.651231902464,-81.0114808229616,0.));
#16899=CARTESIAN_POINT('',(337.101231902464,-81.0114808229616,0.));
#16900=CARTESIAN_POINT('Origin',(295.752324104648,-68.8606045212091,2.));
#16901=CARTESIAN_POINT('',(293.202324104648,-68.8606045212091,2.));
#16902=CARTESIAN_POINT('Origin',(295.752324104648,-68.8606045212091,2.));
#16903=CARTESIAN_POINT('Origin',(292.202324104648,-68.8606045212091,2.));
#16904=CARTESIAN_POINT('Origin',(295.752324104648,-68.8606045212091,0.));
#16905=CARTESIAN_POINT('',(293.202324104648,-68.8606045212091,0.));
#16906=CARTESIAN_POINT('Origin',(239.233401066802,-57.0493268986538,2.));
#16907=CARTESIAN_POINT('',(236.683401066802,-57.0493268986538,2.));
#16908=CARTESIAN_POINT('Origin',(239.233401066802,-57.0493268986538,2.));
#16909=CARTESIAN_POINT('Origin',(235.683401066802,-57.0493268986538,2.));
#16910=CARTESIAN_POINT('Origin',(239.233401066802,-57.0493268986538,0.));
#16911=CARTESIAN_POINT('',(236.683401066802,-57.0493268986538,0.));
#16912=CARTESIAN_POINT('Origin',(239.230353060706,-18.9464566929134,2.));
#16913=CARTESIAN_POINT('',(236.680353060706,-18.9464566929134,2.));
#16914=CARTESIAN_POINT('Origin',(239.230353060706,-18.9464566929134,2.));
#16915=CARTESIAN_POINT('Origin',(235.680353060706,-18.9464566929134,2.));
#16916=CARTESIAN_POINT('Origin',(239.230353060706,-18.9464566929134,0.));
#16917=CARTESIAN_POINT('',(236.680353060706,-18.9464566929134,0.));
#16918=CARTESIAN_POINT('Origin',(354.155041910084,-86.6962501496414,0.));
#16919=CARTESIAN_POINT('',(352.855041910084,-87.4439184460169,3.));
#16920=CARTESIAN_POINT('',(352.855041910084,-87.4439184460169,0.));
#16921=CARTESIAN_POINT('',(353.855041910084,-86.8687889872665,3.));
#16922=CARTESIAN_POINT('Origin',(277.658851917704,-90.6615697231395,0.));
#16923=CARTESIAN_POINT('',(274.887956378006,-90.6615697231395,3.));
#16924=CARTESIAN_POINT('',(283.656505945298,-90.6615697231395,3.));
#16925=CARTESIAN_POINT('',(274.887956378006,-90.6615697231395,0.));
#16926=CARTESIAN_POINT('Origin',(314.940498426595,-90.6599949033459,0.));
#16927=CARTESIAN_POINT('',(312.906739584529,-90.6601672585724,3.));
#16928=CARTESIAN_POINT('',(302.299070336851,-90.6610662281045,3.));
#16929=CARTESIAN_POINT('',(312.906739584529,-90.6601672585724,0.));
#16930=CARTESIAN_POINT('Origin',(333.033053746271,-97.1876438587426,0.));
#16931=CARTESIAN_POINT('',(318.748198233593,-93.3385410543052,3.));
#16932=CARTESIAN_POINT('',(331.490503114937,-96.7719983553084,3.));
#16933=CARTESIAN_POINT('',(306.830913565688,-90.1273882501481,3.));
#16934=CARTESIAN_POINT('',(331.490503114937,-96.7719983553084,0.));
#16935=CARTESIAN_POINT('',(318.748198233593,-93.3385410543052,0.));
#16936=CARTESIAN_POINT('Origin',(239.233401066802,-57.0493268986538,0.6));
#16937=CARTESIAN_POINT('',(237.683401066802,-57.0493268986538,0.6));
#16938=CARTESIAN_POINT('Origin',(239.233401066802,-57.0493268986538,0.6));
#16939=CARTESIAN_POINT('Origin',(316.12062484125,-16.4729997459996,0.6));
#16940=CARTESIAN_POINT('',(314.570713741428,-16.4729997459996,0.6));
#16941=CARTESIAN_POINT('Origin',(316.12062484125,-16.4729997459996,0.6));
#16942=CARTESIAN_POINT('Origin',(339.655295910592,-80.9977647955296,0.6));
#16943=CARTESIAN_POINT('',(338.105295910592,-80.9977647955296,0.6));
#16944=CARTESIAN_POINT('Origin',(339.655295910592,-80.9977647955296,0.6));
#16945=CARTESIAN_POINT('Origin',(239.233401066802,-18.9492506985014,0.6));
#16946=CARTESIAN_POINT('',(237.68348996698,-18.9492506985014,0.6));
#16947=CARTESIAN_POINT('Origin',(239.233401066802,-18.9492506985014,0.6));
#16948=CARTESIAN_POINT('Origin',(295.752324104648,-68.8606045212091,0.6));
#16949=CARTESIAN_POINT('',(294.202413004826,-68.8606045212091,0.6));
#16950=CARTESIAN_POINT('Origin',(295.752324104648,-68.8606045212091,0.6));
#16951=CARTESIAN_POINT('Origin',(318.748198233593,-93.3385410543052,0.));
#16952=CARTESIAN_POINT('',(319.086424300808,-92.0833107457736,3.));
#16953=CARTESIAN_POINT('',(319.086424300808,-92.0833107457736,0.));
#16954=CARTESIAN_POINT('',(319.086424300808,-92.0833107457736,3.));
#16955=CARTESIAN_POINT('Origin',(319.086424300808,-92.0833107457736,0.));
#16956=CARTESIAN_POINT('',(316.24158102448,-91.3167580688227,3.));
#16957=CARTESIAN_POINT('',(316.24158102448,-91.3167580688227,0.));
#16958=CARTESIAN_POINT('',(333.161418500347,-95.8758657070614,3.));
#16959=CARTESIAN_POINT('Origin',(316.24158102448,-91.3167580688227,0.));
#16960=CARTESIAN_POINT('',(316.238360591396,-89.3598849085831,3.));
#16961=CARTESIAN_POINT('',(316.238360591396,-89.3598849085831,0.));
#16962=CARTESIAN_POINT('',(316.238360591396,-89.3598849085831,3.));
#16963=CARTESIAN_POINT('Origin',(316.238360591396,-89.3598849085831,0.));
#16964=CARTESIAN_POINT('',(312.906629413259,-89.3601672632407,3.));
#16965=CARTESIAN_POINT('',(312.906629413259,-89.3601672632407,0.));
#16966=CARTESIAN_POINT('',(297.357912115824,-89.3614849724178,3.));
#16967=CARTESIAN_POINT('Origin',(312.906629413259,-89.3601672632407,0.));
#16968=CARTESIAN_POINT('',(312.906629413259,-89.3601672632407,3.));
#16969=CARTESIAN_POINT('Origin',(219.883058166117,-4.89419208517897,0.));
#16970=CARTESIAN_POINT('',(221.183058166117,-4.89419208517897,3.));
#16971=CARTESIAN_POINT('',(221.183058166117,-4.89419208517897,0.));
#16972=CARTESIAN_POINT('',(221.183058166117,-4.89419208517897,3.));
#16973=CARTESIAN_POINT('Origin',(221.183058166117,-4.89419208517897,0.));
#16974=CARTESIAN_POINT('',(221.183058166117,-0.924561849123734,3.));
#16975=CARTESIAN_POINT('',(221.183058166117,-0.924561849123734,0.));
#16976=CARTESIAN_POINT('',(221.183058166117,-0.924561849123734,3.));
#16977=CARTESIAN_POINT('Origin',(221.183058166117,-0.924561849123734,0.));
#16978=CARTESIAN_POINT('',(228.825550970203,-0.924561849123734,3.));
#16979=CARTESIAN_POINT('',(228.825550970203,-0.924561849123734,0.));
#16980=CARTESIAN_POINT('',(255.758013716028,-0.924561849123734,3.));
#16981=CARTESIAN_POINT('Origin',(228.825550970203,-0.924561849123734,0.));
#16982=CARTESIAN_POINT('',(228.825550970203,-0.924561849123734,3.));
#16983=CARTESIAN_POINT('Origin',(219.883058166117,-59.5744983489967,0.));
#16984=CARTESIAN_POINT('',(221.183058166117,-59.5744983489967,3.));
#16985=CARTESIAN_POINT('',(221.183058166117,-59.5744983489967,0.));
#16986=CARTESIAN_POINT('',(221.183058166117,-59.5744983489967,3.));
#16987=CARTESIAN_POINT('Origin',(221.183058166117,-59.5744983489967,0.));
#16988=CARTESIAN_POINT('',(221.183058166117,-54.5241808483618,3.));
#16989=CARTESIAN_POINT('',(221.183058166117,-54.5241808483618,0.));
#16990=CARTESIAN_POINT('',(221.183058166117,-0.924561849123734,3.));
#16991=CARTESIAN_POINT('Origin',(221.183058166117,-54.5241808483618,0.));
#16992=CARTESIAN_POINT('',(221.183058166117,-54.5241808483618,3.));
#16993=CARTESIAN_POINT('Origin',(258.008940817882,-82.2178435356871,0.));
#16994=CARTESIAN_POINT('',(259.308940817882,-82.2178435356871,3.));
#16995=CARTESIAN_POINT('',(259.308940817882,-82.2178435356871,0.));
#16996=CARTESIAN_POINT('',(259.308940817882,-82.2178435356871,3.));
#16997=CARTESIAN_POINT('Origin',(259.308940817882,-82.2178435356871,0.));
#16998=CARTESIAN_POINT('',(259.308940817882,-75.0741173482347,3.));
#16999=CARTESIAN_POINT('',(259.308940817882,-75.0741173482347,0.));
#17000=CARTESIAN_POINT('',(259.308940817882,-89.3615697231395,3.));
#17001=CARTESIAN_POINT('Origin',(259.308940817882,-75.0741173482347,0.));
#17002=CARTESIAN_POINT('',(255.758013716028,-75.0741173482347,3.));
#17003=CARTESIAN_POINT('',(255.758013716028,-75.0741173482347,0.));
#17004=CARTESIAN_POINT('',(222.709042418085,-75.0741173482347,3.));
#17005=CARTESIAN_POINT('Origin',(255.758013716028,-75.0741173482347,0.));
#17006=CARTESIAN_POINT('',(255.758013716028,-76.3741173482347,3.));
#17007=CARTESIAN_POINT('Origin',(351.855041910084,0.298475996951925,0.));
#17008=CARTESIAN_POINT('',(351.855041910084,-1.00152400304808,3.));
#17009=CARTESIAN_POINT('',(351.855041910084,-1.00152400304808,0.));
#17010=CARTESIAN_POINT('',(351.855041910084,-1.00152400304808,3.));
#17011=CARTESIAN_POINT('Origin',(351.855041910084,-1.00152400304808,0.));
#17012=CARTESIAN_POINT('',(352.855041910084,-1.00152400304808,3.));
#17013=CARTESIAN_POINT('Origin',(353.005041910084,-0.351524003048075,3.));
#17014=CARTESIAN_POINT('Origin',(281.910515426359,-88.1853187706376,0.));
#17015=CARTESIAN_POINT('',(281.910515426359,-86.8853187706376,3.));
#17016=CARTESIAN_POINT('',(281.910515426359,-86.8853187706376,0.));
#17017=CARTESIAN_POINT('',(281.910515426359,-86.8853187706376,3.));
#17018=CARTESIAN_POINT('Origin',(281.910515426359,-86.8853187706376,0.));
#17019=CARTESIAN_POINT('',(276.358851917704,-86.8853187706376,3.));
#17020=CARTESIAN_POINT('',(276.358851917704,-86.8853187706376,0.));
#17021=CARTESIAN_POINT('',(297.357912115824,-86.8853187706376,3.));
#17022=CARTESIAN_POINT('Origin',(276.358851917704,-86.8853187706376,0.));
#17023=CARTESIAN_POINT('',(276.358851917704,-89.3615697231395,3.));
#17024=CARTESIAN_POINT('',(276.358851917704,-89.3615697231395,0.));
#17025=CARTESIAN_POINT('',(276.358851917704,-86.8853187706376,3.));
#17026=CARTESIAN_POINT('Origin',(276.358851917704,-89.3615697231395,0.));
#17027=CARTESIAN_POINT('',(274.887956378006,-89.3615697231395,3.));
#17028=CARTESIAN_POINT('',(274.887956378006,-89.3615697231395,0.));
#17029=CARTESIAN_POINT('',(276.358851917704,-89.3615697231395,3.));
#17030=CARTESIAN_POINT('Origin',(274.887956378006,-89.3615697231395,0.));
#17031=CARTESIAN_POINT('',(274.887956378006,-89.3615697231395,3.));
#17032=CARTESIAN_POINT('Origin',(239.233401066802,-57.0493268986538,0.));
#17033=CARTESIAN_POINT('',(237.683401066802,-57.0493268986538,0.));
#17034=CARTESIAN_POINT('Origin',(316.12062484125,-16.4729997459996,0.));
#17035=CARTESIAN_POINT('',(314.570713741428,-16.4729997459996,0.));
#17036=CARTESIAN_POINT('Origin',(339.655295910592,-80.9977647955296,0.));
#17037=CARTESIAN_POINT('',(338.105295910592,-80.9977647955296,0.));
#17038=CARTESIAN_POINT('Origin',(239.233401066802,-18.9492506985014,0.));
#17039=CARTESIAN_POINT('',(237.68348996698,-18.9492506985014,0.));
#17040=CARTESIAN_POINT('Origin',(295.752324104648,-68.8606045212091,0.));
#17041=CARTESIAN_POINT('',(294.202413004826,-68.8606045212091,0.));
#17042=CARTESIAN_POINT('Origin',(352.855041910084,-87.4439184460169,0.));
#17043=CARTESIAN_POINT('',(357.580283312916,-90.1930863544683,3.));
#17044=CARTESIAN_POINT('',(357.580283312916,-90.1930863544683,0.));
#17045=CARTESIAN_POINT('',(352.855041910084,-87.4439184460169,3.));
#17046=CARTESIAN_POINT('Origin',(357.580283312916,-90.1930863544683,0.));
#17047=CARTESIAN_POINT('',(349.09333253723,-104.934088382742,3.));
#17048=CARTESIAN_POINT('',(349.09333253723,-104.934088382742,0.));
#17049=CARTESIAN_POINT('',(349.09333253723,-104.934088382742,3.));
#17050=CARTESIAN_POINT('Origin',(349.09333253723,-104.934088382742,0.));
#17051=CARTESIAN_POINT('',(347.794304297075,-104.186188836342,3.));
#17052=CARTESIAN_POINT('',(347.794304297075,-104.186188836342,0.));
#17053=CARTESIAN_POINT('',(333.534865811073,-95.9764923525146,3.));
#17054=CARTESIAN_POINT('Origin',(347.794304297075,-104.186188836342,0.));
#17055=CARTESIAN_POINT('',(347.794304297075,-104.186188836342,3.));
#17056=CARTESIAN_POINT('Origin',(219.883058166117,-40.5244602489205,0.));
#17057=CARTESIAN_POINT('',(221.183058166117,-40.5244602489205,3.));
#17058=CARTESIAN_POINT('',(221.183058166117,-40.5244602489205,0.));
#17059=CARTESIAN_POINT('',(221.183058166117,-40.5244602489205,3.));
#17060=CARTESIAN_POINT('Origin',(221.183058166117,-40.5244602489205,0.));
#17061=CARTESIAN_POINT('',(221.183058166117,-35.474218948438,3.));
#17062=CARTESIAN_POINT('',(221.183058166117,-35.474218948438,0.));
#17063=CARTESIAN_POINT('',(221.183058166117,-0.924561849123734,3.));
#17064=CARTESIAN_POINT('Origin',(221.183058166117,-35.474218948438,0.));
#17065=CARTESIAN_POINT('',(221.183058166117,-35.474218948438,3.));
#17066=CARTESIAN_POINT('Origin',(219.883058166117,-21.474472948946,0.));
#17067=CARTESIAN_POINT('',(221.183058166117,-21.474472948946,3.));
#17068=CARTESIAN_POINT('',(221.183058166117,-21.474472948946,0.));
#17069=CARTESIAN_POINT('',(221.183058166117,-21.474472948946,3.));
#17070=CARTESIAN_POINT('Origin',(221.183058166117,-21.474472948946,0.));
#17071=CARTESIAN_POINT('',(221.183058166117,-16.4241808483617,3.));
#17072=CARTESIAN_POINT('',(221.183058166117,-16.4241808483617,0.));
#17073=CARTESIAN_POINT('',(221.183058166117,-0.924561849123734,3.));
#17074=CARTESIAN_POINT('Origin',(221.183058166117,-16.4241808483617,0.));
#17075=CARTESIAN_POINT('',(221.183058166117,-16.4241808483617,3.));
#17076=CARTESIAN_POINT('Origin',(334.14208615848,-97.8261556419316,0.));
#17077=CARTESIAN_POINT('',(334.790723129154,-96.6995367710284,3.));
#17078=CARTESIAN_POINT('',(334.790723129154,-96.6995367710284,0.));
#17079=CARTESIAN_POINT('',(334.790723129154,-96.6995367710284,3.));
#17080=CARTESIAN_POINT('Origin',(334.790723129154,-96.6995367710284,0.));
#17081=CARTESIAN_POINT('',(333.534865811073,-95.9764923525146,3.));
#17082=CARTESIAN_POINT('',(333.534865811073,-95.9764923525146,0.));
#17083=CARTESIAN_POINT('',(333.534865811073,-95.9764923525146,3.));
#17084=CARTESIAN_POINT('Origin',(333.534865811073,-95.9764923525147,0.));
#17085=CARTESIAN_POINT('',(331.828729182152,-95.5167680467767,3.));
#17086=CARTESIAN_POINT('',(331.828729182152,-95.5167680467767,0.));
#17087=CARTESIAN_POINT('',(333.161418500347,-95.8758657070614,3.));
#17088=CARTESIAN_POINT('Origin',(331.828729182152,-95.5167680467767,0.));
#17089=CARTESIAN_POINT('',(331.828729182152,-95.5167680467767,3.));
#17090=CARTESIAN_POINT('Origin',(296.057912115824,-86.8853187706376,0.));
#17091=CARTESIAN_POINT('',(293.685605486686,-86.8853187706376,3.));
#17092=CARTESIAN_POINT('',(293.685605486686,-86.8853187706376,0.));
#17093=CARTESIAN_POINT('',(297.357912115824,-86.8853187706376,3.));
#17094=CARTESIAN_POINT('Origin',(293.685605486686,-86.8853187706376,0.));
#17095=CARTESIAN_POINT('',(293.685605486686,-86.8853187706376,3.));
#17096=CARTESIAN_POINT('Origin',(249.192178312412,0.375438150876266,0.));
#17097=CARTESIAN_POINT('',(249.192178312412,-0.924561849123734,3.));
#17098=CARTESIAN_POINT('',(249.192178312412,-0.924561849123734,0.));
#17099=CARTESIAN_POINT('',(249.192178312412,-0.924561849123734,3.));
#17100=CARTESIAN_POINT('Origin',(249.192178312412,-0.924561849123734,0.));
#17101=CARTESIAN_POINT('',(259.307512571794,-0.924561849123734,3.));
#17102=CARTESIAN_POINT('',(259.307512571794,-0.924561849123734,0.));
#17103=CARTESIAN_POINT('',(255.758013716028,-0.924561849123734,3.));
#17104=CARTESIAN_POINT('Origin',(259.307512571794,-0.924561849123734,0.));
#17105=CARTESIAN_POINT('',(259.308940817882,2.33821140696605,3.));
#17106=CARTESIAN_POINT('',(259.308940817882,2.33821140696605,0.));
#17107=CARTESIAN_POINT('',(259.307512571794,-0.924561849123734,3.));
#17108=CARTESIAN_POINT('Origin',(259.308940817882,2.33821140696605,0.));
#17109=CARTESIAN_POINT('',(259.308940817882,3.83837947675897,3.));
#17110=CARTESIAN_POINT('',(259.308940817882,3.83837947675897,0.));
#17111=CARTESIAN_POINT('',(259.308940817882,2.33821140696605,3.));
#17112=CARTESIAN_POINT('Origin',(259.308940817882,3.83837947675897,0.));
#17113=CARTESIAN_POINT('',(278.357465157458,3.83837947675897,3.));
#17114=CARTESIAN_POINT('',(278.357465157458,3.83837947675897,0.));
#17115=CARTESIAN_POINT('',(278.357465157458,3.83837947675897,3.));
#17116=CARTESIAN_POINT('Origin',(278.357465157458,3.83837947675897,0.));
#17117=CARTESIAN_POINT('',(278.358455660025,6.33815398062184,3.));
#17118=CARTESIAN_POINT('',(278.358455660025,6.33815398062184,0.));
#17119=CARTESIAN_POINT('',(278.358455660025,6.33815398062184,3.));
#17120=CARTESIAN_POINT('Origin',(278.358455660025,6.33815398062184,0.));
#17121=CARTESIAN_POINT('',(295.357912115824,6.33388772660383,3.));
#17122=CARTESIAN_POINT('',(295.357912115824,6.33388772660383,0.));
#17123=CARTESIAN_POINT('',(278.358455660025,6.33815398062184,3.));
#17124=CARTESIAN_POINT('Origin',(295.357912115824,6.33388772660383,0.));
#17125=CARTESIAN_POINT('',(295.357912115824,3.98156470704345,3.));
#17126=CARTESIAN_POINT('',(295.357912115824,3.98156470704345,0.));
#17127=CARTESIAN_POINT('',(295.357912115824,3.98156470704345,3.));
#17128=CARTESIAN_POINT('Origin',(295.357912115824,3.98156470704345,0.));
#17129=CARTESIAN_POINT('',(314.4079502159,3.84549663490742,3.));
#17130=CARTESIAN_POINT('',(314.4079502159,3.84549663490742,0.));
#17131=CARTESIAN_POINT('',(314.4079502159,3.84549663490742,3.));
#17132=CARTESIAN_POINT('Origin',(314.4079502159,3.84549663490742,0.));
#17133=CARTESIAN_POINT('',(314.4079502159,1.65013829404176,3.));
#17134=CARTESIAN_POINT('',(314.4079502159,1.65013829404176,0.));
#17135=CARTESIAN_POINT('',(314.4079502159,1.65013829404176,3.));
#17136=CARTESIAN_POINT('Origin',(314.4079502159,1.65013829404176,0.));
#17137=CARTESIAN_POINT('',(331.955352218032,1.5513843027685,3.));
#17138=CARTESIAN_POINT('',(331.955352218032,1.5513843027685,0.));
#17139=CARTESIAN_POINT('',(331.955352218032,1.5513843027685,3.));
#17140=CARTESIAN_POINT('Origin',(331.955352218032,1.5513843027685,0.));
#17141=CARTESIAN_POINT('',(333.481305562611,1.5513843027685,3.));
#17142=CARTESIAN_POINT('',(333.481305562611,1.5513843027685,0.));
#17143=CARTESIAN_POINT('',(333.481305562611,1.5513843027685,3.));
#17144=CARTESIAN_POINT('Origin',(333.481305562611,1.5513843027685,0.));
#17145=CARTESIAN_POINT('',(333.481305562611,1.5513843027685,3.));
#17146=CARTESIAN_POINT('Origin',(291.986741937511,3.35695914827116,3.));
#17147=CARTESIAN_POINT('Origin',(243.064800686331,-76.3741173482347,0.));
#17148=CARTESIAN_POINT('',(243.064800686331,-75.0741173482347,3.));
#17149=CARTESIAN_POINT('',(243.064800686331,-75.0741173482347,0.));
#17150=CARTESIAN_POINT('',(243.064800686331,-75.0741173482347,3.));
#17151=CARTESIAN_POINT('Origin',(243.064800686331,-75.0741173482347,0.));
#17152=CARTESIAN_POINT('',(236.717174848293,-75.0741173482347,3.));
#17153=CARTESIAN_POINT('',(236.717174848293,-75.0741173482347,0.));
#17154=CARTESIAN_POINT('',(222.709042418085,-75.0741173482347,3.));
#17155=CARTESIAN_POINT('Origin',(236.717174848293,-75.0741173482347,0.));
#17156=CARTESIAN_POINT('',(236.717174848293,-75.0741173482347,3.));
#17157=CARTESIAN_POINT('Origin',(352.855041910084,-60.4050573340274,0.));
#17158=CARTESIAN_POINT('',(352.855041910084,-60.4050573340274,3.));
#17159=CARTESIAN_POINT('',(352.855041910084,-60.4050573340274,3.));
#17160=CARTESIAN_POINT('',(352.855041910084,-60.4050573340274,0.));
#17161=CARTESIAN_POINT('Origin',(352.855041910084,-59.2981074003597,0.));
#17162=CARTESIAN_POINT('',(352.855041910084,-1.00152400304808,3.));
#17163=CARTESIAN_POINT('Origin',(353.505041910084,-59.8515823671935,3.));
#17164=CARTESIAN_POINT('Origin',(460.21653543307,-33.9639792452115,1.));
#17165=CARTESIAN_POINT('',(490.21653543307,-33.9639792452115,1.));
#17166=CARTESIAN_POINT('Origin',(460.21653543307,-33.9639792452115,1.));
#17167=CARTESIAN_POINT('',(490.21653543307,-33.9639792452115,-1.38777878078145E-16));
#17168=CARTESIAN_POINT('',(490.21653543307,-33.9639792452115,1.));
#17169=CARTESIAN_POINT('Origin',(460.21653543307,-33.9639792452115,0.));
#17170=CARTESIAN_POINT('Origin',(460.21653543307,-33.9639792452115,0.));
#17171=CARTESIAN_POINT('Origin',(525.31653543309,0.575438150900291,10.));
#17172=CARTESIAN_POINT('',(487.591249503629,0.575438150876257,3.));
#17173=CARTESIAN_POINT('',(499.676161539219,0.575438150883952,3.));
#17174=CARTESIAN_POINT('',(494.849021606866,0.575438150880881,3.));
#17175=CARTESIAN_POINT('',(499.676161539219,0.575438150883952,1.));
#17176=CARTESIAN_POINT('',(499.676161539219,0.575438150883956,6.5));
#17177=CARTESIAN_POINT('',(501.694070675636,0.575438150885237,1.));
#17178=CARTESIAN_POINT('',(471.468341564946,0.575438150865986,1.));
#17179=CARTESIAN_POINT('',(501.694070675637,0.575438150885242,4.));
#17180=CARTESIAN_POINT('',(501.694070675636,0.575438150885242,5.));
#17181=CARTESIAN_POINT('',(509.838187388882,0.57543815089043,4.));
#17182=CARTESIAN_POINT('',(515.33091793009,0.57543815089393,4.));
#17183=CARTESIAN_POINT('',(509.838187388882,0.575438150890424,1.));
#17184=CARTESIAN_POINT('',(509.838187388882,0.57543815089043,5.));
#17185=CARTESIAN_POINT('',(525.31653543309,0.575438150900291,1.));
#17186=CARTESIAN_POINT('',(482.591810507573,0.575438150873055,1.));
#17187=CARTESIAN_POINT('',(525.31653543309,0.575438150900291,10.));
#17188=CARTESIAN_POINT('',(525.31653543309,0.575438150900291,10.));
#17189=CARTESIAN_POINT('',(487.591249503629,0.575438150876257,10.));
#17190=CARTESIAN_POINT('',(490.167490989585,0.575438150877901,10.));
#17191=CARTESIAN_POINT('',(487.591249503629,0.575438150876257,10.));
#17192=CARTESIAN_POINT('Origin',(456.267922859671,-49.4873268633118,1.));
#17193=CARTESIAN_POINT('',(499.676161539219,-0.92715265430536,1.));
#17194=CARTESIAN_POINT('',(499.676161539219,-24.4559443562139,1.));
#17195=CARTESIAN_POINT('',(492.631760029171,-0.927152654305363,1.));
#17196=CARTESIAN_POINT('',(477.972042199445,-0.927152654305363,1.));
#17197=CARTESIAN_POINT('',(492.631760029171,-76.5741173482369,1.));
#17198=CARTESIAN_POINT('',(492.631760029171,-62.9307221057732,1.));
#17199=CARTESIAN_POINT('',(503.231445262891,-76.5741173482431,1.));
#17200=CARTESIAN_POINT('',(490.330984529686,-76.5741173482362,1.));
#17201=CARTESIAN_POINT('',(503.231445262891,-75.0767081534163,1.));
#17202=CARTESIAN_POINT('',(503.231445262891,-62.9320175083641,1.));
#17203=CARTESIAN_POINT('',(507.094467488762,-75.0767081534163,1.));
#17204=CARTESIAN_POINT('',(479.749684061281,-75.0767081534163,1.));
#17205=CARTESIAN_POINT('',(507.094467488762,-76.5741173482452,1.));
#17206=CARTESIAN_POINT('',(507.094467488762,-62.282017508364,1.));
#17207=CARTESIAN_POINT('',(519.766859257917,-76.5741173482521,1.));
#17208=CARTESIAN_POINT('',(490.330984529686,-76.5741173482362,1.));
#17209=CARTESIAN_POINT('',(519.766859257917,-75.0767081534163,1.));
#17210=CARTESIAN_POINT('',(519.766859257917,-62.9320175083641,1.));
#17211=CARTESIAN_POINT('',(523.807366014732,-75.0767081534163,1.));
#17212=CARTESIAN_POINT('',(488.017391058794,-75.0767081534163,1.));
#17213=CARTESIAN_POINT('',(523.807366014732,-0.927152654305363,1.));
#17214=CARTESIAN_POINT('',(523.807366014732,-62.282017508364,1.));
#17215=CARTESIAN_POINT('',(514.451208549877,-0.927152654305363,1.));
#17216=CARTESIAN_POINT('',(490.037644437201,-0.927152654305363,1.));
#17217=CARTESIAN_POINT('',(514.451208549877,0.572847345694645,1.));
#17218=CARTESIAN_POINT('',(514.451208549877,-25.2072397588086,1.));
#17219=CARTESIAN_POINT('',(525.307366014732,0.572847345694645,1.));
#17220=CARTESIAN_POINT('',(485.359565704774,0.572847345694649,1.));
#17221=CARTESIAN_POINT('',(525.307366014732,-76.574117348255,1.));
#17222=CARTESIAN_POINT('',(525.307366014732,-24.5572397588086,1.));
#17223=CARTESIAN_POINT('',(525.31653543309,-76.5741173482551,1.));
#17224=CARTESIAN_POINT('',(490.330984529686,-76.5741173482362,1.));
#17225=CARTESIAN_POINT('',(525.31653543309,-24.4982634702261,1.));
#17226=CARTESIAN_POINT('',(508.291617983236,-2.42456184912373,1.));
#17227=CARTESIAN_POINT('',(493.632812786571,-30.8593772732839,1.));
#17228=CARTESIAN_POINT('',(503.24064008128,-2.42456184912373,1.));
#17229=CARTESIAN_POINT('',(482.279770421453,-2.42456184912373,1.));
#17230=CARTESIAN_POINT('',(507.506634856134,-10.6996410521008,1.));
#17231=CARTESIAN_POINT('',(509.316192532385,-57.0493268986538,1.));
#17232=CARTESIAN_POINT('Origin',(505.766192532385,-57.0493268986538,1.));
#17233=CARTESIAN_POINT('',(509.319240538481,-18.9464566929134,1.));
#17234=CARTESIAN_POINT('Origin',(505.769240538481,-18.9464566929134,1.));
#17235=CARTESIAN_POINT('',(503.244094488189,-38.0246888493776,1.));
#17236=CARTESIAN_POINT('Origin',(505.744094488189,-38.0246888493776,1.));
#17237=CARTESIAN_POINT('Origin',(456.267922859671,-49.4873268633118,1.));
#17238=CARTESIAN_POINT('',(409.738138390093,0.308004751495609,1.));
#17239=CARTESIAN_POINT('',(409.702319450165,0.507402191231383,1.));
#17240=CARTESIAN_POINT('',(414.780428275965,-27.7614941129932,1.));
#17241=CARTESIAN_POINT('',(409.618288036607,0.498475996951919,1.));
#17242=CARTESIAN_POINT('Origin',(409.618288036576,0.898475996951928,1.));
#17243=CARTESIAN_POINT('',(407.169499255623,0.498475996951413,1.));
#17244=CARTESIAN_POINT('',(431.257466440954,0.4984759969564,1.));
#17245=CARTESIAN_POINT('',(407.169499255623,-0.00152400304807543,1.));
#17246=CARTESIAN_POINT('',(407.169499255623,-23.59442543318,1.));
#17247=CARTESIAN_POINT('',(396.236463666953,-0.00152400304807543,1.));
#17248=CARTESIAN_POINT('',(431.718711057647,-0.00152400304807898,1.));
#17249=CARTESIAN_POINT('',(394.536475702894,0.00299937566104309,1.));
#17250=CARTESIAN_POINT('',(426.317816937417,-0.0815653655764326,1.));
#17251=CARTESIAN_POINT('',(394.536475702894,0.498475996948793,1.));
#17252=CARTESIAN_POINT('',(394.536475702894,-24.7844828578457,1.));
#17253=CARTESIAN_POINT('',(392.983049439003,0.498475996948474,1.));
#17254=CARTESIAN_POINT('',(422.994992657685,0.49847599695473,1.));
#17255=CARTESIAN_POINT('',(392.983049439003,-1.00144780289565,1.));
#17256=CARTESIAN_POINT('',(392.983049439003,-24.5943873331037,1.));
#17257=CARTESIAN_POINT('',(390.644551689086,-1.00144780289565,1.));
#17258=CARTESIAN_POINT('',(424.625486149337,-1.00144780289565,1.));
#17259=CARTESIAN_POINT('',(390.644551689103,-13.8999996870756,1.));
#17260=CARTESIAN_POINT('',(390.644551689127,-31.735982389258,1.));
#17261=CARTESIAN_POINT('',(390.844551689103,-13.4999996870756,1.));
#17262=CARTESIAN_POINT('Origin',(390.344551689103,-13.4999996870756,1.));
#17263=CARTESIAN_POINT('',(390.844551689103,-14.0015240030481,1.));
#17264=CARTESIAN_POINT('',(390.844551689103,0.298475996951925,1.));
#17265=CARTESIAN_POINT('',(411.518288036576,-14.0015240030481,1.));
#17266=CARTESIAN_POINT('',(411.518288036576,-14.0015240030481,1.));
#17267=CARTESIAN_POINT('',(411.518288036576,-57.0015240030481,1.));
#17268=CARTESIAN_POINT('',(411.518288036576,-30.24442543318,1.));
#17269=CARTESIAN_POINT('',(390.844551689103,-57.0015240030481,1.));
#17270=CARTESIAN_POINT('',(433.431860831436,-57.0015240030481,1.));
#17271=CARTESIAN_POINT('',(390.844551689103,-42.4999996870756,1.));
#17272=CARTESIAN_POINT('',(390.844551689103,-24.6367445472003,1.));
#17273=CARTESIAN_POINT('',(390.644551689103,-42.0999996870756,1.));
#17274=CARTESIAN_POINT('Origin',(390.344551689103,-42.4999996870756,1.));
#17275=CARTESIAN_POINT('',(390.644551689103,-59.2298859468437,1.));
#17276=CARTESIAN_POINT('',(390.644551689103,-67.5589781617422,1.));
#17277=CARTESIAN_POINT('',(392.144551689103,-59.2298859468437,1.));
#17278=CARTESIAN_POINT('',(423.456237274387,-59.2298859468437,1.));
#17279=CARTESIAN_POINT('',(392.144551689103,-61.358806691757,1.));
#17280=CARTESIAN_POINT('',(392.144551689103,-54.3586064050778,1.));
#17281=CARTESIAN_POINT('',(390.644551689103,-61.358806691757,1.));
#17282=CARTESIAN_POINT('',(424.206237274387,-61.358806691757,1.));
#17283=CARTESIAN_POINT('',(390.644551689103,-85.5317187715636,1.));
#17284=CARTESIAN_POINT('',(390.644551689103,-67.5589781617422,1.));
#17285=CARTESIAN_POINT('',(390.844551689103,-85.5317187715636,1.));
#17286=CARTESIAN_POINT('',(423.556237274387,-85.5317187715636,1.));
#17287=CARTESIAN_POINT('',(390.844551689103,-86.6851124374671,1.));
#17288=CARTESIAN_POINT('',(390.844551689103,-67.5095228174377,1.));
#17289=CARTESIAN_POINT('',(392.144551689103,-85.9328567095472,1.));
#17290=CARTESIAN_POINT('',(423.413184177945,-67.8390044834291,1.));
#17291=CARTESIAN_POINT('',(392.144551689103,-87.4348183203044,1.));
#17292=CARTESIAN_POINT('',(392.144551689103,-67.7100917864295,1.));
#17293=CARTESIAN_POINT('',(387.365459258402,-90.2002795935766,1.));
#17294=CARTESIAN_POINT('',(424.38873592284,-68.7764550265079,1.));
#17295=CARTESIAN_POINT('',(389.040278439363,-93.1011512725056,1.));
#17296=CARTESIAN_POINT('',(387.163655069135,-89.8507445130196,1.));
#17297=CARTESIAN_POINT('',(387.914445437339,-93.7511513121637,1.));
#17298=CARTESIAN_POINT('',(423.693314429273,-73.0942099879452,1.));
#17299=CARTESIAN_POINT('',(385.590263162281,-89.7255498531946,1.));
#17300=CARTESIAN_POINT('',(386.875231657589,-91.9511803921386,1.));
#17301=CARTESIAN_POINT('',(385.502071926268,-89.573143427346,1.));
#17302=CARTESIAN_POINT('',(385.733316258722,-89.9727650201532,1.));
#17303=CARTESIAN_POINT('',(385.374331819501,-89.6474632286416,1.));
#17304=CARTESIAN_POINT('',(420.222087578216,-69.3728732886966,1.));
#17305=CARTESIAN_POINT('',(394.118018068609,-104.834389622216,1.));
#17306=CARTESIAN_POINT('',(390.409833055466,-98.3936355461986,1.));
#17307=CARTESIAN_POINT('',(395.390354947985,-104.09980552265,1.));
#17308=CARTESIAN_POINT('',(429.48047443688,-84.417864257913,1.));
#17309=CARTESIAN_POINT('',(395.890968726157,-104.966893950875,1.));
#17310=CARTESIAN_POINT('',(391.176102913926,-96.80050747756,1.));
#17311=CARTESIAN_POINT('',(396.548887148049,-104.587045455366,1.));
#17312=CARTESIAN_POINT('',(430.544017495953,-84.9599933960113,1.));
#17313=CARTESIAN_POINT('',(397.288945658583,-105.868867374144,1.));
#17314=CARTESIAN_POINT('',(392.409314878721,-97.4170793058457,1.));
#17315=CARTESIAN_POINT('',(410.090206459062,-98.4986987741777,1.));
#17316=CARTESIAN_POINT('',(438.481378967214,-82.1528300822456,1.));
#17317=CARTESIAN_POINT('',(409.341216812707,-97.2014076384489,1.));
#17318=CARTESIAN_POINT('',(405.201644543378,-90.0314414889255,1.));
#17319=CARTESIAN_POINT('',(411.425161883183,-95.9982441862584,1.));
#17320=CARTESIAN_POINT('',(437.269141539231,-81.0772502398062,1.));
#17321=CARTESIAN_POINT('',(414.473913875128,-95.178555176201,1.));
#17322=CARTESIAN_POINT('',(438.16602733163,-88.8086815109643,1.));
#17323=CARTESIAN_POINT('',(414.860140459145,-96.6150866569383,1.));
#17324=CARTESIAN_POINT('',(410.323194954721,-79.7403677400752,1.));
#17325=CARTESIAN_POINT('',(415.844551689103,-96.34983370968,1.));
#17326=CARTESIAN_POINT('',(447.339488660907,-87.8634160406749,1.));
#17327=CARTESIAN_POINT('',(415.844551689103,1.55386623750824,1.));
#17328=CARTESIAN_POINT('',(415.844551689103,-72.9185802864959,1.));
#17329=CARTESIAN_POINT('',(413.033033198787,1.54879349758698,1.));
#17330=CARTESIAN_POINT('',(443.354372074229,1.60350139536866,1.));
#17331=CARTESIAN_POINT('',(411.53205486411,1.54879349758698,1.));
#17332=CARTESIAN_POINT('',(434.650478029229,1.54879349758698,1.));
#17333=CARTESIAN_POINT('',(411.53205486411,0.273672847345665,1.));
#17334=CARTESIAN_POINT('',(411.53205486411,-23.9692666828624,1.));
#17335=CARTESIAN_POINT('',(434.367787055556,-0.163356512797828,1.));
#17336=CARTESIAN_POINT('',(408.898361696723,-81.0114808229616,1.));
#17337=CARTESIAN_POINT('Origin',(405.348361696723,-81.0114808229616,1.));
#17338=CARTESIAN_POINT('Origin',(409.618288036576,0.898475996951928,10.));
#17339=CARTESIAN_POINT('',(409.702319450165,0.507402191231383,3.));
#17340=CARTESIAN_POINT('',(409.702319450165,0.507402191231389,10.));
#17341=CARTESIAN_POINT('',(410.018288036576,0.898475996880022,3.));
#17342=CARTESIAN_POINT('Origin',(409.618288036576,0.898475996951928,3.));
#17343=CARTESIAN_POINT('',(410.018288036576,0.898475996880022,10.));
#17344=CARTESIAN_POINT('',(410.018288036576,0.898475996880022,10.));
#17345=CARTESIAN_POINT('',(409.618288036607,0.498475996951919,10.));
#17346=CARTESIAN_POINT('Origin',(409.618288036576,0.898475996951928,10.));
#17347=CARTESIAN_POINT('',(409.618288036607,0.498475996951919,10.));
#17348=CARTESIAN_POINT('Origin',(454.707149964656,3.35431800863599,3.));
#17349=CARTESIAN_POINT('',(499.676161539219,-0.92715265430536,3.));
#17350=CARTESIAN_POINT('',(499.676161539219,0.57284734569464,3.));
#17351=CARTESIAN_POINT('',(487.191249522762,0.975438150876267,3.));
#17352=CARTESIAN_POINT('Origin',(487.59124950359,0.975438150876267,3.));
#17353=CARTESIAN_POINT('',(487.191249541925,5.33837947677092,3.));
#17354=CARTESIAN_POINT('',(487.191249541909,-24.2982634702467,3.));
#17355=CARTESIAN_POINT('',(468.541375741068,5.33837947675896,3.));
#17356=CARTESIAN_POINT('',(475.786378661282,5.33837947676361,3.));
#17357=CARTESIAN_POINT('',(468.141375772427,5.73822098210004,3.));
#17358=CARTESIAN_POINT('Origin',(468.541375741026,5.73837947675897,3.));
#17359=CARTESIAN_POINT('',(468.140543552698,7.83853032496771,3.));
#17360=CARTESIAN_POINT('',(468.141679099994,4.97269992782471,3.));
#17361=CARTESIAN_POINT('',(448.141681483464,7.83351132766618,3.));
#17362=CARTESIAN_POINT('',(466.260569928598,7.83805851899627,3.));
#17363=CARTESIAN_POINT('',(448.141681483363,5.86804210652846,3.));
#17364=CARTESIAN_POINT('',(448.141681483371,6.01960008191617,3.));
#17365=CARTESIAN_POINT('',(447.744538477444,5.4680523097099,3.));
#17366=CARTESIAN_POINT('Origin',(447.741681483363,5.8680421065614,3.));
#17367=CARTESIAN_POINT('',(429.091643383374,5.33482089765843,3.));
#17368=CARTESIAN_POINT('',(456.058090670081,5.52743324184956,3.));
#17369=CARTESIAN_POINT('',(429.091643383287,3.53947548451035,3.));
#17370=CARTESIAN_POINT('',(429.091643383347,4.77025486735113,3.));
#17371=CARTESIAN_POINT('',(428.693894484048,3.13948181893099,3.));
#17372=CARTESIAN_POINT('Origin',(428.691643383287,3.5394754845621,3.));
#17373=CARTESIAN_POINT('',(413.040020533703,3.05138430276849,3.));
#17374=CARTESIAN_POINT('',(424.004822198103,3.11309246490856,3.));
#17375=CARTESIAN_POINT('',(410.01828803656,3.05138430275944,3.));
#17376=CARTESIAN_POINT('',(416.181318635377,3.0513843027779,3.));
#17377=CARTESIAN_POINT('',(410.018288036576,2.45896741834615,3.));
#17378=CARTESIAN_POINT('',(409.738138390093,0.308004751495609,3.));
#17379=CARTESIAN_POINT('',(409.702319450165,0.507402191231383,3.));
#17380=CARTESIAN_POINT('',(411.53205486411,0.273672847345665,3.));
#17381=CARTESIAN_POINT('',(409.738138390093,0.308004751495609,3.));
#17382=CARTESIAN_POINT('',(411.53205486411,1.54879349758698,3.));
#17383=CARTESIAN_POINT('',(411.53205486411,0.273672847345665,3.));
#17384=CARTESIAN_POINT('',(413.033033198787,1.54879349758698,3.));
#17385=CARTESIAN_POINT('',(411.53205486411,1.54879349758698,3.));
#17386=CARTESIAN_POINT('',(430.533044702373,1.58036825239742,3.));
#17387=CARTESIAN_POINT('',(413.033033198787,1.54879349758698,3.));
#17388=CARTESIAN_POINT('',(430.528970381433,3.83852239286579,3.));
#17389=CARTESIAN_POINT('',(430.533044702373,1.58036825239742,3.));
#17390=CARTESIAN_POINT('',(449.630794532213,3.83852239286579,3.));
#17391=CARTESIAN_POINT('',(430.528970381433,3.83852239286579,3.));
#17392=CARTESIAN_POINT('',(449.631930345531,6.33578867157735,3.));
#17393=CARTESIAN_POINT('',(449.630794532213,3.83852239286579,3.));
#17394=CARTESIAN_POINT('',(466.631445262891,6.33578867157735,3.));
#17395=CARTESIAN_POINT('',(449.631930345531,6.33578867157735,3.));
#17396=CARTESIAN_POINT('',(466.631445262891,3.83578867157723,3.));
#17397=CARTESIAN_POINT('',(466.631445262891,6.33578867157735,3.));
#17398=CARTESIAN_POINT('',(485.681356362713,3.83578867157723,3.));
#17399=CARTESIAN_POINT('',(466.631445262891,3.83578867157723,3.));
#17400=CARTESIAN_POINT('',(485.681356362713,2.33562060170322,3.));
#17401=CARTESIAN_POINT('',(485.681356362713,3.83578867157723,3.));
#17402=CARTESIAN_POINT('',(485.682784608801,-0.92715265430536,3.));
#17403=CARTESIAN_POINT('',(485.681356362713,2.33562060170322,3.));
#17404=CARTESIAN_POINT('',(485.682784608801,-0.92715265430536,3.));
#17405=CARTESIAN_POINT('Origin',(525.307366014732,0.372847345694645,3.));
#17406=CARTESIAN_POINT('',(525.307366014732,0.572847345694645,3.));
#17407=CARTESIAN_POINT('',(525.307366014732,0.572847345694645,3.));
#17408=CARTESIAN_POINT('',(525.307366014732,-76.574117348255,3.));
#17409=CARTESIAN_POINT('',(525.307366014732,-76.3767081534163,3.));
#17410=CARTESIAN_POINT('',(525.307366014732,-76.5741173482551,6.5));
#17411=CARTESIAN_POINT('Origin',(456.267922859671,-49.4873268633118,1.));
#17412=CARTESIAN_POINT('',(492.231760029171,-76.5741173482372,1.));
#17413=CARTESIAN_POINT('',(492.231760029171,-0.927152654305363,1.));
#17414=CARTESIAN_POINT('',(492.231760029171,-25.2059443562178,1.));
#17415=CARTESIAN_POINT('',(485.682784608801,-0.92715265430536,1.));
#17416=CARTESIAN_POINT('',(477.972042199445,-0.927152654305363,1.));
#17417=CARTESIAN_POINT('',(485.681356362713,2.33562060170322,1.));
#17418=CARTESIAN_POINT('',(485.693410151849,-25.2007970780425,1.));
#17419=CARTESIAN_POINT('',(485.681356362713,3.83578867157723,1.));
#17420=CARTESIAN_POINT('',(485.681356362713,-23.5758531308043,1.));
#17421=CARTESIAN_POINT('',(466.631445262891,3.83578867157723,1.));
#17422=CARTESIAN_POINT('',(470.974639611192,3.83578867157723,1.));
#17423=CARTESIAN_POINT('',(466.631445262891,6.33578867157735,1.));
#17424=CARTESIAN_POINT('',(466.631445262891,-22.8257690958673,1.));
#17425=CARTESIAN_POINT('',(449.631930345531,6.33578867157735,1.));
#17426=CARTESIAN_POINT('',(461.449684061281,6.33578867157735,1.));
#17427=CARTESIAN_POINT('',(449.630794532213,3.83852239286579,1.));
#17428=CARTESIAN_POINT('',(449.619236225286,-21.5742542223749,1.));
#17429=CARTESIAN_POINT('',(430.528970381433,3.83852239286579,1.));
#17430=CARTESIAN_POINT('',(452.949358695942,3.83852239286579,1.));
#17431=CARTESIAN_POINT('',(430.533044702373,1.58036825239742,1.));
#17432=CARTESIAN_POINT('',(430.577119248702,-22.8475353781975,1.));
#17433=CARTESIAN_POINT('',(416.244551689103,1.55458794571521,1.));
#17434=CARTESIAN_POINT('',(443.354372074229,1.60350139536866,1.));
#17435=CARTESIAN_POINT('',(416.244551689103,-96.2420523519766,1.));
#17436=CARTESIAN_POINT('',(416.244551689103,-72.7611229560499,1.));
#17437=CARTESIAN_POINT('',(427.691478925928,-93.1576389541859,1.));
#17438=CARTESIAN_POINT('',(447.339488660907,-87.8634160406749,1.));
#17439=CARTESIAN_POINT('',(427.307159820005,-91.7282021490701,1.));
#17440=CARTESIAN_POINT('',(423.156440899596,-76.290014712949,1.));
#17441=CARTESIAN_POINT('',(428.764414528829,-91.3364039074179,1.));
#17442=CARTESIAN_POINT('',(446.107026300042,-86.6736604923689,1.));
#17443=CARTESIAN_POINT('',(428.764414528829,-90.5037328812429,1.));
#17444=CARTESIAN_POINT('',(428.764414528829,-70.4118653853648,1.));
#17445=CARTESIAN_POINT('',(428.459024765127,-89.3641859283719,1.));
#17446=CARTESIAN_POINT('',(424.55811929173,-74.8081481235627,1.));
#17447=CARTESIAN_POINT('',(432.516518575197,-89.3641859283719,1.));
#17448=CARTESIAN_POINT('',(442.363473812399,-89.3641859283719,1.));
#17449=CARTESIAN_POINT('',(432.516518575197,-90.8602031636437,1.));
#17450=CARTESIAN_POINT('',(432.516518575197,-70.0757563958418,1.));
#17451=CARTESIAN_POINT('',(445.122602807356,-90.8612714930928,1.));
#17452=CARTESIAN_POINT('',(452.241807942995,-90.8618748252903,1.));
#17453=CARTESIAN_POINT('',(445.122602807356,-89.3641859283719,1.));
#17454=CARTESIAN_POINT('',(445.122602807356,-70.0757563958418,1.));
#17455=CARTESIAN_POINT('',(447.63238506477,-89.3641859283719,1.));
#17456=CARTESIAN_POINT('',(450.695262833514,-89.3641859283719,1.));
#17457=CARTESIAN_POINT('',(447.63238506477,-86.8879095758192,1.));
#17458=CARTESIAN_POINT('',(447.63238506477,-69.4257563958419,1.));
#17459=CARTESIAN_POINT('',(452.25332918483,-86.8879095758192,1.));
#17460=CARTESIAN_POINT('',(451.95015396222,-86.8879095758192,1.));
#17461=CARTESIAN_POINT('',(452.25332918483,-88.3853187706376,1.));
#17462=CARTESIAN_POINT('',(452.25332918483,-68.8376182195655,1.));
#17463=CARTESIAN_POINT('',(463.442192525093,-88.3853187706376,1.));
#17464=CARTESIAN_POINT('',(461.043087653873,-88.3853187706376,1.));
#17465=CARTESIAN_POINT('',(463.442192525093,-86.8879095758192,1.));
#17466=CARTESIAN_POINT('',(463.442192525093,-68.8376182195655,1.));
#17467=CARTESIAN_POINT('',(466.572755324959,-86.8879095758192,1.));
#17468=CARTESIAN_POINT('',(459.855057692382,-86.8879095758192,1.));
#17469=CARTESIAN_POINT('',(466.572755324959,-88.3853187706376,1.));
#17470=CARTESIAN_POINT('',(466.572755324959,-68.1876182195655,1.));
#17471=CARTESIAN_POINT('',(466.74074168145,-88.3853187706376,1.));
#17472=CARTESIAN_POINT('',(461.043087653873,-88.3853187706376,1.));
#17473=CARTESIAN_POINT('',(467.140741681483,-88.7853187705994,1.));
#17474=CARTESIAN_POINT('Origin',(466.740741681483,-88.7853187706376,1.));
#17475=CARTESIAN_POINT('',(467.140741681507,-90.8615697231309,1.));
#17476=CARTESIAN_POINT('',(467.140741681267,-70.216767407173,1.));
#17477=CARTESIAN_POINT('',(484.181407162814,-90.8615697231309,1.));
#17478=CARTESIAN_POINT('',(471.268043203801,-90.8615697231309,1.));
#17479=CARTESIAN_POINT('',(484.181407162814,-89.3641859283719,1.));
#17480=CARTESIAN_POINT('',(484.181407162814,-70.0757563958418,1.));
#17481=CARTESIAN_POINT('',(485.681356362713,-89.3641859283719,1.));
#17482=CARTESIAN_POINT('',(470.224665011243,-89.3641859283719,1.));
#17483=CARTESIAN_POINT('',(485.681356362713,-75.0767081534163,1.));
#17484=CARTESIAN_POINT('',(485.681356362713,-69.4257563958419,1.));
#17485=CARTESIAN_POINT('',(491.343852896248,-75.0767081534163,1.));
#17486=CARTESIAN_POINT('',(470.974639611192,-75.0767081534163,1.));
#17487=CARTESIAN_POINT('',(491.343852896248,-76.5741173482367,1.));
#17488=CARTESIAN_POINT('',(491.343852896248,-62.282017508364,1.));
#17489=CARTESIAN_POINT('',(490.330984529686,-76.5741173482362,1.));
#17490=CARTESIAN_POINT('',(452.797269494539,-68.8606045212091,1.));
#17491=CARTESIAN_POINT('Origin',(449.247269494539,-68.8606045212091,1.));
#17492=CARTESIAN_POINT('',(432.404076708153,-16.4524257048514,1.));
#17493=CARTESIAN_POINT('Origin',(428.854076708153,-16.4524257048514,1.));
#17494=CARTESIAN_POINT('Origin',(416.044551689103,-96.192376379234,1.));
#17495=CARTESIAN_POINT('',(447.339488660907,-87.8634160406749,1.));
#17496=CARTESIAN_POINT('',(416.244551689103,-96.34983370968,1.));
#17497=CARTESIAN_POINT('',(416.244551689103,-96.34983370968,1.));
#17498=CARTESIAN_POINT('',(415.844551689103,-96.34983370968,1.));
#17499=CARTESIAN_POINT('Origin',(416.244551689103,-96.34983370968,1.));
#17500=CARTESIAN_POINT('',(415.844551689103,-96.34983370968,0.));
#17501=CARTESIAN_POINT('',(416.244551689103,-96.34983370968,0.));
#17502=CARTESIAN_POINT('',(416.144551689103,-96.34983370968,0.));
#17503=CARTESIAN_POINT('',(415.844551689103,-96.34983370968,1.));
#17504=CARTESIAN_POINT('',(416.244551689103,-96.34983370968,1.));
#17505=CARTESIAN_POINT('Origin',(492.431760029171,-38.6493395986792,1.));
#17506=CARTESIAN_POINT('',(477.972042199445,-0.927152654305363,1.));
#17507=CARTESIAN_POINT('',(492.231760029171,-0.924561849123737,1.));
#17508=CARTESIAN_POINT('',(492.231760029171,-76.3741173482347,1.));
#17509=CARTESIAN_POINT('',(492.631760029171,-0.924561849123737,1.));
#17510=CARTESIAN_POINT('',(485.692081027393,-0.924561849123737,1.));
#17511=CARTESIAN_POINT('',(492.631760029171,-0.924561849123737,1.));
#17512=CARTESIAN_POINT('Origin',(492.231760029171,-0.924561849123737,1.));
#17513=CARTESIAN_POINT('',(492.231760029171,-76.5741173482372,0.));
#17514=CARTESIAN_POINT('',(492.231760029171,-76.5741173482372,1.));
#17515=CARTESIAN_POINT('',(492.231760029171,-0.924561849123737,0.));
#17516=CARTESIAN_POINT('',(492.231760029171,-76.3741173482347,0.));
#17517=CARTESIAN_POINT('',(492.231760029171,-0.924561849123737,1.));
#17518=CARTESIAN_POINT('Origin',(492.631760029171,-0.924561849123737,1.));
#17519=CARTESIAN_POINT('',(492.631760029171,-0.924561849123737,0.));
#17520=CARTESIAN_POINT('',(485.692081027393,-0.924561849123737,0.));
#17521=CARTESIAN_POINT('',(492.631760029171,-0.924561849123737,1.));
#17522=CARTESIAN_POINT('Origin',(492.631760029171,-76.3741173482347,1.));
#17523=CARTESIAN_POINT('',(492.631760029171,-76.5741173482369,0.));
#17524=CARTESIAN_POINT('',(492.631760029171,-76.4241173482353,0.));
#17525=CARTESIAN_POINT('',(492.631760029171,-76.5741173482369,1.));
#17526=CARTESIAN_POINT('Origin',(492.431760029171,-38.6493395986792,0.));
#17527=CARTESIAN_POINT('',(492.531760029171,-76.5741173482374,0.));
#17528=CARTESIAN_POINT('Origin',(416.044551689103,-47.1919960503711,1.));
#17529=CARTESIAN_POINT('',(443.354372074229,1.60350139536866,1.));
#17530=CARTESIAN_POINT('',(415.844551689103,1.65092694804575,1.));
#17531=CARTESIAN_POINT('',(415.844551689103,-96.0349190487879,1.));
#17532=CARTESIAN_POINT('',(416.244551689103,1.65092694804575,1.));
#17533=CARTESIAN_POINT('',(415.844551689103,1.65092694804575,1.));
#17534=CARTESIAN_POINT('',(416.244551689103,1.65092694804576,1.));
#17535=CARTESIAN_POINT('Origin',(416.244551689103,-96.0349190487879,1.));
#17536=CARTESIAN_POINT('',(416.244551689103,1.65092694804575,0.));
#17537=CARTESIAN_POINT('',(416.244551689103,1.65092694804575,1.));
#17538=CARTESIAN_POINT('',(416.244551689103,-96.1136477140109,0.));
#17539=CARTESIAN_POINT('Origin',(415.844551689103,1.65092694804574,1.));
#17540=CARTESIAN_POINT('',(415.844551689103,1.65092694804575,0.));
#17541=CARTESIAN_POINT('',(415.844551689103,-96.0349190487879,0.));
#17542=CARTESIAN_POINT('',(415.844551689103,1.65092694804575,1.));
#17543=CARTESIAN_POINT('Origin',(416.244551689103,1.65092694804575,1.));
#17544=CARTESIAN_POINT('',(415.844551689103,1.65092694804575,0.));
#17545=CARTESIAN_POINT('Origin',(416.044551689103,-47.1919960503711,0.));
#17546=CARTESIAN_POINT('Origin',(502.63943721159,-1.69483610137685,0.2));
#17547=CARTESIAN_POINT('',(503.015627716914,-2.42456184912373,0.2));
#17548=CARTESIAN_POINT('',(502.52799676762,-3.22456184912372,-0.6));
#17549=CARTESIAN_POINT('',(498.893008262674,-9.18806930936369,-6.56350746024007));
#17550=CARTESIAN_POINT('',(497.298524201701,6.91944956126553,-0.6));
#17551=CARTESIAN_POINT('',(502.103290096868,-2.40072555208404,-0.6));
#17552=CARTESIAN_POINT('',(497.719608229741,7.52118037596802,0.0500000000000012));
#17553=CARTESIAN_POINT('',(494.312328703622,2.65216386467003,-5.20959557831275));
#17554=CARTESIAN_POINT('',(498.14097536659,7.46765125705051,0.399999999999348));
#17555=CARTESIAN_POINT('',(510.249597892838,5.92941099469589,10.4577798161179));
#17556=CARTESIAN_POINT('',(503.24064008128,-2.42456184912373,0.4));
#17557=CARTESIAN_POINT('',(502.817205220529,-1.60319258006807,0.4));
#17558=CARTESIAN_POINT('',(504.334604012139,-2.42456184912373,1.3723589491991));
#17559=CARTESIAN_POINT('Origin',(485.750587986561,-46.5856107061009,0.2));
#17560=CARTESIAN_POINT('',(509.004261296895,-3.22456184912371,-0.6));
#17561=CARTESIAN_POINT('',(508.516630347602,-2.42456184912374,0.2));
#17562=CARTESIAN_POINT('',(507.842067667917,-1.31788446425069,1.30667738487307));
#17563=CARTESIAN_POINT('',(508.291617983236,-2.42456184912373,0.4));
#17564=CARTESIAN_POINT('',(502.144334273551,-2.42456184912374,5.86395192726845));
#17565=CARTESIAN_POINT('',(512.453922191489,5.64938076168456,0.39999999999981));
#17566=CARTESIAN_POINT('',(485.572819977622,-46.4939671847921,0.4));
#17567=CARTESIAN_POINT('',(512.823490645963,5.60243197992708,0.05));
#17568=CARTESIAN_POINT('',(508.359011303132,6.16958500337855,4.27808751957208));
#17569=CARTESIAN_POINT('',(513.192810794207,4.90029077379838,-0.6));
#17570=CARTESIAN_POINT('',(513.593867572195,4.13781276884341,-1.30585617094502));
#17571=CARTESIAN_POINT('',(473.865005494999,-71.3868874591703,-0.6));
#17572=CARTESIAN_POINT('Origin',(449.893084836169,-2.52456184912373,0.1));
#17573=CARTESIAN_POINT('',(449.893084836169,-2.42456184912373,0.2));
#17574=CARTESIAN_POINT('',(420.693818262636,-3.22456184912372,-0.6));
#17575=CARTESIAN_POINT('Origin',(391.494551689103,-59.8515823671935,-0.6));
#17576=CARTESIAN_POINT('',(525.463101237325,3.34151274190632,-0.6));
#17577=CARTESIAN_POINT('',(463.492846774678,11.2140135384392,-0.6));
#17578=CARTESIAN_POINT('',(527.86653543307,0.613437936604804,-0.6));
#17579=CARTESIAN_POINT('Origin',(525.11653543307,0.613437936604804,-0.6));
#17580=CARTESIAN_POINT('',(527.86653543307,-76.9877843582524,-0.6));
#17581=CARTESIAN_POINT('',(527.86653543307,-68.4196833627229,-0.6));
#17582=CARTESIAN_POINT('',(526.081547308257,-79.5629061186261,-0.6));
#17583=CARTESIAN_POINT('Origin',(525.11653543307,-76.9877843582524,-0.6));
#17584=CARTESIAN_POINT('',(489.932616500218,-93.1095073092392,-0.6));
#17585=CARTESIAN_POINT('',(452.238671966713,-107.235093391109,-0.6));
#17586=CARTESIAN_POINT('',(488.265777806714,-93.4115697231395,-0.6));
#17587=CARTESIAN_POINT('Origin',(488.265777806714,-88.6615697231395,-0.6));
#17588=CARTESIAN_POINT('',(465.340751157807,-93.4115697231395,-0.6));
#17589=CARTESIAN_POINT('',(428.417651423455,-93.4115697231395,-0.6));
#17590=CARTESIAN_POINT('',(450.941654779718,-93.4117646502297,-0.6));
#17591=CARTESIAN_POINT('',(421.218314428377,-93.4121670286752,-0.6));
#17592=CARTESIAN_POINT('',(436.984355600876,-93.410581809172,-0.6));
#17593=CARTESIAN_POINT('',(414.238031793899,-93.4086541234952,-0.6));
#17594=CARTESIAN_POINT('',(436.138515004665,-93.522506026172,-0.6));
#17595=CARTESIAN_POINT('Origin',(436.984080172702,-96.6605817975011,-0.6));
#17596=CARTESIAN_POINT('',(413.437030368581,-99.6394981161579,-0.6));
#17597=CARTESIAN_POINT('',(408.206079388174,-101.048995613049,-0.6));
#17598=CARTESIAN_POINT('',(412.661003109934,-99.9610267102293,-0.6));
#17599=CARTESIAN_POINT('Origin',(414.282595536618,-102.777573887487,-0.6));
#17600=CARTESIAN_POINT('',(396.80039583046,-109.09257645123,-0.6));
#17601=CARTESIAN_POINT('',(405.4539837433,-104.110379548436,-0.6));
#17602=CARTESIAN_POINT('',(393.045046934817,-108.081460893052,-0.6));
#17603=CARTESIAN_POINT('Origin',(395.428279161727,-106.709344224319,-0.6));
#17604=CARTESIAN_POINT('',(383.263763388072,-91.0923296476143,-0.6));
#17605=CARTESIAN_POINT('',(377.533953512293,-81.1402112445636,-0.6));
#17606=CARTESIAN_POINT('',(384.264062121574,-87.3432411757654,-0.6));
#17607=CARTESIAN_POINT('Origin',(385.646995614983,-89.7202129788815,-0.6));
#17608=CARTESIAN_POINT('',(387.274311785148,-85.5918636130095,-0.6));
#17609=CARTESIAN_POINT('',(394.544487210575,-81.362040993489,-0.6));
#17610=CARTESIAN_POINT('',(388.094551689103,-84.16568053114,-0.6));
#17611=CARTESIAN_POINT('Origin',(386.444551689103,-84.16568053114,-0.6));
#17612=CARTESIAN_POINT('',(388.094551689103,0.537397690002459,-0.6));
#17613=CARTESIAN_POINT('',(388.094551689103,-29.6570923385955,-0.6));
#17614=CARTESIAN_POINT('',(390.496569614638,3.26529220333156,-0.6));
#17615=CARTESIAN_POINT('Origin',(390.844551689103,0.537397690002459,-0.6));
#17616=CARTESIAN_POINT('',(393.536475702894,3.65307582971474,-0.6));
#17617=CARTESIAN_POINT('',(414.744180718217,6.35842281062259,-0.6));
#17618=CARTESIAN_POINT('',(393.536475702894,-0.79434262649615,-0.6));
#17619=CARTESIAN_POINT('',(393.536475702894,-44.6238083187818,-0.6));
#17620=CARTESIAN_POINT('',(396.235399338783,-0.80152400304809,-0.6));
#17621=CARTESIAN_POINT('',(392.79736347713,-0.79237597462781,-0.6));
#17622=CARTESIAN_POINT('',(408.169499255624,-0.801524003048089,-0.6));
#17623=CARTESIAN_POINT('',(395.413288580733,-0.801524003048089,-0.6));
#17624=CARTESIAN_POINT('',(408.169499255624,5.51972788194428,-0.6));
#17625=CARTESIAN_POINT('',(408.169499255624,-44.3140677761571,-0.6));
#17626=CARTESIAN_POINT('',(445.932331401875,10.3369187973955,-0.6));
#17627=CARTESIAN_POINT('',(414.744180718217,6.35842281062258,-0.6));
#17628=CARTESIAN_POINT('',(446.658487241071,10.3831391793585,-0.6));
#17629=CARTESIAN_POINT('Origin',(446.659930284847,4.63313936043462,-0.6));
#17630=CARTESIAN_POINT('',(469.62269134624,10.3889023711575,-0.6));
#17631=CARTESIAN_POINT('',(430.549810057077,10.3790964789969,-0.6));
#17632=CARTESIAN_POINT('',(470.348771980731,10.3430589633187,-0.6));
#17633=CARTESIAN_POINT('Origin',(469.624134390016,4.63890255223364,-0.6));
#17634=CARTESIAN_POINT('',(463.492846774678,11.2140135384392,-0.6));
#17635=CARTESIAN_POINT('',(522.335292645401,-7.25542184610284,-0.6));
#17636=CARTESIAN_POINT('Origin',(517.335292645401,-7.25542184610284,-0.6));
#17637=CARTESIAN_POINT('',(402.335292645401,-6.75542184610284,-0.6));
#17638=CARTESIAN_POINT('Origin',(397.335292645401,-6.75542184610284,-0.6));
#17639=CARTESIAN_POINT('',(450.541211582432,-92.4617700711253,-0.6));
#17640=CARTESIAN_POINT('',(450.541211582432,-89.2617700711253,-0.6));
#17641=CARTESIAN_POINT('',(450.541211582432,-76.1566762191594,-0.6));
#17642=CARTESIAN_POINT('',(465.741211582432,-92.4617700711253,-0.6));
#17643=CARTESIAN_POINT('',(428.617881635767,-92.4617700711253,-0.6));
#17644=CARTESIAN_POINT('',(465.741211582432,-89.2617700711253,-0.6));
#17645=CARTESIAN_POINT('',(465.741211582432,-74.5566762191594,-0.6));
#17646=CARTESIAN_POINT('',(421.017881635767,-89.2617700711253,-0.6));
#17647=CARTESIAN_POINT('',(517.322624311846,-81.8307463408811,-0.6));
#17648=CARTESIAN_POINT('',(493.725144907696,-90.6737642516804,-0.6));
#17649=CARTESIAN_POINT('',(465.766992003177,-101.15091914832,-0.6));
#17650=CARTESIAN_POINT('',(516.199701402538,-78.8342410197192,-0.6));
#17651=CARTESIAN_POINT('',(505.40275885449,-50.0227388860177,-0.6));
#17652=CARTESIAN_POINT('',(492.602221998389,-87.6772589305185,-0.6));
#17653=CARTESIAN_POINT('',(452.845329391794,-102.575922782557,-0.6));
#17654=CARTESIAN_POINT('',(482.366740904994,-60.3640094573981,-0.6));
#17655=CARTESIAN_POINT('',(515.51653543307,-73.2554218461028,-0.6));
#17656=CARTESIAN_POINT('Origin',(520.51653543307,-73.2554218461028,-0.6));
#17657=CARTESIAN_POINT('',(403.335292645401,-94.2554218461028,-0.6));
#17658=CARTESIAN_POINT('Origin',(398.335292645401,-94.2554218461028,-0.6));
#17659=CARTESIAN_POINT('',(501.244094488189,-38.0246888493776,-0.6));
#17660=CARTESIAN_POINT('Origin',(505.744094488189,-38.0246888493776,-0.6));
#17661=CARTESIAN_POINT('Origin',(508.291617983236,-2.42456184912373,0.));
#17662=CARTESIAN_POINT('',(508.291617983236,-2.42456184912373,0.));
#17663=CARTESIAN_POINT('',(503.24064008128,-2.42456184912373,0.));
#17664=CARTESIAN_POINT('Origin',(399.332025472363,-0.101524003048077,0.1));
#17665=CARTESIAN_POINT('',(407.369499255623,-0.00152400304807676,0.2));
#17666=CARTESIAN_POINT('',(410.859091822092,-3.49111656951701,-3.28959256646887));
#17667=CARTESIAN_POINT('',(396.236463666953,-0.00152400304807543,0.2));
#17668=CARTESIAN_POINT('',(396.236463666953,-0.00152400304807543,0.2));
#17669=CARTESIAN_POINT('',(399.332025472363,-0.00152400304807544,0.2));
#17670=CARTESIAN_POINT('Origin',(407.369499255624,-28.7765531851208,0.2));
#17671=CARTESIAN_POINT('',(407.169499255623,-0.00152400304807543,0.4));
#17672=CARTESIAN_POINT('',(407.369499255623,-0.00152400304807676,0.200000000000007));
#17673=CARTESIAN_POINT('',(407.169499255623,6.04743081125517,0.4));
#17674=CARTESIAN_POINT('',(407.169499255623,-28.7765531851208,0.4));
#17675=CARTESIAN_POINT('',(407.519499255623,6.09207833170273,0.0500000000000012));
#17676=CARTESIAN_POINT('',(413.534640159994,6.85939583605404,-5.96514090437143));
#17677=CARTESIAN_POINT('',(414.256192063223,0.160156549679789,-6.68669280759942));
#17678=CARTESIAN_POINT('Origin',(393.944883229255,-0.0954268514297873,0.1));
#17679=CARTESIAN_POINT('',(394.336475702894,0.00353154162983327,0.2));
#17680=CARTESIAN_POINT('',(389.254387269643,-5.06505230964919,-4.88208843325149));
#17681=CARTESIAN_POINT('',(393.945149311298,0.00457279457131601,0.2));
#17682=CARTESIAN_POINT('Origin',(394.336475702894,-29.3960342703701,0.2));
#17683=CARTESIAN_POINT('',(394.186475702894,4.39125992685001,0.0500000000000012));
#17684=CARTESIAN_POINT('',(391.864196720684,1.75392236718983,-2.27227898221026));
#17685=CARTESIAN_POINT('',(394.536475702894,4.43590744729759,0.4));
#17686=CARTESIAN_POINT('',(408.679618632764,6.24006819916707,14.54314292987));
#17687=CARTESIAN_POINT('',(394.536475702894,0.00299937566104309,0.4));
#17688=CARTESIAN_POINT('',(394.536475702894,-29.9242914957662,0.4));
#17689=CARTESIAN_POINT('',(394.781382693096,0.0023477198325228,0.644906990202158));
#17690=CARTESIAN_POINT('Origin',(387.769551689103,-29.6570923385955,-0.275));
#17691=CARTESIAN_POINT('',(387.444551689103,-84.16568053114,0.05));
#17692=CARTESIAN_POINT('',(388.094551689103,-84.16568053114,-0.6));
#17693=CARTESIAN_POINT('',(387.444551689103,0.537397690002459,0.05));
#17694=CARTESIAN_POINT('',(387.444551689103,-29.6570923385955,0.05));
#17695=CARTESIAN_POINT('',(388.094551689103,0.537397690002459,-0.6));
#17696=CARTESIAN_POINT('Origin',(397.335292645401,-6.75542184610284,0.4));
#17697=CARTESIAN_POINT('',(402.335292645401,-6.75542184610284,0.4));
#17698=CARTESIAN_POINT('Origin',(397.335292645401,-6.75542184610284,0.4));
#17699=CARTESIAN_POINT('Origin',(463.533804551544,11.5364223790657,-0.275));
#17700=CARTESIAN_POINT('',(470.430687534464,10.9878766445718,0.0500000000000006));
#17701=CARTESIAN_POINT('',(470.348771980731,10.3430589633187,-0.6));
#17702=CARTESIAN_POINT('',(463.574762328411,11.8588312196923,0.0500000000000006));
#17703=CARTESIAN_POINT('Origin',(469.624134390016,4.63890255223364,-0.275));
#17704=CARTESIAN_POINT('',(469.622528219552,11.038902350688,0.05));
#17705=CARTESIAN_POINT('',(469.62269134624,10.3889023711575,-0.6));
#17706=CARTESIAN_POINT('Origin',(469.624134390016,4.63890255223364,0.05));
#17707=CARTESIAN_POINT('Origin',(430.549728493733,10.7040964687621,-0.275));
#17708=CARTESIAN_POINT('',(446.658324114384,11.033139158889,0.0499999999999995));
#17709=CARTESIAN_POINT('',(446.658487241071,10.3831391793585,-0.6));
#17710=CARTESIAN_POINT('',(430.549646930389,11.0290964585274,0.0499999999999995));
#17711=CARTESIAN_POINT('Origin',(446.659930284847,4.63313936043462,-0.275));
#17712=CARTESIAN_POINT('',(445.850081093365,10.9816938641824,0.05));
#17713=CARTESIAN_POINT('',(445.932331401875,10.3369187973955,-0.6));
#17714=CARTESIAN_POINT('Origin',(446.659930284847,4.63313936043462,0.05));
#17715=CARTESIAN_POINT('Origin',(414.703055563962,6.68081034401603,-0.275));
#17716=CARTESIAN_POINT('',(414.661930409707,7.00319787740948,0.0500000000000006));
#17717=CARTESIAN_POINT('Origin',(525.545016791058,3.98633042315943,10.));
#17718=CARTESIAN_POINT('',(470.430687534464,10.9878766445718,9.));
#17719=CARTESIAN_POINT('',(470.430687534464,10.9878766445718,0.));
#17720=CARTESIAN_POINT('',(525.545016791058,3.98633042315944,9.));
#17721=CARTESIAN_POINT('',(494.21024394072,7.96699867057083,9.));
#17722=CARTESIAN_POINT('',(525.545016791058,3.98633042315944,0.05));
#17723=CARTESIAN_POINT('',(525.545016791058,3.98633042315944,0.));
#17724=CARTESIAN_POINT('',(463.574762328411,11.8588312196923,0.0500000000000006));
#17725=CARTESIAN_POINT('',(512.453922191489,5.64938076168456,4.));
#17726=CARTESIAN_POINT('',(512.453922191489,5.64938076168456,5.));
#17727=CARTESIAN_POINT('',(498.14097536659,7.46765125705051,4.));
#17728=CARTESIAN_POINT('',(515.656814082496,5.24249572979623,4.));
#17729=CARTESIAN_POINT('',(498.14097536659,7.46765125705051,5.));
#17730=CARTESIAN_POINT('Origin',(428.417651423455,-93.7365697231395,-0.275));
#17731=CARTESIAN_POINT('',(488.265777806714,-94.0615697231395,0.05));
#17732=CARTESIAN_POINT('',(488.265777806714,-93.4115697231395,-0.6));
#17733=CARTESIAN_POINT('',(465.340751157807,-94.0615697231395,0.0499999999999995));
#17734=CARTESIAN_POINT('',(428.417651423455,-94.0615697231395,0.05));
#17735=CARTESIAN_POINT('',(465.340751157807,-94.0615697231395,0.0499999999999995));
#17736=CARTESIAN_POINT('Origin',(414.703055563962,6.68081034401603,-0.275));
#17737=CARTESIAN_POINT('',(390.414319306128,3.91006727011846,0.0500000000000006));
#17738=CARTESIAN_POINT('',(390.496569614638,3.26529220333156,-0.6));
#17739=CARTESIAN_POINT('',(414.661930409707,7.00319787740948,0.0500000000000006));
#17740=CARTESIAN_POINT('Origin',(390.844551689103,0.537397690002459,-0.275));
#17741=CARTESIAN_POINT('Origin',(390.844551689103,0.537397690002459,0.05));
#17742=CARTESIAN_POINT('Origin',(386.444551689103,-84.16568053114,-0.275));
#17743=CARTESIAN_POINT('',(386.947436595797,-85.0300339140912,0.05));
#17744=CARTESIAN_POINT('',(387.274311785148,-85.5918636130095,-0.6));
#17745=CARTESIAN_POINT('Origin',(386.444551689103,-84.16568053114,0.05));
#17746=CARTESIAN_POINT('Origin',(394.381049615899,-81.0811261440298,-0.275));
#17747=CARTESIAN_POINT('',(383.937186932223,-86.7814114768472,0.05));
#17748=CARTESIAN_POINT('',(384.264062121574,-87.3432411757654,-0.6));
#17749=CARTESIAN_POINT('',(394.217612021224,-80.8002112945707,0.05));
#17750=CARTESIAN_POINT('Origin',(385.646995614983,-89.7202129788815,-0.275));
#17751=CARTESIAN_POINT('',(382.70045395262,-91.4166481329513,0.05));
#17752=CARTESIAN_POINT('',(383.263763388072,-91.0923296476143,-0.6));
#17753=CARTESIAN_POINT('Origin',(385.646995614983,-89.7202129788815,0.05));
#17754=CARTESIAN_POINT('Origin',(377.252298794567,-81.302370487232,-0.275));
#17755=CARTESIAN_POINT('',(392.481737499365,-108.405779378388,0.0499999999999995));
#17756=CARTESIAN_POINT('',(393.045046934817,-108.081460893052,-0.6));
#17757=CARTESIAN_POINT('',(376.970644076841,-81.4645297299004,0.0499999999999995));
#17758=CARTESIAN_POINT('Origin',(395.428279161727,-106.709344224319,-0.275));
#17759=CARTESIAN_POINT('',(397.124714315797,-109.655885886682,0.05));
#17760=CARTESIAN_POINT('',(396.80039583046,-109.09257645123,-0.6));
#17761=CARTESIAN_POINT('Origin',(395.428279161727,-106.709344224319,0.05));
#17762=CARTESIAN_POINT('Origin',(405.616142985968,-104.392034266162,-0.275));
#17763=CARTESIAN_POINT('',(412.985321595271,-100.524336145681,0.0500000000000006));
#17764=CARTESIAN_POINT('',(412.661003109934,-99.9610267102293,-0.6));
#17765=CARTESIAN_POINT('',(405.778302228637,-104.673688983888,0.0500000000000006));
#17766=CARTESIAN_POINT('Origin',(414.282595536618,-102.777573887487,-0.275));
#17767=CARTESIAN_POINT('',(413.606143402189,-100.267113270424,0.05));
#17768=CARTESIAN_POINT('',(413.437030368581,-99.6394981161579,-0.6));
#17769=CARTESIAN_POINT('Origin',(414.282595536618,-102.777573887487,0.05));
#17770=CARTESIAN_POINT('Origin',(408.290635904977,-101.362803190181,-0.275));
#17771=CARTESIAN_POINT('',(436.307628038273,-94.1501211804378,0.0499999999999995));
#17772=CARTESIAN_POINT('',(436.138515004665,-93.522506026172,-0.6));
#17773=CARTESIAN_POINT('',(408.375192421781,-101.676610767314,0.0499999999999995));
#17774=CARTESIAN_POINT('Origin',(436.984080172702,-96.6605817975011,-0.275));
#17775=CARTESIAN_POINT('',(436.984300515241,-94.0605818068377,0.05));
#17776=CARTESIAN_POINT('',(436.984355600876,-93.410581809172,-0.6));
#17777=CARTESIAN_POINT('Origin',(436.984080172702,-96.6605817975011,0.05));
#17778=CARTESIAN_POINT('Origin',(414.238004251082,-93.7336541223281,-0.275));
#17779=CARTESIAN_POINT('',(450.941631636574,-94.0617646506026,0.0499999999999995));
#17780=CARTESIAN_POINT('',(450.941654779718,-93.4117646502297,-0.6));
#17781=CARTESIAN_POINT('',(414.237976708265,-94.0586541211611,0.0499999999999995));
#17782=CARTESIAN_POINT('Origin',(421.21831882805,-93.7371670286454,-0.275));
#17783=CARTESIAN_POINT('',(421.218323227724,-94.0621670286156,0.0499999999999995));
#17784=CARTESIAN_POINT('Origin',(488.265777806714,-88.6615697231395,-0.275));
#17785=CARTESIAN_POINT('',(490.160710216171,-93.7181724526003,0.05));
#17786=CARTESIAN_POINT('',(489.932616500218,-93.1095073092392,-0.6));
#17787=CARTESIAN_POINT('Origin',(488.265777806714,-88.6615697231395,0.05));
#17788=CARTESIAN_POINT('Origin',(452.352718824689,-107.539425962789,-0.275));
#17789=CARTESIAN_POINT('',(526.30964102421,-80.1715712619871,0.0499999999999995));
#17790=CARTESIAN_POINT('',(526.081547308257,-79.5629061186261,-0.6));
#17791=CARTESIAN_POINT('',(452.466765682666,-107.84375853447,0.0499999999999995));
#17792=CARTESIAN_POINT('Origin',(525.11653543307,-76.9877843582524,-0.275));
#17793=CARTESIAN_POINT('',(528.51653543307,-76.9877843582524,0.05));
#17794=CARTESIAN_POINT('',(527.86653543307,-76.9877843582524,-0.6));
#17795=CARTESIAN_POINT('Origin',(525.11653543307,-76.9877843582524,0.05));
#17796=CARTESIAN_POINT('Origin',(528.19153543307,-68.4196833627229,-0.275));
#17797=CARTESIAN_POINT('',(528.51653543307,0.613437936604804,0.05));
#17798=CARTESIAN_POINT('',(527.86653543307,0.613437936604804,-0.6));
#17799=CARTESIAN_POINT('',(528.51653543307,-68.4196833627229,0.05));
#17800=CARTESIAN_POINT('Origin',(525.11653543307,0.613437936604804,-0.275));
#17801=CARTESIAN_POINT('',(525.463101237325,3.34151274190632,-0.6));
#17802=CARTESIAN_POINT('Origin',(525.11653543307,0.613437936604804,0.05));
#17803=CARTESIAN_POINT('Origin',(463.533804551544,11.5364223790657,-0.275));
#17804=CARTESIAN_POINT('Origin',(445.850081093365,10.9816938641828,10.));
#17805=CARTESIAN_POINT('',(407.169499255623,6.04743081125517,6.4));
#17806=CARTESIAN_POINT('',(407.169499255623,6.04743081125517,5.));
#17807=CARTESIAN_POINT('',(394.536475702894,4.43590744729759,6.4));
#17808=CARTESIAN_POINT('',(423.325011887039,8.10829818426147,6.4));
#17809=CARTESIAN_POINT('',(394.536475702894,4.43590744729759,5.));
#17810=CARTESIAN_POINT('',(390.414319306128,3.91006727011846,12.4));
#17811=CARTESIAN_POINT('',(390.414319306128,3.91006727011846,0.));
#17812=CARTESIAN_POINT('',(399.503401770733,5.06951011350968,12.4));
#17813=CARTESIAN_POINT('',(419.723919704766,7.6489272218567,12.4));
#17814=CARTESIAN_POINT('',(399.503401770723,5.06951011351187,9.));
#17815=CARTESIAN_POINT('',(399.503401770733,5.06951011350968,13.4));
#17816=CARTESIAN_POINT('',(445.850081093365,10.9816938641824,9.));
#17817=CARTESIAN_POINT('',(446.539824546186,11.0696805353639,9.));
#17818=CARTESIAN_POINT('',(445.850081093365,10.9816938641824,0.));
#17819=CARTESIAN_POINT('Origin',(505.744094488189,-38.0246888493776,0.2));
#17820=CARTESIAN_POINT('',(502.244094488189,-38.0246888493776,0.2));
#17821=CARTESIAN_POINT('Origin',(517.335292645401,-7.25542184610283,0.4));
#17822=CARTESIAN_POINT('',(522.335292645401,-7.25542184610284,0.4));
#17823=CARTESIAN_POINT('Origin',(517.335292645401,-7.25542184610284,0.4));
#17824=CARTESIAN_POINT('Origin',(520.51653543307,-73.2554218461028,0.4));
#17825=CARTESIAN_POINT('',(515.51653543307,-73.2554218461028,0.4));
#17826=CARTESIAN_POINT('Origin',(520.51653543307,-73.2554218461028,0.4));
#17827=CARTESIAN_POINT('Origin',(398.335292645401,-94.2554218461028,0.4));
#17828=CARTESIAN_POINT('',(403.335292645401,-94.2554218461028,0.4));
#17829=CARTESIAN_POINT('Origin',(398.335292645401,-94.2554218461028,0.4));
#17830=CARTESIAN_POINT('Origin',(390.644551689103,0.498475996947985,10.));
#17831=CARTESIAN_POINT('',(390.644551689103,-1.00144780289565,3.));
#17832=CARTESIAN_POINT('',(390.644551689103,-1.00144780289565,6.5));
#17833=CARTESIAN_POINT('',(390.644551689083,0.498475996947985,3.));
#17834=CARTESIAN_POINT('',(390.644551689103,0.308307663398342,3.));
#17835=CARTESIAN_POINT('',(390.644551689083,0.498475996947985,10.));
#17836=CARTESIAN_POINT('',(390.644551689083,0.498475996947985,10.));
#17837=CARTESIAN_POINT('',(390.644551689103,-13.8999996870756,10.));
#17838=CARTESIAN_POINT('',(390.644551689103,-85.5459912321319,10.));
#17839=CARTESIAN_POINT('',(390.644551689103,-13.8999996870756,0.299999993294477));
#17840=CARTESIAN_POINT('Origin',(409.618288036607,0.498475996951919,10.));
#17841=CARTESIAN_POINT('',(392.983049439003,0.49847599694847,3.));
#17842=CARTESIAN_POINT('',(400.614663531683,0.498475996950052,3.));
#17843=CARTESIAN_POINT('',(392.983049439003,0.49847599694847,6.5));
#17844=CARTESIAN_POINT('',(394.536475702894,0.498475996948792,6.4));
#17845=CARTESIAN_POINT('',(394.536475702894,0.498475996948792,5.));
#17846=CARTESIAN_POINT('',(407.169499255623,0.498475996951411,6.4));
#17847=CARTESIAN_POINT('',(405.235637757933,0.49847599695101,6.4));
#17848=CARTESIAN_POINT('',(407.169499255623,0.498475996951411,5.));
#17849=CARTESIAN_POINT('',(390.644551689083,0.498475996947985,10.));
#17850=CARTESIAN_POINT('Origin',(487.590652781244,-76.5741173482347,10.));
#17851=CARTESIAN_POINT('',(519.766859257917,-76.5741173482521,3.));
#17852=CARTESIAN_POINT('',(506.349009397978,-76.5741173482448,3.));
#17853=CARTESIAN_POINT('',(519.766859257917,-76.5741173482521,6.));
#17854=CARTESIAN_POINT('',(507.094467488762,-76.5741173482452,3.));
#17855=CARTESIAN_POINT('',(507.094467488762,-76.5741173482452,6.));
#17856=CARTESIAN_POINT('',(503.231445262891,-76.5741173482431,3.));
#17857=CARTESIAN_POINT('',(496.376804578535,-76.5741173482394,3.));
#17858=CARTESIAN_POINT('',(503.231445262891,-76.5741173482431,6.));
#17859=CARTESIAN_POINT('',(491.343852896248,-76.5741173482367,3.));
#17860=CARTESIAN_POINT('',(491.343852896248,-76.5741173482367,6.));
#17861=CARTESIAN_POINT('',(487.590652781244,-76.5741173482347,3.));
#17862=CARTESIAN_POINT('',(488.526628705362,-76.5741173482352,3.));
#17863=CARTESIAN_POINT('',(487.590652781244,-76.5741173482347,10.));
#17864=CARTESIAN_POINT('',(487.590652781244,-76.5741173482347,10.));
#17865=CARTESIAN_POINT('',(525.31653543309,-76.5741173482551,10.));
#17866=CARTESIAN_POINT('',(471.304549663671,-76.5741173482259,10.));
#17867=CARTESIAN_POINT('',(525.31653543309,-76.5741173482551,10.));
#17868=CARTESIAN_POINT('Origin',(514.451208549877,0.572847345694645,3.));
#17869=CARTESIAN_POINT('',(514.451208549877,0.572847345694645,3.));
#17870=CARTESIAN_POINT('',(514.451208549877,0.572847345694645,3.));
#17871=CARTESIAN_POINT('',(525.107366014732,0.572847345694645,3.));
#17872=CARTESIAN_POINT('Origin',(409.738138390093,0.308004751495609,2.));
#17873=CARTESIAN_POINT('',(409.738138390093,0.308004751495609,3.));
#17874=CARTESIAN_POINT('Origin',(390.844551689103,-85.5317187715636,2.));
#17875=CARTESIAN_POINT('',(390.844551689103,-85.5317187715636,3.));
#17876=CARTESIAN_POINT('',(390.844551689103,-85.5317187715636,3.));
#17877=CARTESIAN_POINT('',(390.644551689103,-85.5317187715636,3.));
#17878=CARTESIAN_POINT('',(390.644551689103,-85.5317187715636,3.));
#17879=CARTESIAN_POINT('',(390.844551689103,-85.5317187715636,3.));
#17880=CARTESIAN_POINT('Origin',(385.590263162281,-89.7255498531946,2.));
#17881=CARTESIAN_POINT('',(385.502071926268,-89.573143427346,3.));
#17882=CARTESIAN_POINT('',(385.502071926269,-89.5731434273459,6.));
#17883=CARTESIAN_POINT('',(385.590263162281,-89.7255498531946,3.));
#17884=CARTESIAN_POINT('',(385.590263162281,-89.7255498531946,3.));
#17885=CARTESIAN_POINT('',(385.590263162281,-89.7255498531946,3.));
#17886=CARTESIAN_POINT('Origin',(389.749744521422,-87.1018273213056,10.));
#17887=CARTESIAN_POINT('',(389.749744521422,-87.1018273213056,3.));
#17888=CARTESIAN_POINT('',(390.182892340759,-86.8498198611626,3.));
#17889=CARTESIAN_POINT('',(389.749744521422,-87.1018273213056,10.));
#17890=CARTESIAN_POINT('',(389.749744521422,-87.1018273213056,10.));
#17891=CARTESIAN_POINT('',(385.374331819501,-89.6474632286416,10.));
#17892=CARTESIAN_POINT('',(422.216187556186,-68.2126964430907,10.));
#17893=CARTESIAN_POINT('',(385.374331819501,-89.6474632286416,10.));
#17894=CARTESIAN_POINT('Origin',(385.374331819501,-89.6474632286416,10.));
#17895=CARTESIAN_POINT('',(395.354743484703,-106.982460507673,3.));
#17896=CARTESIAN_POINT('',(394.118018068609,-104.834389622216,3.));
#17897=CARTESIAN_POINT('',(390.319912896041,-98.2374530387772,3.));
#17898=CARTESIAN_POINT('',(394.118018068609,-104.834389622216,6.));
#17899=CARTESIAN_POINT('',(395.354743484703,-106.982460507673,10.));
#17900=CARTESIAN_POINT('',(385.450012127305,-89.7789125088784,10.));
#17901=CARTESIAN_POINT('',(395.354743484703,-106.982460507673,10.));
#17902=CARTESIAN_POINT('Origin',(390.644551689103,0.498475996947985,10.));
#17903=CARTESIAN_POINT('',(390.644551689103,-61.358806691757,3.));
#17904=CARTESIAN_POINT('',(390.644551689103,-61.358806691757,6.5));
#17905=CARTESIAN_POINT('',(390.644551689103,-59.2298859468437,3.));
#17906=CARTESIAN_POINT('',(390.644551689103,-29.8979351611762,3.));
#17907=CARTESIAN_POINT('',(390.644551689103,-59.2298859468437,6.5));
#17908=CARTESIAN_POINT('',(390.644551689103,-42.0999996870756,10.));
#17909=CARTESIAN_POINT('',(390.644551689103,-42.0999996870756,5.79999999329448));
#17910=CARTESIAN_POINT('',(390.644551689103,-85.5459912321319,10.));
#17911=CARTESIAN_POINT('',(390.644551689103,-85.5459912321319,10.));
#17912=CARTESIAN_POINT('',(390.644551689103,-85.5459912321319,3.));
#17913=CARTESIAN_POINT('',(390.644551689103,-85.5459912321319,10.));
#17914=CARTESIAN_POINT('',(390.644551689103,-43.0161967878727,3.));
#17915=CARTESIAN_POINT('Origin',(411.686510391609,-97.5794047067007,3.));
#17916=CARTESIAN_POINT('',(411.536503087597,-97.6660112628455,1.));
#17917=CARTESIAN_POINT('',(411.536503087623,-97.6660112628307,3.));
#17918=CARTESIAN_POINT('',(411.536503087619,-97.6660112628327,6.5));
#17919=CARTESIAN_POINT('',(411.686510391609,-97.5794047067007,1.));
#17920=CARTESIAN_POINT('',(438.816787675274,-81.9157682040108,1.));
#17921=CARTESIAN_POINT('',(411.686510391609,-97.5794047067007,3.));
#17922=CARTESIAN_POINT('',(411.686510391609,-97.5794047067007,3.));
#17923=CARTESIAN_POINT('',(410.091215505892,-98.5004464986147,3.));
#17924=CARTESIAN_POINT('Origin',(413.086507952221,-100.004277245677,3.));
#17925=CARTESIAN_POINT('',(411.719374310067,-97.5607254036875,3.));
#17926=CARTESIAN_POINT('',(411.719374310069,-97.5607254036861,1.));
#17927=CARTESIAN_POINT('',(411.719374310067,-97.5607254036875,3.));
#17928=CARTESIAN_POINT('Origin',(413.086507952221,-100.004277245677,3.));
#17929=CARTESIAN_POINT('Origin',(413.086507952221,-100.004277245677,1.));
#17930=CARTESIAN_POINT('Origin',(395.354743484703,-106.982460507673,10.));
#17931=CARTESIAN_POINT('',(397.288945658583,-105.868867374144,3.));
#17932=CARTESIAN_POINT('',(395.87550177403,-106.682640321834,3.));
#17933=CARTESIAN_POINT('',(411.727503449973,-97.55604515128,10.));
#17934=CARTESIAN_POINT('',(430.101120540047,-86.9776608924414,10.));
#17935=CARTESIAN_POINT('',(411.727503449973,-97.55604515128,3.));
#17936=CARTESIAN_POINT('',(411.727503449973,-97.55604515128,10.));
#17937=CARTESIAN_POINT('',(403.121472813503,-102.510861536623,3.));
#17938=CARTESIAN_POINT('',(438.481378967214,-82.1528300822456,1.));
#17939=CARTESIAN_POINT('',(410.090206459062,-98.4986987741777,3.));
#17940=CARTESIAN_POINT('',(403.121472813503,-102.510861536623,3.));
#17941=CARTESIAN_POINT('',(410.090206459062,-98.4986987741777,6.));
#17942=CARTESIAN_POINT('',(397.288945658583,-105.868867374144,6.));
#17943=CARTESIAN_POINT('Origin',(456.267922859671,-49.4873268633118,1.));
#17944=CARTESIAN_POINT('Origin',(449.13238506477,-88.7879095758192,3.));
#17945=CARTESIAN_POINT('',(449.13238506477,-90.8616113106279,1.));
#17946=CARTESIAN_POINT('',(449.13238506477,-90.8616113106279,3.));
#17947=CARTESIAN_POINT('',(449.13238506477,-90.8616113106279,6.5));
#17948=CARTESIAN_POINT('',(449.13238506477,-88.7879095758192,1.));
#17949=CARTESIAN_POINT('',(449.13238506477,-69.1376182195655,1.));
#17950=CARTESIAN_POINT('',(449.13238506477,-88.7879095758192,3.));
#17951=CARTESIAN_POINT('',(449.13238506477,-88.7879095758192,3.));
#17952=CARTESIAN_POINT('',(449.13238506477,-90.6641859283718,3.));
#17953=CARTESIAN_POINT('Origin',(449.53238506477,-88.7879095758192,3.));
#17954=CARTESIAN_POINT('',(449.429657793167,-88.4013256810835,3.));
#17955=CARTESIAN_POINT('',(449.429657793167,-88.4013256810835,1.));
#17956=CARTESIAN_POINT('',(449.429657793167,-88.4013256810835,3.));
#17957=CARTESIAN_POINT('Origin',(449.53238506477,-88.7879095758192,3.));
#17958=CARTESIAN_POINT('Origin',(449.53238506477,-88.7879095758192,1.));
#17959=CARTESIAN_POINT('Origin',(449.541681483363,-88.7853187706376,10.));
#17960=CARTESIAN_POINT('',(449.541681483414,-88.3853187706376,3.));
#17961=CARTESIAN_POINT('Origin',(449.541681483363,-88.7853187706376,3.));
#17962=CARTESIAN_POINT('',(449.141681483363,-88.7853187705994,1.));
#17963=CARTESIAN_POINT('Origin',(449.541681483363,-88.7853187706376,1.));
#17964=CARTESIAN_POINT('',(449.141681483363,-88.7853187705994,10.));
#17965=CARTESIAN_POINT('',(449.141681483363,-88.7853187705994,10.));
#17966=CARTESIAN_POINT('',(449.541681483414,-88.3853187706376,10.));
#17967=CARTESIAN_POINT('Origin',(449.541681483363,-88.7853187706376,10.));
#17968=CARTESIAN_POINT('',(449.541681483414,-88.3853187706376,10.));
#17969=CARTESIAN_POINT('Origin',(430.658142377968,-90.8600456715959,10.));
#17970=CARTESIAN_POINT('',(432.516518575197,-90.8602031636437,3.));
#17971=CARTESIAN_POINT('',(430.658142377968,-90.8600456715959,3.));
#17972=CARTESIAN_POINT('',(429.756424002509,-90.8599692535523,3.));
#17973=CARTESIAN_POINT('',(430.658142377968,-90.8600456715959,10.));
#17974=CARTESIAN_POINT('',(430.658142377968,-90.8600456715959,10.));
#17975=CARTESIAN_POINT('',(449.141681483275,-90.8616120984727,10.));
#17976=CARTESIAN_POINT('',(442.836558783745,-90.8610777574246,10.));
#17977=CARTESIAN_POINT('',(449.141681483275,-90.8616120984727,1.));
#17978=CARTESIAN_POINT('',(449.141681483275,-90.8616120984727,10.));
#17979=CARTESIAN_POINT('',(452.241807942995,-90.8618748252903,1.));
#17980=CARTESIAN_POINT('',(445.122602807356,-90.8612714930928,3.));
#17981=CARTESIAN_POINT('',(438.842809798957,-90.8607392986634,3.));
#17982=CARTESIAN_POINT('',(445.122602807356,-90.8612714930928,6.));
#17983=CARTESIAN_POINT('',(432.516518575197,-90.8602031636437,6.));
#17984=CARTESIAN_POINT('Origin',(456.267922859671,-49.4873268633118,1.));
#17985=CARTESIAN_POINT('',(449.141681484195,-69.1786419308443,1.));
#17986=CARTESIAN_POINT('Origin',(449.541681483414,-88.3853187706376,10.));
#17987=CARTESIAN_POINT('',(452.25332918483,-88.3853187706376,3.));
#17988=CARTESIAN_POINT('',(448.284587709738,-88.3853187706376,3.));
#17989=CARTESIAN_POINT('',(466.74074168145,-88.3853187706376,10.));
#17990=CARTESIAN_POINT('',(452.280064014763,-88.3853187706376,10.));
#17991=CARTESIAN_POINT('',(466.74074168145,-88.3853187706376,10.));
#17992=CARTESIAN_POINT('',(466.572755324959,-88.3853187706376,3.));
#17993=CARTESIAN_POINT('',(466.572755324959,-88.3853187706376,6.));
#17994=CARTESIAN_POINT('',(463.442192525093,-88.3853187706376,3.));
#17995=CARTESIAN_POINT('',(457.27457770422,-88.3853187706376,3.));
#17996=CARTESIAN_POINT('',(463.442192525093,-88.3853187706376,6.));
#17997=CARTESIAN_POINT('',(452.25332918483,-88.3853187706376,6.));
#17998=CARTESIAN_POINT('Origin',(487.181356362713,-76.9767081534164,3.));
#17999=CARTESIAN_POINT('',(487.181356362713,-90.8615697231309,1.));
#18000=CARTESIAN_POINT('',(487.181356362713,-90.8615697231309,3.));
#18001=CARTESIAN_POINT('',(487.181356362713,-90.8615697231309,6.5));
#18002=CARTESIAN_POINT('',(487.181356362713,-76.9767081534164,1.));
#18003=CARTESIAN_POINT('',(487.181356362713,-63.2320175083641,1.));
#18004=CARTESIAN_POINT('',(487.181356362713,-76.9767081534164,3.));
#18005=CARTESIAN_POINT('',(487.181356362713,-76.9767081534164,3.));
#18006=CARTESIAN_POINT('',(487.181356362713,-90.6641859283718,3.));
#18007=CARTESIAN_POINT('Origin',(487.581356362713,-76.9767081534164,3.));
#18008=CARTESIAN_POINT('',(487.478629091094,-76.590124258685,3.));
#18009=CARTESIAN_POINT('',(487.478629091094,-76.590124258685,1.));
#18010=CARTESIAN_POINT('',(487.478629091094,-76.590124258685,3.));
#18011=CARTESIAN_POINT('Origin',(487.581356362713,-76.9767081534164,3.));
#18012=CARTESIAN_POINT('Origin',(487.581356362713,-76.9767081534164,1.));
#18013=CARTESIAN_POINT('Origin',(456.267922859671,-49.4873268633118,1.));
#18014=CARTESIAN_POINT('',(487.190652781307,-90.8615697231309,1.));
#18015=CARTESIAN_POINT('',(471.268043203801,-90.8615697231309,1.));
#18016=CARTESIAN_POINT('',(487.190652781305,-76.9741173482114,1.));
#18017=CARTESIAN_POINT('',(487.190652781303,-63.27304121978,1.));
#18018=CARTESIAN_POINT('Origin',(487.590652781305,-76.9741173482347,1.));
#18019=CARTESIAN_POINT('Origin',(487.590652781305,-76.9741173482347,10.));
#18020=CARTESIAN_POINT('Origin',(487.590652781305,-76.9741173482347,3.));
#18021=CARTESIAN_POINT('',(487.190652781305,-76.9741173482114,10.));
#18022=CARTESIAN_POINT('',(487.190652781305,-76.9741173482114,10.));
#18023=CARTESIAN_POINT('Origin',(487.590652781305,-76.9741173482347,10.));
#18024=CARTESIAN_POINT('Origin',(390.844551689103,-85.5317187715636,3.));
#18025=CARTESIAN_POINT('',(390.844551689103,-86.6851124374671,3.));
#18026=CARTESIAN_POINT('',(390.844551689103,-86.6851124374671,3.));
#18027=CARTESIAN_POINT('',(390.844551689103,-86.6851124374671,3.));
#18028=CARTESIAN_POINT('Origin',(387.914445437339,-93.7511513121637,3.));
#18029=CARTESIAN_POINT('',(387.914445437339,-93.7511513121637,3.));
#18030=CARTESIAN_POINT('',(387.914445437339,-93.7511513121637,3.));
#18031=CARTESIAN_POINT('',(385.590263162281,-89.7255498531946,3.));
#18032=CARTESIAN_POINT('Origin',(389.040278439363,-93.1011512725056,3.));
#18033=CARTESIAN_POINT('',(389.040278439363,-93.1011512725056,3.));
#18034=CARTESIAN_POINT('',(389.040278439363,-93.1011512725056,3.));
#18035=CARTESIAN_POINT('',(387.914445437339,-93.7511513121637,3.));
#18036=CARTESIAN_POINT('Origin',(387.365459258402,-90.2002795935766,3.));
#18037=CARTESIAN_POINT('',(387.365459258402,-90.2002795935766,3.));
#18038=CARTESIAN_POINT('',(387.365459258402,-90.2002795935766,3.));
#18039=CARTESIAN_POINT('',(389.040278439363,-93.1011512725056,3.));
#18040=CARTESIAN_POINT('Origin',(392.144551689103,-87.4348183203044,3.));
#18041=CARTESIAN_POINT('',(392.144551689103,-87.4348183203044,3.));
#18042=CARTESIAN_POINT('',(392.144551689103,-87.4348183203044,3.));
#18043=CARTESIAN_POINT('',(387.365459258402,-90.2002795935766,3.));
#18044=CARTESIAN_POINT('Origin',(392.144551689103,-85.9328567095472,3.));
#18045=CARTESIAN_POINT('',(392.144551689103,-85.9328567095472,3.));
#18046=CARTESIAN_POINT('',(392.144551689103,-85.9328567095472,3.));
#18047=CARTESIAN_POINT('',(392.144551689103,-87.4348183203044,3.));
#18048=CARTESIAN_POINT('Origin',(390.844551689103,-86.6851124374671,3.));
#18049=CARTESIAN_POINT('',(392.144551689103,-85.9328567095472,3.));
#18050=CARTESIAN_POINT('Origin',(388.867407425692,-89.6414350418637,3.));
#18051=CARTESIAN_POINT('Origin',(388.844551689103,-85.5459912321407,3.));
#18052=CARTESIAN_POINT('Origin',(395.731703980719,-105.421265671488,3.));
#18053=CARTESIAN_POINT('',(396.548887148049,-104.587045455366,3.));
#18054=CARTESIAN_POINT('',(395.890968726157,-104.966893950875,3.));
#18055=CARTESIAN_POINT('',(396.548887148049,-104.587045455366,3.));
#18056=CARTESIAN_POINT('',(395.390354947985,-104.09980552265,3.));
#18057=CARTESIAN_POINT('',(395.890968726157,-104.966893950875,3.));
#18058=CARTESIAN_POINT('',(395.390354947985,-104.09980552265,3.));
#18059=CARTESIAN_POINT('',(397.198886015476,-105.712879134176,3.));
#18060=CARTESIAN_POINT('Origin',(394.264521945962,-104.749805562308,3.));
#18061=CARTESIAN_POINT('',(395.390354947985,-104.09980552265,3.));
#18062=CARTESIAN_POINT('Origin',(395.390354947985,-104.09980552265,3.));
#18063=CARTESIAN_POINT('',(395.890968726157,-104.966893950875,3.));
#18064=CARTESIAN_POINT('Origin',(395.890968726157,-104.966893950875,3.));
#18065=CARTESIAN_POINT('',(396.548887148049,-104.587045455366,3.));
#18066=CARTESIAN_POINT('Origin',(396.548887148049,-104.587045455366,3.));
#18067=CARTESIAN_POINT('Origin',(432.516518575197,-89.3641859283719,3.));
#18068=CARTESIAN_POINT('',(432.516518575197,-89.3641859283719,3.));
#18069=CARTESIAN_POINT('',(432.516518575197,-89.3641859283719,3.));
#18070=CARTESIAN_POINT('',(432.516518575197,-90.6641859283718,3.));
#18071=CARTESIAN_POINT('Origin',(428.459024765127,-89.3641859283719,3.));
#18072=CARTESIAN_POINT('',(428.459024765127,-89.3641859283719,3.));
#18073=CARTESIAN_POINT('',(428.459024765127,-89.3641859283719,3.));
#18074=CARTESIAN_POINT('',(432.516518575197,-89.3641859283719,3.));
#18075=CARTESIAN_POINT('Origin',(428.764414528829,-90.5037328812429,3.));
#18076=CARTESIAN_POINT('',(428.764414528829,-90.5037328812429,3.));
#18077=CARTESIAN_POINT('',(428.764414528829,-90.5037328812429,3.));
#18078=CARTESIAN_POINT('',(428.459024765127,-89.3641859283719,3.));
#18079=CARTESIAN_POINT('Origin',(428.764414528829,-91.3364039074179,3.));
#18080=CARTESIAN_POINT('',(428.764414528829,-91.3364039074179,3.));
#18081=CARTESIAN_POINT('',(428.764414528829,-91.3364039074179,3.));
#18082=CARTESIAN_POINT('',(428.764414528829,-90.5037328812429,3.));
#18083=CARTESIAN_POINT('Origin',(427.307159820005,-91.7282021490701,3.));
#18084=CARTESIAN_POINT('',(427.307159820005,-91.7282021490701,3.));
#18085=CARTESIAN_POINT('',(427.307159820005,-91.7282021490701,3.));
#18086=CARTESIAN_POINT('',(428.764414528829,-91.3364039074179,3.));
#18087=CARTESIAN_POINT('Origin',(427.644691899596,-92.9836192491795,3.));
#18088=CARTESIAN_POINT('',(427.691478925928,-93.1576389541859,3.));
#18089=CARTESIAN_POINT('',(427.691478925928,-93.1576389541858,6.));
#18090=CARTESIAN_POINT('',(427.307159820005,-91.7282021490701,3.));
#18091=CARTESIAN_POINT('Origin',(429.911839197601,-91.1739025887757,3.));
#18092=CARTESIAN_POINT('',(430.256122328223,-92.4665870843753,3.));
#18093=CARTESIAN_POINT('',(420.648668506512,-95.0553481268156,3.));
#18094=CARTESIAN_POINT('',(430.258109021091,-91.2593873896483,3.));
#18095=CARTESIAN_POINT('',(430.255962650311,-92.5636142236792,3.));
#18096=CARTESIAN_POINT('Origin',(430.658108479424,-91.2600456701596,3.));
#18097=CARTESIAN_POINT('Origin',(487.762630029531,-82.870447040894,3.));
#18098=CARTESIAN_POINT('',(491.343852896248,-75.0767081534163,3.));
#18099=CARTESIAN_POINT('',(485.681356362713,-75.0767081534163,3.));
#18100=CARTESIAN_POINT('',(491.343852896248,-75.0767081534163,3.));
#18101=CARTESIAN_POINT('',(485.681356362713,-89.3641859283719,3.));
#18102=CARTESIAN_POINT('',(485.681356362713,-75.0767081534163,3.));
#18103=CARTESIAN_POINT('',(484.181407162814,-89.3641859283719,3.));
#18104=CARTESIAN_POINT('',(485.681356362713,-89.3641859283719,3.));
#18105=CARTESIAN_POINT('',(484.181407162814,-90.8615697231309,3.));
#18106=CARTESIAN_POINT('',(484.181407162814,-89.3641859283719,3.));
#18107=CARTESIAN_POINT('',(478.301673155494,-90.8615697231309,3.));
#18108=CARTESIAN_POINT('',(491.343852896248,-76.3767081534163,3.));
#18109=CARTESIAN_POINT('Origin',(484.181407162814,-90.6641859283718,3.));
#18110=CARTESIAN_POINT('',(484.181407162814,-90.8615697231309,6.));
#18111=CARTESIAN_POINT('',(484.181407162814,-89.3641859283719,3.));
#18112=CARTESIAN_POINT('Origin',(484.181407162814,-89.3641859283719,3.));
#18113=CARTESIAN_POINT('',(485.681356362713,-89.3641859283719,3.));
#18114=CARTESIAN_POINT('Origin',(485.681356362713,-89.3641859283719,3.));
#18115=CARTESIAN_POINT('',(485.681356362713,-75.0767081534163,3.));
#18116=CARTESIAN_POINT('Origin',(485.681356362713,-75.0767081534163,3.));
#18117=CARTESIAN_POINT('',(491.343852896248,-75.0767081534163,3.));
#18118=CARTESIAN_POINT('Origin',(491.343852896248,-75.0767081534163,3.));
#18119=CARTESIAN_POINT('Origin',(411.53205486411,0.273672847345665,3.));
#18120=CARTESIAN_POINT('',(411.53205486411,0.273672847345665,3.));
#18121=CARTESIAN_POINT('Origin',(411.53205486411,1.54879349758698,3.));
#18122=CARTESIAN_POINT('',(411.53205486411,1.54879349758698,3.));
#18123=CARTESIAN_POINT('Origin',(413.033033198787,1.54879349758698,3.));
#18124=CARTESIAN_POINT('',(413.033033198787,1.54879349758698,3.));
#18125=CARTESIAN_POINT('Origin',(430.533044702373,1.58036825239742,3.));
#18126=CARTESIAN_POINT('',(430.533044702373,1.58036825239742,3.));
#18127=CARTESIAN_POINT('Origin',(430.528970381433,3.83852239286579,3.));
#18128=CARTESIAN_POINT('',(430.528970381433,3.83852239286579,3.));
#18129=CARTESIAN_POINT('Origin',(449.630794532213,3.83852239286579,3.));
#18130=CARTESIAN_POINT('',(449.630794532213,3.83852239286579,3.));
#18131=CARTESIAN_POINT('Origin',(449.631930345531,6.33578867157735,3.));
#18132=CARTESIAN_POINT('',(449.631930345531,6.33578867157735,3.));
#18133=CARTESIAN_POINT('Origin',(466.631445262891,6.33578867157735,3.));
#18134=CARTESIAN_POINT('',(466.631445262891,6.33578867157735,3.));
#18135=CARTESIAN_POINT('Origin',(466.631445262891,3.83578867157723,3.));
#18136=CARTESIAN_POINT('',(466.631445262891,3.83578867157723,3.));
#18137=CARTESIAN_POINT('Origin',(485.681356362713,3.83578867157723,3.));
#18138=CARTESIAN_POINT('',(485.681356362713,3.83578867157723,3.));
#18139=CARTESIAN_POINT('Origin',(485.681356362713,2.33562060170322,3.));
#18140=CARTESIAN_POINT('',(485.681356362713,2.33562060170322,3.));
#18141=CARTESIAN_POINT('Origin',(485.682784608801,-0.927152654305361,3.));
#18142=CARTESIAN_POINT('',(485.682784608801,-0.92715265430536,3.));
#18143=CARTESIAN_POINT('Origin',(499.676161539219,-0.92715265430536,3.));
#18144=CARTESIAN_POINT('',(499.676161539219,-0.92715265430536,3.));
#18145=CARTESIAN_POINT('Origin',(499.676161539219,0.37284734569464,3.));
#18146=CARTESIAN_POINT('Origin',(505.162956375827,-75.7267081534163,3.));
#18147=CARTESIAN_POINT('',(507.094467488762,-75.0767081534163,3.));
#18148=CARTESIAN_POINT('',(503.231445262891,-75.0767081534163,3.));
#18149=CARTESIAN_POINT('',(507.094467488762,-75.0767081534163,3.));
#18150=CARTESIAN_POINT('',(503.231445262891,-75.0767081534163,3.));
#18151=CARTESIAN_POINT('',(507.094467488762,-76.3767081534163,3.));
#18152=CARTESIAN_POINT('Origin',(507.094467488762,-75.0767081534163,3.));
#18153=CARTESIAN_POINT('',(507.094467488762,-75.0767081534163,3.));
#18154=CARTESIAN_POINT('Origin',(503.231445262891,-76.3767081534163,3.));
#18155=CARTESIAN_POINT('',(503.231445262891,-75.0767081534163,3.));
#18156=CARTESIAN_POINT('Origin',(503.231445262891,-75.0767081534163,3.));
#18157=CARTESIAN_POINT('Origin',(414.473913875128,-95.178555176201,3.));
#18158=CARTESIAN_POINT('',(414.473913875128,-95.178555176201,3.));
#18159=CARTESIAN_POINT('',(414.473913875128,-95.178555176201,3.));
#18160=CARTESIAN_POINT('',(414.860140459145,-96.6150866569383,3.));
#18161=CARTESIAN_POINT('',(414.811445954719,-96.4339722763104,3.));
#18162=CARTESIAN_POINT('',(414.860140459145,-96.6150866569383,6.));
#18163=CARTESIAN_POINT('Origin',(411.425161883183,-95.9982441862584,3.));
#18164=CARTESIAN_POINT('',(411.425161883183,-95.9982441862584,3.));
#18165=CARTESIAN_POINT('',(411.425161883183,-95.9982441862584,3.));
#18166=CARTESIAN_POINT('',(414.473913875128,-95.178555176201,3.));
#18167=CARTESIAN_POINT('Origin',(409.341216812707,-97.2014076384489,3.));
#18168=CARTESIAN_POINT('',(409.341216812707,-97.2014076384489,3.));
#18169=CARTESIAN_POINT('',(409.341216812707,-97.2014076384489,3.));
#18170=CARTESIAN_POINT('',(411.425161883183,-95.9982441862584,3.));
#18171=CARTESIAN_POINT('Origin',(409.991215680134,-98.3272413172593,3.));
#18172=CARTESIAN_POINT('',(409.341216812707,-97.2014076384489,3.));
#18173=CARTESIAN_POINT('Origin',(412.076331383713,-96.7528982467302,3.));
#18174=CARTESIAN_POINT('',(412.396080780771,-97.2790359009312,3.));
#18175=CARTESIAN_POINT('Origin',(413.124567694767,-99.9826088731148,3.));
#18176=CARTESIAN_POINT('',(411.573051319881,-97.5008039827427,3.));
#18177=CARTESIAN_POINT('Origin',(391.494551689103,-60.2943463193004,3.));
#18178=CARTESIAN_POINT('',(392.144551689103,-61.358806691757,3.));
#18179=CARTESIAN_POINT('',(392.144551689103,-59.2298859468437,3.));
#18180=CARTESIAN_POINT('',(392.144551689103,-61.358806691757,3.));
#18181=CARTESIAN_POINT('',(392.144551689103,-59.2298859468437,3.));
#18182=CARTESIAN_POINT('',(390.844551689103,-61.358806691757,3.));
#18183=CARTESIAN_POINT('Origin',(392.144551689103,-61.358806691757,3.));
#18184=CARTESIAN_POINT('',(392.144551689103,-61.358806691757,3.));
#18185=CARTESIAN_POINT('Origin',(390.844551689103,-59.2298859468437,3.));
#18186=CARTESIAN_POINT('',(392.144551689103,-59.2298859468437,3.));
#18187=CARTESIAN_POINT('Origin',(392.144551689103,-59.2298859468437,3.));
#18188=CARTESIAN_POINT('Origin',(452.25332918483,-86.8879095758192,3.));
#18189=CARTESIAN_POINT('',(452.25332918483,-86.8879095758192,3.));
#18190=CARTESIAN_POINT('',(452.25332918483,-86.8879095758192,3.));
#18191=CARTESIAN_POINT('',(452.25332918483,-88.1879095758192,3.));
#18192=CARTESIAN_POINT('Origin',(447.63238506477,-86.8879095758192,3.));
#18193=CARTESIAN_POINT('',(447.63238506477,-86.8879095758192,3.));
#18194=CARTESIAN_POINT('',(447.63238506477,-86.8879095758192,3.));
#18195=CARTESIAN_POINT('',(452.25332918483,-86.8879095758192,3.));
#18196=CARTESIAN_POINT('Origin',(447.63238506477,-89.3641859283719,3.));
#18197=CARTESIAN_POINT('',(447.63238506477,-89.3641859283719,3.));
#18198=CARTESIAN_POINT('',(447.63238506477,-89.3641859283719,3.));
#18199=CARTESIAN_POINT('',(447.63238506477,-86.8879095758192,3.));
#18200=CARTESIAN_POINT('Origin',(445.122602807356,-89.3641859283719,3.));
#18201=CARTESIAN_POINT('',(445.122602807356,-89.3641859283719,3.));
#18202=CARTESIAN_POINT('',(445.122602807356,-89.3641859283719,3.));
#18203=CARTESIAN_POINT('',(447.63238506477,-89.3641859283719,3.));
#18204=CARTESIAN_POINT('Origin',(445.122602807356,-90.6641859283718,3.));
#18205=CARTESIAN_POINT('',(445.122602807356,-89.3641859283719,3.));
#18206=CARTESIAN_POINT('Origin',(448.687965996093,-88.7760477520955,3.));
#18207=CARTESIAN_POINT('Origin',(519.779287282304,-38.0019304038608,3.));
#18208=CARTESIAN_POINT('',(514.451208549877,-0.927152654305363,3.));
#18209=CARTESIAN_POINT('',(523.807366014732,-0.927152654305363,3.));
#18210=CARTESIAN_POINT('',(514.451208549877,-0.927152654305363,3.));
#18211=CARTESIAN_POINT('',(523.807366014732,-75.0767081534163,3.));
#18212=CARTESIAN_POINT('',(523.807366014732,-0.927152654305363,3.));
#18213=CARTESIAN_POINT('',(519.766859257917,-75.0767081534163,3.));
#18214=CARTESIAN_POINT('',(523.807366014732,-75.0767081534163,3.));
#18215=CARTESIAN_POINT('',(519.766859257917,-75.0767081534163,3.));
#18216=CARTESIAN_POINT('',(514.451208549877,0.372847345694645,3.));
#18217=CARTESIAN_POINT('Origin',(519.766859257917,-76.3767081534163,3.));
#18218=CARTESIAN_POINT('',(519.766859257917,-75.0767081534163,3.));
#18219=CARTESIAN_POINT('Origin',(519.766859257917,-75.0767081534163,3.));
#18220=CARTESIAN_POINT('',(523.807366014732,-75.0767081534163,3.));
#18221=CARTESIAN_POINT('Origin',(523.807366014732,-75.0767081534163,3.));
#18222=CARTESIAN_POINT('',(523.807366014732,-0.927152654305363,3.));
#18223=CARTESIAN_POINT('Origin',(523.807366014732,-0.927152654305363,3.));
#18224=CARTESIAN_POINT('',(514.451208549877,-0.927152654305363,3.));
#18225=CARTESIAN_POINT('Origin',(514.451208549877,-0.927152654305363,3.));
#18226=CARTESIAN_POINT('Origin',(392.983049439003,0.298552197104345,3.));
#18227=CARTESIAN_POINT('',(392.983049439003,-1.00144780289565,3.));
#18228=CARTESIAN_POINT('',(392.983049439003,-1.00144780289565,3.));
#18229=CARTESIAN_POINT('',(392.983049439003,-1.00144780289565,3.));
#18230=CARTESIAN_POINT('Origin',(392.983049439003,-1.00144780289565,3.));
#18231=CARTESIAN_POINT('',(390.844551689103,-1.00144780289565,3.));
#18232=CARTESIAN_POINT('Origin',(391.913800564053,-0.351447802895652,3.));
#18233=CARTESIAN_POINT('Origin',(465.007473925026,-87.5379095758192,3.));
#18234=CARTESIAN_POINT('',(466.572755324959,-86.8879095758192,3.));
#18235=CARTESIAN_POINT('',(463.442192525093,-86.8879095758192,3.));
#18236=CARTESIAN_POINT('',(466.572755324959,-86.8879095758192,3.));
#18237=CARTESIAN_POINT('',(463.442192525093,-86.8879095758192,3.));
#18238=CARTESIAN_POINT('',(466.572755324959,-88.1879095758192,3.));
#18239=CARTESIAN_POINT('Origin',(466.572755324959,-86.8879095758192,3.));
#18240=CARTESIAN_POINT('',(466.572755324959,-86.8879095758192,3.));
#18241=CARTESIAN_POINT('Origin',(463.442192525093,-88.1879095758192,3.));
#18242=CARTESIAN_POINT('',(463.442192525093,-86.8879095758192,3.));
#18243=CARTESIAN_POINT('Origin',(463.442192525093,-86.8879095758192,3.));
#18244=CARTESIAN_POINT('Origin',(390.344551689103,-13.4999996870756,0.299999993294477));
#18245=CARTESIAN_POINT('',(390.844551689103,-13.4999996870756,10.));
#18246=CARTESIAN_POINT('Origin',(390.344551689103,-13.4999996870756,10.));
#18247=CARTESIAN_POINT('',(390.844551689103,-13.4999996870756,11.599999986589));
#18248=CARTESIAN_POINT('',(390.844551689103,-13.4999996870756,0.299999993294477));
#18249=CARTESIAN_POINT('',(390.444551689103,-13.9898976356322,11.599999986589));
#18250=CARTESIAN_POINT('Origin',(390.344551689103,-13.4999996870756,11.599999986589));
#18251=CARTESIAN_POINT('',(390.444551689103,-13.9898976356322,0.6));
#18252=CARTESIAN_POINT('',(390.444551689103,-13.9898976356323,0.299999993294477));
#18253=CARTESIAN_POINT('',(390.844551689103,-13.4999996870756,0.6));
#18254=CARTESIAN_POINT('Origin',(390.344551689103,-13.4999996870756,0.6));
#18255=CARTESIAN_POINT('',(390.844551689103,-13.4999996870756,0.299999993294477));
#18256=CARTESIAN_POINT('Origin',(394.536475702894,0.00299937566104309,0.));
#18257=CARTESIAN_POINT('',(394.536475702894,0.00299937566104309,0.));
#18258=CARTESIAN_POINT('',(394.536475702894,0.00299937566104309,6.4));
#18259=CARTESIAN_POINT('Origin',(502.46735537846,-0.924561849123733,0.));
#18260=CARTESIAN_POINT('',(503.24064008128,-2.42456184912373,4.));
#18261=CARTESIAN_POINT('Origin',(510.766129032258,2.37543815087627,0.));
#18262=CARTESIAN_POINT('',(510.766129032258,2.37543815087627,4.));
#18263=CARTESIAN_POINT('Origin',(388.444551689103,-84.1623477122266,0.));
#18264=CARTESIAN_POINT('',(387.945996229146,-85.0292055167985,9.670617319512));
#18265=CARTESIAN_POINT('',(387.444551689103,-84.1623477122266,9.670617319512));
#18266=CARTESIAN_POINT('Origin',(388.444551689103,-84.1623477122266,9.67061731951243));
#18267=CARTESIAN_POINT('',(387.945996229146,-85.0292055167985,12.9014445400432));
#18268=CARTESIAN_POINT('',(387.945996229146,-85.0292055167985,0.));
#18269=CARTESIAN_POINT('',(387.444551689103,-84.16568053114,12.4));
#18270=CARTESIAN_POINT('Origin',(388.444551689103,-84.1623477122266,13.4000000000001));
#18271=CARTESIAN_POINT('',(387.444551689103,-84.1623477122266,12.4));
#18272=CARTESIAN_POINT('',(387.444551689103,-20.8307446931711,12.4));
#18273=CARTESIAN_POINT('',(387.444551689103,-84.1623477122266,0.));
#18274=CARTESIAN_POINT('Ctrl Pts',(387.945996229146,-85.0292055167985,9.67061731951196));
#18275=CARTESIAN_POINT('Ctrl Pts',(387.930757178304,-85.0204410897356,9.65303767638929));
#18276=CARTESIAN_POINT('Ctrl Pts',(387.915682655887,-85.0117712878172,9.6356478318991));
#18277=CARTESIAN_POINT('Ctrl Pts',(387.900876511574,-85.0032558380524,9.61856758617176));
#18278=CARTESIAN_POINT('Ctrl Pts',(387.794460128515,-84.9420526412615,9.67061731951197));
#18279=CARTESIAN_POINT('Ctrl Pts',(387.783304757841,-84.932059148233,9.6512768164377));
#18280=CARTESIAN_POINT('Ctrl Pts',(387.77229046699,-84.9224569320092,9.63194691467974));
#18281=CARTESIAN_POINT('Ctrl Pts',(387.761555308987,-84.9131919751246,9.6127920461267));
#18282=CARTESIAN_POINT('Ctrl Pts',(387.538612684347,-84.6863992523422,9.67061731951198));
#18283=CARTESIAN_POINT('Ctrl Pts',(387.535377698097,-84.6776433378781,9.64608526524469));
#18284=CARTESIAN_POINT('Ctrl Pts',(387.532223810944,-84.6695883070031,9.62139715307455));
#18285=CARTESIAN_POINT('Ctrl Pts',(387.529156255608,-84.6623605467274,9.59670693815806));
#18286=CARTESIAN_POINT('Ctrl Pts',(387.444551689103,-84.3371585056827,9.670617319512));
#18287=CARTESIAN_POINT('Ctrl Pts',(387.444579075432,-84.3342242166221,9.63900415135454));
#18288=CARTESIAN_POINT('Ctrl Pts',(387.444528252095,-84.3322514822423,9.60723293994583));
#18289=CARTESIAN_POINT('Ctrl Pts',(387.444551689103,-84.3313380169341,9.57547940233529));
#18290=CARTESIAN_POINT('Ctrl Pts',(387.444551689103,-84.1623477122266,9.670617319512));
#18291=CARTESIAN_POINT('Ctrl Pts',(387.444551689103,-84.1623477122266,9.63545803326617));
#18292=CARTESIAN_POINT('Ctrl Pts',(387.444551689103,-84.1634175667353,9.60014496247958));
#18293=CARTESIAN_POINT('Ctrl Pts',(387.444551689103,-84.1656805312692,9.56485625770082));
#18294=CARTESIAN_POINT('',(387.900876511574,-85.0032558380524,9.61856758617177));
#18295=CARTESIAN_POINT('',(387.444551689103,-84.1656805312047,9.56485625769672));
#18296=CARTESIAN_POINT('Origin',(388.444551689103,-84.1656805312692,9.56485625770085));
#18297=CARTESIAN_POINT('',(387.798095274132,-84.9441433205925,9.5));
#18298=CARTESIAN_POINT('Ctrl Pts',(387.444551689103,-84.1656805312692,9.56485625770082));
#18299=CARTESIAN_POINT('Ctrl Pts',(387.444551689103,-84.1634175667353,9.60014496247958));
#18300=CARTESIAN_POINT('Ctrl Pts',(387.444551689103,-84.1623477122266,9.63545803326617));
#18301=CARTESIAN_POINT('Ctrl Pts',(387.444551689103,-84.1623477122266,9.670617319512));
#18302=CARTESIAN_POINT('Ctrl Pts',(387.900876511573,-85.0032558380514,9.61856758616978));
#18303=CARTESIAN_POINT('Ctrl Pts',(387.896821248115,-85.000923536574,9.6138894677563));
#18304=CARTESIAN_POINT('Ctrl Pts',(387.888741812764,-84.9962768152936,9.60456909790055));
#18305=CARTESIAN_POINT('Ctrl Pts',(387.8727320662,-84.9870691384176,9.58610038656231));
#18306=CARTESIAN_POINT('Ctrl Pts',(387.845143584411,-84.9712021898182,9.55427454194962));
#18307=CARTESIAN_POINT('Ctrl Pts',(387.761759414016,-84.9232454970308,9.4580832520348));
#18308=CARTESIAN_POINT('Ctrl Pts',(387.649707677554,-84.8588012424874,9.3288212948013));
#18309=CARTESIAN_POINT('Ctrl Pts',(387.576852282361,-84.8168999584832,9.24477591295389));
#18310=CARTESIAN_POINT('Ctrl Pts',(387.56530626631,-84.8102595045206,9.23145652424809));
#18311=CARTESIAN_POINT('Ctrl Pts',(387.565306922874,-84.8102630092103,9.23145471149488));
#18312=CARTESIAN_POINT('Ctrl Pts',(387.62223410638,-84.8231281121838,9.60701650608006));
#18313=CARTESIAN_POINT('Ctrl Pts',(387.620355271542,-84.8203046691705,9.60121126654656));
#18314=CARTESIAN_POINT('Ctrl Pts',(387.616596713975,-84.814741752669,9.58958915272314));
#18315=CARTESIAN_POINT('Ctrl Pts',(387.609107418728,-84.8039202046017,9.56635714414608));
#18316=CARTESIAN_POINT('Ctrl Pts',(387.596050945476,-84.7859142440878,9.52573884399107));
#18317=CARTESIAN_POINT('Ctrl Pts',(387.555662045649,-84.734905463635,9.39983858949676));
#18318=CARTESIAN_POINT('Ctrl Pts',(387.494450095533,-84.6890720717209,9.21201163864806));
#18319=CARTESIAN_POINT('Ctrl Pts',(387.433029543045,-84.6914562984351,9.07095237995906));
#18320=CARTESIAN_POINT('Ctrl Pts',(387.41071595746,-84.7077387003353,9.04633640182484));
#18321=CARTESIAN_POINT('Ctrl Pts',(387.404833443404,-84.7179668567386,9.04633640182482));
#18322=CARTESIAN_POINT('Ctrl Pts',(387.444551689082,-84.4969955025553,9.58610254696696));
#18323=CARTESIAN_POINT('Ctrl Pts',(387.444494023573,-84.4956430358012,9.57838133503024));
#18324=CARTESIAN_POINT('Ctrl Pts',(387.444344614705,-84.4930261174307,9.56292095698476));
#18325=CARTESIAN_POINT('Ctrl Pts',(387.443931610224,-84.4881142318288,9.53200031058367));
#18326=CARTESIAN_POINT('Ctrl Pts',(387.442894155848,-84.4805021816989,9.47785172615472));
#18327=CARTESIAN_POINT('Ctrl Pts',(387.437629448261,-84.46236882306,9.3095261019149));
#18328=CARTESIAN_POINT('Ctrl Pts',(387.419043062584,-84.4720773067057,9.0510838875084));
#18329=CARTESIAN_POINT('Ctrl Pts',(387.372311100063,-84.5574059354082,8.83123114379478));
#18330=CARTESIAN_POINT('Ctrl Pts',(387.331591493292,-84.6291447619655,8.78614913086073));
#18331=CARTESIAN_POINT('Ctrl Pts',(387.311409493675,-84.6642359910967,8.78614913086069));
#18332=CARTESIAN_POINT('Ctrl Pts',(387.444551689103,-84.1656805312048,9.56485625769671));
#18333=CARTESIAN_POINT('Ctrl Pts',(387.444551689103,-84.1659904335394,9.55519101386715));
#18334=CARTESIAN_POINT('Ctrl Pts',(387.444552483245,-84.1667013171753,9.53584006750318));
#18335=CARTESIAN_POINT('Ctrl Pts',(387.444544790754,-84.1684846030216,9.49713784762763));
#18336=CARTESIAN_POINT('Ctrl Pts',(387.444551537274,-84.1726454991266,9.42932558691309));
#18337=CARTESIAN_POINT('Ctrl Pts',(387.444173419749,-84.1919824860201,9.21831743455));
#18338=CARTESIAN_POINT('Ctrl Pts',(387.44313295597,-84.2645048853251,8.88928451209106));
#18339=CARTESIAN_POINT('Ctrl Pts',(387.411102504407,-84.4516244486224,8.59014648235209));
#18340=CARTESIAN_POINT('Ctrl Pts',(387.350251752947,-84.596699441402,8.5243497430616));
#18341=CARTESIAN_POINT('Ctrl Pts',(387.311409493675,-84.6642359910966,8.52434974306153));
#18342=CARTESIAN_POINT('',(387.441394116609,-84.2450856614836,9.01556096154504));
#18343=CARTESIAN_POINT('',(387.56530626631,-84.8102595045206,9.23145652424808));
#18344=CARTESIAN_POINT('Ctrl Pts',(387.441394116609,-84.2450856614837,9.01556096154481));
#18345=CARTESIAN_POINT('Ctrl Pts',(387.436633352264,-84.3048517227681,8.99631837796132));
#18346=CARTESIAN_POINT('Ctrl Pts',(387.433581374479,-84.366639750238,8.98640649894464));
#18347=CARTESIAN_POINT('Ctrl Pts',(387.434868928298,-84.4546954267079,8.99272130152805));
#18348=CARTESIAN_POINT('Ctrl Pts',(387.435911609745,-84.4794834900466,8.99679237479529));
#18349=CARTESIAN_POINT('Ctrl Pts',(387.441677157701,-84.5521253147919,9.01549159801567));
#18350=CARTESIAN_POINT('Ctrl Pts',(387.448909484056,-84.596991352315,9.0360822259995));
#18351=CARTESIAN_POINT('Ctrl Pts',(387.473637966027,-84.6846127747063,9.09117059963043));
#18352=CARTESIAN_POINT('Ctrl Pts',(387.49201752445,-84.7245438782158,9.1259603555106));
#18353=CARTESIAN_POINT('Ctrl Pts',(387.523948173228,-84.7708002392574,9.1760104889002));
#18354=CARTESIAN_POINT('Ctrl Pts',(387.53513358575,-84.7843161916701,9.19239222008052));
#18355=CARTESIAN_POINT('Ctrl Pts',(387.553578294687,-84.8017550930606,9.21704881178346));
#18356=CARTESIAN_POINT('Ctrl Pts',(387.558914381919,-84.8059366680444,9.22376059748233));
#18357=CARTESIAN_POINT('Ctrl Pts',(387.564196371176,-84.8095994080042,9.23016529299028));
#18358=CARTESIAN_POINT('Ctrl Pts',(387.565109433424,-84.8101446900347,9.23122865673611));
#18359=CARTESIAN_POINT('Ctrl Pts',(387.565295936306,-84.8102535201191,9.23144458604767));
#18360=CARTESIAN_POINT('Ctrl Pts',(387.565311440679,-84.810262480453,9.23146249335813));
#18361=CARTESIAN_POINT('Ctrl Pts',(387.56530626631,-84.8102595045206,9.23145652424808));
#18362=CARTESIAN_POINT('',(387.798095274132,-84.9441433205925,9.5));
#18363=CARTESIAN_POINT('Ctrl Pts',(387.441469575188,-84.2451388274085,9.01487311255738));
#18364=CARTESIAN_POINT('Ctrl Pts',(387.44382991228,-84.2162123325142,9.11342257397335));
#18365=CARTESIAN_POINT('Ctrl Pts',(387.444246283866,-84.1882562041889,9.25897919062976));
#18366=CARTESIAN_POINT('Ctrl Pts',(387.444551537274,-84.1726454991266,9.42932558691309));
#18367=CARTESIAN_POINT('Ctrl Pts',(387.444544790754,-84.1684846030216,9.49713784762763));
#18368=CARTESIAN_POINT('Ctrl Pts',(387.444552483245,-84.1667013171753,9.53584006750318));
#18369=CARTESIAN_POINT('Ctrl Pts',(387.444551689103,-84.1659904335394,9.55519101386715));
#18370=CARTESIAN_POINT('Ctrl Pts',(387.444551689103,-84.1656805312048,9.56485625769671));
#18371=CARTESIAN_POINT('Origin',(390.844551689103,-86.6962501496414,0.));
#18372=CARTESIAN_POINT('',(388.231524176418,-85.1934210505704,10.));
#18373=CARTESIAN_POINT('',(387.798095274132,-84.9441433205925,9.5));
#18374=CARTESIAN_POINT('',(389.345996229146,-85.8343867590489,10.));
#18375=CARTESIAN_POINT('',(405.26502748263,-94.9898905877081,10.));
#18376=CARTESIAN_POINT('',(389.345996229146,-85.8343867590489,13.4));
#18377=CARTESIAN_POINT('',(389.345996229146,-85.8343867590489,0.));
#18378=CARTESIAN_POINT('',(388.444551689103,-85.3159394486398,13.4));
#18379=CARTESIAN_POINT('',(389.345996229146,-85.8343867590489,13.4));
#18380=CARTESIAN_POINT('',(378.084585428886,-79.3576176607295,3.04003373978293));
#18381=CARTESIAN_POINT('Origin',(387.944551689103,-20.8307446931711,12.9));
#18382=CARTESIAN_POINT('',(388.444551689103,0.537397690002459,13.4));
#18383=CARTESIAN_POINT('',(388.444551689103,-20.8307446931711,13.4));
#18384=CARTESIAN_POINT('',(387.444551689103,0.537397690002459,12.4));
#18385=CARTESIAN_POINT('',(387.444551689103,0.537397690002459,12.4));
#18386=CARTESIAN_POINT('',(387.444551689103,-20.8307446931711,12.4));
#18387=CARTESIAN_POINT('Origin',(386.444551689103,-84.16568053114,10.));
#18388=CARTESIAN_POINT('',(386.947436595797,-85.0300339140912,9.));
#18389=CARTESIAN_POINT('',(386.947436595797,-85.0300339140912,0.));
#18390=CARTESIAN_POINT('',(387.132794449798,-84.8911609942476,8.97317838904716));
#18391=CARTESIAN_POINT('Origin',(386.444551689103,-84.16568053114,7.99999999999999));
#18392=CARTESIAN_POINT('',(387.311409493675,-84.6642359910969,8.93856330543464));
#18393=CARTESIAN_POINT('Ctrl Pts',(387.311409493675,-84.664235991097,8.93856330543463));
#18394=CARTESIAN_POINT('Ctrl Pts',(387.264019077852,-84.7466355536677,8.93856330543467));
#18395=CARTESIAN_POINT('Ctrl Pts',(387.203134823216,-84.8244310749025,8.95087326964071));
#18396=CARTESIAN_POINT('Ctrl Pts',(387.132794449799,-84.8911609942473,8.97317838904734));
#18397=CARTESIAN_POINT('Ctrl Pts',(387.311409493675,-84.6642359910969,8.93856330543462));
#18398=CARTESIAN_POINT('Ctrl Pts',(387.343193809299,-84.6089713630379,8.9385633054346));
#18399=CARTESIAN_POINT('Ctrl Pts',(387.369225904423,-84.550870064754,8.94409342373427));
#18400=CARTESIAN_POINT('Ctrl Pts',(387.388461203857,-84.4958847527308,8.9530534070918));
#18401=CARTESIAN_POINT('Ctrl Pts',(387.415176051343,-84.4195186826501,8.96549743426608));
#18402=CARTESIAN_POINT('Ctrl Pts',(387.433736517625,-84.3349093210039,8.98688475062066));
#18403=CARTESIAN_POINT('Ctrl Pts',(387.441084859528,-84.2488989392788,9.01433587779608));
#18404=CARTESIAN_POINT('Ctrl Pts',(387.441242253051,-84.2469921382668,9.01494714263052));
#18405=CARTESIAN_POINT('Ctrl Pts',(387.441394116609,-84.2450856614835,9.01556096154486));
#18406=CARTESIAN_POINT('',(387.444551689103,-84.16568053114,0.));
#18407=CARTESIAN_POINT('Origin',(387.444551689103,0.53739769000245,10.));
#18408=CARTESIAN_POINT('',(387.444551689103,0.537397690002459,0.));
#18409=CARTESIAN_POINT('Origin',(390.844551689103,0.537397690002459,12.9));
#18410=CARTESIAN_POINT('',(390.540858242297,2.91810562890791,13.4));
#18411=CARTESIAN_POINT('',(390.414319306128,3.91006727011846,12.4));
#18412=CARTESIAN_POINT('Origin',(390.844551689103,0.537397690002459,12.4));
#18413=CARTESIAN_POINT('Origin',(390.844551689103,0.537397690002459,13.4));
#18414=CARTESIAN_POINT('Origin',(419.78718917285,7.15294640125139,12.9));
#18415=CARTESIAN_POINT('',(399.457432357657,4.05554255787306,13.4));
#18416=CARTESIAN_POINT('',(419.850458640935,6.65696558064608,13.4));
#18417=CARTESIAN_POINT('',(399.503401770733,5.06951011350968,12.4));
#18418=CARTESIAN_POINT('Origin',(409.74593351707,2.29400379276564,12.9));
#18419=CARTESIAN_POINT('',(410.218288036576,2.70168369673535,12.4));
#18420=CARTESIAN_POINT('',(409.853822939503,2.78222492353231,12.4));
#18421=CARTESIAN_POINT('',(410.218288036576,1.67755760203961,13.4));
#18422=CARTESIAN_POINT('',(409.638044094638,1.80578266199897,13.4));
#18423=CARTESIAN_POINT('',(410.218288036576,5.4682847005612,9.69857385906396));
#18424=CARTESIAN_POINT('Origin',(410.218288036576,2.29847599695192,0.));
#18425=CARTESIAN_POINT('',(410.218288036576,0.898475996951925,13.4));
#18426=CARTESIAN_POINT('',(410.218288036576,3.16524507707732,13.4));
#18427=CARTESIAN_POINT('',(410.218288036576,0.898475996951928,10.));
#18428=CARTESIAN_POINT('',(410.218288036576,0.898475996951925,13.4));
#18429=CARTESIAN_POINT('',(410.218288036576,2.70168369673535,10.));
#18430=CARTESIAN_POINT('',(410.218288036576,-23.6367445472003,10.));
#18431=CARTESIAN_POINT('',(410.218288036576,2.70168369673535,13.4));
#18432=CARTESIAN_POINT('Origin',(410.218288036576,2.70168369673535,13.4));
#18433=CARTESIAN_POINT('',(410.018288036576,2.74588064587746,10.));
#18434=CARTESIAN_POINT('',(437.116959727397,-3.24251242681131,10.));
#18435=CARTESIAN_POINT('',(402.395687325263,4.43035912571983,10.));
#18436=CARTESIAN_POINT('',(437.116959727397,-3.24251242681131,10.));
#18437=CARTESIAN_POINT('',(424.673243741926,-0.492641014068207,17.7024055877542));
#18438=CARTESIAN_POINT('Origin',(390.844551689103,0.537397690002459,10.));
#18439=CARTESIAN_POINT('Origin',(387.14628263312,-84.9143443444108,10.));
#18440=CARTESIAN_POINT('',(383.937186932223,-86.7814114768472,9.));
#18441=CARTESIAN_POINT('',(383.937186932223,-86.7814114768472,0.));
#18442=CARTESIAN_POINT('',(420.109840760997,-65.7359895413706,9.));
#18443=CARTESIAN_POINT('Origin',(445.999544630507,-93.5613458211136,9.5));
#18444=CARTESIAN_POINT('',(450.941667241411,-93.0617646500289,10.));
#18445=CARTESIAN_POINT('',(450.941631636574,-94.0617646506026,9.));
#18446=CARTESIAN_POINT('',(450.941667241411,-93.0617646500289,10.));
#18447=CARTESIAN_POINT('',(436.984385262372,-93.0605818104288,10.));
#18448=CARTESIAN_POINT('',(445.999587004072,-93.0613458229091,10.));
#18449=CARTESIAN_POINT('',(436.984300515241,-94.0605818068377,9.));
#18450=CARTESIAN_POINT('',(436.984300515241,-94.0605818068377,9.));
#18451=CARTESIAN_POINT('',(445.999502256942,-94.0613458193181,9.));
#18452=CARTESIAN_POINT('Origin',(452.980331236077,-93.5617370517483,9.5));
#18453=CARTESIAN_POINT('',(465.340751157807,-94.0615697231395,9.));
#18454=CARTESIAN_POINT('',(452.980338004806,-94.0617370517025,9.));
#18455=CARTESIAN_POINT('',(465.34073762035,-93.0615697232311,10.));
#18456=CARTESIAN_POINT('',(465.34073762035,-93.0615697232311,10.));
#18457=CARTESIAN_POINT('',(452.980324467349,-93.0617370517942,10.));
#18458=CARTESIAN_POINT('Origin',(446.603094014271,10.5736997147586,9.5));
#18459=CARTESIAN_POINT('',(445.976620029534,9.98973222297218,10.));
#18460=CARTESIAN_POINT('',(446.666363482355,10.0777188941533,10.));
#18461=CARTESIAN_POINT('',(445.850081093365,10.9816938641824,9.));
#18462=CARTESIAN_POINT('Origin',(446.659930284847,4.63313936043462,9.5));
#18463=CARTESIAN_POINT('',(446.658324114384,11.033139158889,9.));
#18464=CARTESIAN_POINT('',(446.658575078518,10.0331391903805,10.));
#18465=CARTESIAN_POINT('',(446.658324114384,11.033139158889,9.));
#18466=CARTESIAN_POINT('Origin',(446.659930284847,4.63313936043462,9.));
#18467=CARTESIAN_POINT('Origin',(446.659930284847,4.63313936043462,10.));
#18468=CARTESIAN_POINT('Origin',(462.312966489901,10.5370678970483,9.5));
#18469=CARTESIAN_POINT('',(469.622528219552,11.038902350688,9.));
#18470=CARTESIAN_POINT('',(469.622779183687,10.0389023821795,10.));
#18471=CARTESIAN_POINT('',(469.622528219552,11.038902350688,9.));
#18472=CARTESIAN_POINT('',(462.312841007834,11.0370678813026,9.));
#18473=CARTESIAN_POINT('',(462.313091971969,10.0370679127941,10.));
#18474=CARTESIAN_POINT('Origin',(469.624134390016,4.63890255223364,9.5));
#18475=CARTESIAN_POINT('',(470.304663605644,9.99584944264395,10.));
#18476=CARTESIAN_POINT('',(470.430687534464,10.9878766445718,9.));
#18477=CARTESIAN_POINT('Origin',(469.624134390016,4.63890255223364,9.));
#18478=CARTESIAN_POINT('Origin',(469.624134390016,4.63890255223364,10.));
#18479=CARTESIAN_POINT('Origin',(494.14723197631,7.47098506960691,9.5));
#18480=CARTESIAN_POINT('',(525.418992862238,2.9943032212316,10.));
#18481=CARTESIAN_POINT('',(525.545016791058,3.98633042315944,9.));
#18482=CARTESIAN_POINT('',(494.0842200119,6.974971468643,10.));
#18483=CARTESIAN_POINT('Origin',(525.11653543307,0.613437936604804,9.5));
#18484=CARTESIAN_POINT('',(528.51653543307,0.613437936604804,9.));
#18485=CARTESIAN_POINT('',(527.51653543307,0.613437936604804,10.));
#18486=CARTESIAN_POINT('',(528.51653543307,0.613437936604804,9.));
#18487=CARTESIAN_POINT('Origin',(525.11653543307,0.613437936604804,9.));
#18488=CARTESIAN_POINT('Origin',(525.11653543307,0.613437936604804,10.));
#18489=CARTESIAN_POINT('Origin',(528.01653543307,-63.4442734589943,9.5));
#18490=CARTESIAN_POINT('',(528.51653543307,-76.9877843582524,9.));
#18491=CARTESIAN_POINT('',(527.51653543307,-76.9877843582524,10.));
#18492=CARTESIAN_POINT('',(528.51653543307,-76.9877843582524,9.));
#18493=CARTESIAN_POINT('',(528.51653543307,-63.4442734589943,9.));
#18494=CARTESIAN_POINT('',(527.51653543307,-63.4442734589943,10.));
#18495=CARTESIAN_POINT('Origin',(525.11653543307,-76.9877843582524,9.5));
#18496=CARTESIAN_POINT('',(526.30964102421,-80.1715712619871,9.));
#18497=CARTESIAN_POINT('',(525.958727615051,-79.2351633491238,10.));
#18498=CARTESIAN_POINT('',(526.30964102421,-80.1715712619871,9.));
#18499=CARTESIAN_POINT('Origin',(525.11653543307,-76.9877843582524,9.));
#18500=CARTESIAN_POINT('Origin',(525.11653543307,-76.9877843582524,10.));
#18501=CARTESIAN_POINT('Origin',(481.7769933961,-96.3259661472155,9.5));
#18502=CARTESIAN_POINT('',(490.160710216171,-93.7181724526003,9.));
#18503=CARTESIAN_POINT('',(489.809796807012,-92.7817645397372,10.));
#18504=CARTESIAN_POINT('',(490.160710216171,-93.7181724526003,9.));
#18505=CARTESIAN_POINT('',(481.95245010068,-96.7941701036471,9.));
#18506=CARTESIAN_POINT('',(481.601536691521,-95.857762190784,10.));
#18507=CARTESIAN_POINT('Origin',(488.265777806714,-88.6615697231395,9.5));
#18508=CARTESIAN_POINT('',(488.265777806714,-94.0615697231395,9.));
#18509=CARTESIAN_POINT('',(488.265777806714,-93.0615697231395,10.));
#18510=CARTESIAN_POINT('',(488.265777806714,-94.0615697231395,9.));
#18511=CARTESIAN_POINT('Origin',(488.265777806714,-88.6615697231395,9.));
#18512=CARTESIAN_POINT('Origin',(488.265777806714,-88.6615697231395,10.));
#18513=CARTESIAN_POINT('Origin',(460.17959885196,-93.5615697231395,9.5));
#18514=CARTESIAN_POINT('',(460.17959885196,-94.0615697231395,9.));
#18515=CARTESIAN_POINT('',(460.17959885196,-93.0615697231395,10.));
#18516=CARTESIAN_POINT('Origin',(436.984080172702,-96.6605817975011,9.5));
#18517=CARTESIAN_POINT('',(436.307628038273,-94.1501211804378,9.));
#18518=CARTESIAN_POINT('',(436.047454140415,-93.1845594046442,10.));
#18519=CARTESIAN_POINT('',(436.307628038273,-94.1501211804378,9.));
#18520=CARTESIAN_POINT('Origin',(436.984080172702,-96.6605817975011,9.));
#18521=CARTESIAN_POINT('Origin',(436.984080172702,-96.6605817975011,10.));
#18522=CARTESIAN_POINT('Origin',(439.106964639122,-92.8779971738213,9.5));
#18523=CARTESIAN_POINT('',(413.606143402189,-100.267113270424,9.));
#18524=CARTESIAN_POINT('',(413.345969504331,-99.3015514946303,10.));
#18525=CARTESIAN_POINT('',(413.606143402189,-100.267113270424,9.));
#18526=CARTESIAN_POINT('',(439.237051588051,-93.360778061718,9.));
#18527=CARTESIAN_POINT('',(438.976877690194,-92.3952162859244,10.));
#18528=CARTESIAN_POINT('Origin',(414.282595536618,-102.777573887487,9.5));
#18529=CARTESIAN_POINT('',(412.985321595271,-100.524336145681,9.));
#18530=CARTESIAN_POINT('',(412.486370079368,-99.6577062449858,10.));
#18531=CARTESIAN_POINT('',(412.985321595271,-100.524336145681,9.));
#18532=CARTESIAN_POINT('Origin',(414.282595536618,-102.777573887487,9.));
#18533=CARTESIAN_POINT('Origin',(414.282595536618,-102.777573887487,10.));
#18534=CARTESIAN_POINT('Origin',(431.534952623109,-89.2676664727821,9.5));
#18535=CARTESIAN_POINT('',(397.124714315797,-109.655885886682,9.));
#18536=CARTESIAN_POINT('',(396.625762799894,-108.789255985987,10.));
#18537=CARTESIAN_POINT('',(397.124714315797,-109.655885886682,9.));
#18538=CARTESIAN_POINT('',(431.78442838106,-89.7009814231295,9.));
#18539=CARTESIAN_POINT('',(431.285476865157,-88.8343515224347,10.));
#18540=CARTESIAN_POINT('Origin',(395.428279161727,-106.709344224319,9.5));
#18541=CARTESIAN_POINT('',(392.481737499365,-108.405779378388,9.));
#18542=CARTESIAN_POINT('',(393.34836740006,-107.906827862486,10.));
#18543=CARTESIAN_POINT('',(392.481737499365,-108.405779378388,9.));
#18544=CARTESIAN_POINT('Origin',(395.428279161727,-106.709344224319,9.));
#18545=CARTESIAN_POINT('Origin',(395.428279161727,-106.709344224319,10.));
#18546=CARTESIAN_POINT('Origin',(383.159780303269,-91.2123516289786,9.5));
#18547=CARTESIAN_POINT('',(382.70045395262,-91.4166481329513,9.));
#18548=CARTESIAN_POINT('',(383.567083853315,-90.9176966170485,10.));
#18549=CARTESIAN_POINT('',(382.70045395262,-91.4166481329513,9.));
#18550=CARTESIAN_POINT('',(382.726465352922,-91.46182738693,9.));
#18551=CARTESIAN_POINT('',(383.593095253617,-90.9628758710272,10.));
#18552=CARTESIAN_POINT('Origin',(385.646995614983,-89.7202129788815,9.5));
#18553=CARTESIAN_POINT('',(384.440071838917,-87.6457648597987,10.));
#18554=CARTESIAN_POINT('',(383.937186932223,-86.7814114768472,9.));
#18555=CARTESIAN_POINT('Origin',(385.646995614983,-89.7202129788815,9.));
#18556=CARTESIAN_POINT('Origin',(385.646995614983,-89.7202129788815,10.));
#18557=CARTESIAN_POINT('Origin',(420.361283214344,-66.1681662328462,9.5));
#18558=CARTESIAN_POINT('',(387.649167539814,-85.778697727362,10.));
#18559=CARTESIAN_POINT('',(420.612725667691,-66.6003429243218,10.));
#18560=CARTESIAN_POINT('',(387.14628263312,-84.9143443444108,9.));
#18561=CARTESIAN_POINT('Origin',(386.844551689103,-84.3957323146399,9.5));
#18562=CARTESIAN_POINT('Origin',(386.844551689103,-84.3957323146399,10.));
#18563=CARTESIAN_POINT('Origin',(385.646995614983,-89.7202129788815,10.));
#18564=CARTESIAN_POINT('',(382.70045395262,-91.4166481329513,0.));
#18565=CARTESIAN_POINT('Origin',(382.70045395262,-91.4166481329513,10.));
#18566=CARTESIAN_POINT('',(392.481737499365,-108.405779378388,0.));
#18567=CARTESIAN_POINT('Origin',(395.428279161727,-106.709344224319,10.));
#18568=CARTESIAN_POINT('',(397.124714315797,-109.655885886682,0.));
#18569=CARTESIAN_POINT('Origin',(397.124714315797,-109.655885886682,10.));
#18570=CARTESIAN_POINT('',(412.985321595271,-100.524336145681,0.));
#18571=CARTESIAN_POINT('Origin',(414.282595536618,-102.777573887487,10.));
#18572=CARTESIAN_POINT('',(413.606143402189,-100.267113270424,0.));
#18573=CARTESIAN_POINT('Origin',(413.606143402189,-100.267113270424,10.));
#18574=CARTESIAN_POINT('',(436.307628038273,-94.1501211804378,0.));
#18575=CARTESIAN_POINT('Origin',(436.984080172702,-96.6605817975011,10.));
#18576=CARTESIAN_POINT('',(436.984300515241,-94.0605818068377,0.));
#18577=CARTESIAN_POINT('Origin',(436.984300515241,-94.0605818068377,10.));
#18578=CARTESIAN_POINT('',(450.941631636574,-94.0617646506026,0.));
#18579=CARTESIAN_POINT('Origin',(450.941631636574,-94.0617646506026,10.));
#18580=CARTESIAN_POINT('',(465.340751157807,-94.0615697231395,0.));
#18581=CARTESIAN_POINT('Origin',(465.340751157807,-94.0615697231395,10.));
#18582=CARTESIAN_POINT('',(488.265777806714,-94.0615697231395,0.));
#18583=CARTESIAN_POINT('Origin',(488.265777806714,-88.6615697231395,10.));
#18584=CARTESIAN_POINT('',(490.160710216171,-93.7181724526003,0.));
#18585=CARTESIAN_POINT('Origin',(490.160710216171,-93.7181724526003,10.));
#18586=CARTESIAN_POINT('',(526.30964102421,-80.1715712619871,0.));
#18587=CARTESIAN_POINT('Origin',(525.11653543307,-76.9877843582524,10.));
#18588=CARTESIAN_POINT('',(528.51653543307,-76.9877843582524,0.));
#18589=CARTESIAN_POINT('Origin',(528.51653543307,-76.9877843582524,10.));
#18590=CARTESIAN_POINT('',(528.51653543307,0.613437936604804,0.));
#18591=CARTESIAN_POINT('Origin',(525.11653543307,0.613437936604804,10.));
#18592=CARTESIAN_POINT('Origin',(469.624134390016,4.63890255223364,10.));
#18593=CARTESIAN_POINT('',(469.622528219552,11.038902350688,10.));
#18594=CARTESIAN_POINT('Origin',(469.622528219552,11.038902350688,10.));
#18595=CARTESIAN_POINT('',(446.658324114384,11.033139158889,0.));
#18596=CARTESIAN_POINT('Origin',(446.659930284847,4.63313936043462,10.));
#18597=CARTESIAN_POINT('Origin',(450.541211582432,-92.4617700711253,0.));
#18598=CARTESIAN_POINT('',(450.541211582432,-89.2617700711253,8.2));
#18599=CARTESIAN_POINT('',(450.541211582432,-89.2617700711253,0.));
#18600=CARTESIAN_POINT('',(450.541211582432,-92.4617700711253,8.2));
#18601=CARTESIAN_POINT('',(450.541211582432,-89.2617700711253,8.2));
#18602=CARTESIAN_POINT('',(450.541211582432,-92.4617700711253,0.));
#18603=CARTESIAN_POINT('Origin',(465.741211582432,-92.4617700711253,0.));
#18604=CARTESIAN_POINT('',(465.741211582432,-92.4617700711253,8.2));
#18605=CARTESIAN_POINT('',(450.541211582432,-92.4617700711253,8.2));
#18606=CARTESIAN_POINT('',(465.741211582432,-92.4617700711253,0.));
#18607=CARTESIAN_POINT('Origin',(465.741211582432,-89.2617700711253,0.));
#18608=CARTESIAN_POINT('',(465.741211582432,-89.2617700711253,8.2));
#18609=CARTESIAN_POINT('',(465.741211582432,-92.4617700711253,8.2));
#18610=CARTESIAN_POINT('',(465.741211582432,-89.2617700711253,0.));
#18611=CARTESIAN_POINT('Origin',(450.541211582432,-89.2617700711253,0.));
#18612=CARTESIAN_POINT('',(465.741211582432,-89.2617700711253,8.2));
#18613=CARTESIAN_POINT('Origin',(458.141211582432,-90.8617700711253,8.2));
#18614=CARTESIAN_POINT('Origin',(517.322624311846,-81.8307463408811,0.));
#18615=CARTESIAN_POINT('',(493.725144907696,-90.6737642516804,8.2));
#18616=CARTESIAN_POINT('',(493.725144907696,-90.6737642516804,0.));
#18617=CARTESIAN_POINT('',(517.322624311846,-81.8307463408811,8.2));
#18618=CARTESIAN_POINT('',(489.599248761517,-92.2199197920194,8.2));
#18619=CARTESIAN_POINT('',(517.322624311846,-81.8307463408811,0.));
#18620=CARTESIAN_POINT('Origin',(516.199701402538,-78.8342410197192,0.));
#18621=CARTESIAN_POINT('',(516.199701402538,-78.8342410197192,8.2));
#18622=CARTESIAN_POINT('',(517.322624311846,-81.8307463408811,8.2));
#18623=CARTESIAN_POINT('',(516.199701402538,-78.8342410197192,0.));
#18624=CARTESIAN_POINT('Origin',(492.602221998389,-87.6772589305185,0.));
#18625=CARTESIAN_POINT('',(492.602221998389,-87.6772589305185,8.2));
#18626=CARTESIAN_POINT('',(516.199701402538,-78.8342410197192,8.2));
#18627=CARTESIAN_POINT('',(492.602221998389,-87.6772589305185,0.));
#18628=CARTESIAN_POINT('Origin',(493.725144907696,-90.6737642516804,0.));
#18629=CARTESIAN_POINT('',(492.602221998389,-87.6772589305185,8.2));
#18630=CARTESIAN_POINT('Origin',(504.962423155118,-84.7540026356998,8.2));
#18631=CARTESIAN_POINT('Origin',(520.51653543307,-73.2554218461028,0.));
#18632=CARTESIAN_POINT('',(515.51653543307,-73.2554218461028,0.));
#18633=CARTESIAN_POINT('Origin',(407.169499255623,2.29847599695192,0.));
#18634=CARTESIAN_POINT('',(407.169499255623,2.29847599695192,6.4));
#18635=CARTESIAN_POINT('',(407.169499255623,-0.00152400304807543,0.));
#18636=CARTESIAN_POINT('Origin',(407.169499255623,-0.00152400304807543,
0.));
#18637=CARTESIAN_POINT('',(396.236463666953,-0.00152400304807543,0.));
#18638=CARTESIAN_POINT('Origin',(396.236463666953,-0.00152400304807543,
0.));
#18639=CARTESIAN_POINT('Origin',(400.852987479259,2.46728095577606,6.4));
#18640=CARTESIAN_POINT('Origin',(390.544551689103,-14.4797955841889,0.299999993294477));
#18641=CARTESIAN_POINT('',(390.044551689103,-14.4797955841889,11.599999986589));
#18642=CARTESIAN_POINT('Origin',(390.544551689103,-14.4797955841889,11.599999986589));
#18643=CARTESIAN_POINT('',(390.044551689103,-14.4797955841889,0.6));
#18644=CARTESIAN_POINT('',(390.044551689103,-14.4797955841889,0.299999993294477));
#18645=CARTESIAN_POINT('Origin',(390.544551689103,-14.4797955841889,0.6));
#18646=CARTESIAN_POINT('Origin',(455.345433626296,-49.5719650913525,10.));
#18647=CARTESIAN_POINT('',(409.618288036576,0.298475996951924,10.));
#18648=CARTESIAN_POINT('',(390.844551689103,0.298475996951924,10.));
#18649=CARTESIAN_POINT('',(433.431860831436,0.298475996951924,10.));
#18650=CARTESIAN_POINT('',(390.844551689103,-24.6367445472003,10.));
#18651=CARTESIAN_POINT('',(410.018288036576,0.898475996880022,10.));
#18652=CARTESIAN_POINT('Origin',(409.618288036576,0.898475996951925,10.));
#18653=CARTESIAN_POINT('Origin',(399.531419862839,-42.1988870763447,13.4));
#18654=CARTESIAN_POINT('',(390.844551689103,-84.967528954477,13.4));
#18655=CARTESIAN_POINT('Origin',(389.844551689103,-84.967528954477,13.4));
#18656=CARTESIAN_POINT('',(391.144551689103,-84.667528954477,13.4));
#18657=CARTESIAN_POINT('',(403.78342920207,-72.0286514415099,13.4));
#18658=CARTESIAN_POINT('',(391.144551689103,-0.00152400304807544,13.4));
#18659=CARTESIAN_POINT('',(391.144551689103,-0.00152400304807544,13.4));
#18660=CARTESIAN_POINT('',(409.618288036576,-0.00152400304807551,13.4));
#18661=CARTESIAN_POINT('',(409.618288036576,-0.00152400304807551,13.4));
#18662=CARTESIAN_POINT('',(409.618288036576,0.298475996951925,13.4));
#18663=CARTESIAN_POINT('',(409.618288036576,0.298475996951925,13.4));
#18664=CARTESIAN_POINT('Origin',(409.618288036576,0.898475996951925,13.4));
#18665=CARTESIAN_POINT('Origin',(505.345300427087,3.16646866567935,4.));
#18666=CARTESIAN_POINT('Origin',(455.345433626296,-49.5719650913525,10.));
#18667=CARTESIAN_POINT('',(390.844551689103,-42.4999996870756,10.));
#18668=CARTESIAN_POINT('Origin',(390.344551689103,-42.4999996870756,10.));
#18669=CARTESIAN_POINT('',(390.844551689103,-84.967528954477,10.));
#18670=CARTESIAN_POINT('',(390.844551689103,-24.6367445472003,10.));
#18671=CARTESIAN_POINT('',(390.644420733341,-85.5677035224738,10.));
#18672=CARTESIAN_POINT('Origin',(389.844551689103,-84.967528954477,10.));
#18673=CARTESIAN_POINT('Origin',(388.844551689103,-85.5459912321407,10.));
#18674=CARTESIAN_POINT('Origin',(388.844551689103,-85.5459912321407,10.));
#18675=CARTESIAN_POINT('Origin',(388.844551689103,-85.5459912321407,10.));
#18676=CARTESIAN_POINT('Origin',(410.018288036576,3.05138430275944,10.));
#18677=CARTESIAN_POINT('',(410.01828803656,3.05138430275944,10.));
#18678=CARTESIAN_POINT('',(410.01828803656,3.05138430275944,10.));
#18679=CARTESIAN_POINT('',(410.018288036576,-23.4246891284884,10.));
#18680=CARTESIAN_POINT('Origin',(413.040020533703,3.05138430276849,10.));
#18681=CARTESIAN_POINT('',(413.040020533703,3.05138430276849,10.));
#18682=CARTESIAN_POINT('',(413.040020533703,3.05138430276849,10.));
#18683=CARTESIAN_POINT('',(434.029233539828,3.05138430283136,10.));
#18684=CARTESIAN_POINT('Origin',(428.693894484048,3.13948181893099,10.));
#18685=CARTESIAN_POINT('',(428.693894484048,3.13948181893099,10.));
#18686=CARTESIAN_POINT('',(428.693894484048,3.13948181893099,10.));
#18687=CARTESIAN_POINT('',(441.70650733657,3.21271473716757,10.));
#18688=CARTESIAN_POINT('Origin',(428.691643383287,3.5394754845621,10.));
#18689=CARTESIAN_POINT('',(429.091643383287,3.53947548451035,10.));
#18690=CARTESIAN_POINT('',(429.091643383287,3.53947548451035,10.));
#18691=CARTESIAN_POINT('Origin',(428.691643383287,3.5394754845621,10.));
#18692=CARTESIAN_POINT('Origin',(429.091643383374,5.33482089765843,10.));
#18693=CARTESIAN_POINT('',(429.091643383374,5.33482089765843,10.));
#18694=CARTESIAN_POINT('',(429.091643383374,5.33482089765843,10.));
#18695=CARTESIAN_POINT('',(429.091643382034,-22.2829708304098,10.));
#18696=CARTESIAN_POINT('Origin',(447.744538477444,5.46805230970992,10.));
#18697=CARTESIAN_POINT('',(447.744538477444,5.46805230970992,10.));
#18698=CARTESIAN_POINT('',(447.744538477444,5.46805230970992,10.));
#18699=CARTESIAN_POINT('',(451.183576565799,5.49261621243385,10.));
#18700=CARTESIAN_POINT('Origin',(447.741681483363,5.8680421065614,10.));
#18701=CARTESIAN_POINT('',(448.141681483363,5.86804210652846,10.));
#18702=CARTESIAN_POINT('',(448.141681483363,5.86804210652846,10.));
#18703=CARTESIAN_POINT('Origin',(447.741681483363,5.8680421065614,10.));
#18704=CARTESIAN_POINT('Origin',(448.141681483464,7.83351132766618,10.));
#18705=CARTESIAN_POINT('',(448.141681483464,7.83351132766618,10.));
#18706=CARTESIAN_POINT('',(448.141681483464,7.83351132766618,10.));
#18707=CARTESIAN_POINT('',(448.14168148198,-21.0336256158582,10.));
#18708=CARTESIAN_POINT('Origin',(468.140543552698,7.83853032496771,10.));
#18709=CARTESIAN_POINT('',(468.140543552698,7.83853032496771,10.));
#18710=CARTESIAN_POINT('',(468.140543552698,7.83853032496771,10.));
#18711=CARTESIAN_POINT('',(461.572250216987,7.83688191885273,10.));
#18712=CARTESIAN_POINT('Origin',(468.141375772427,5.73822098210004,10.));
#18713=CARTESIAN_POINT('',(468.141375772427,5.73822098210004,10.));
#18714=CARTESIAN_POINT('',(468.141375772427,5.73822098210004,10.));
#18715=CARTESIAN_POINT('',(468.152397845275,-22.0786665281142,10.));
#18716=CARTESIAN_POINT('Origin',(468.541375741026,5.73837947675897,10.));
#18717=CARTESIAN_POINT('',(468.541375741068,5.33837947675896,10.));
#18718=CARTESIAN_POINT('',(468.541375741068,5.33837947675896,10.));
#18719=CARTESIAN_POINT('Origin',(468.541375741026,5.73837947675897,10.));
#18720=CARTESIAN_POINT('Origin',(487.191249541925,5.33837947677092,10.));
#18721=CARTESIAN_POINT('',(487.191249541925,5.33837947677092,10.));
#18722=CARTESIAN_POINT('',(487.191249541925,5.33837947677092,10.));
#18723=CARTESIAN_POINT('',(471.104848044001,5.3383794767606,10.));
#18724=CARTESIAN_POINT('Origin',(487.191249541923,0.975438150876267,10.));
#18725=CARTESIAN_POINT('',(487.191249522762,0.975438150876267,10.));
#18726=CARTESIAN_POINT('',(487.191249522762,0.975438150876267,10.));
#18727=CARTESIAN_POINT('',(487.191249541909,-24.4626622044386,10.));
#18728=CARTESIAN_POINT('Origin',(487.59124950359,0.975438150876267,10.));
#18729=CARTESIAN_POINT('Origin',(487.59124950359,0.975438150876267,10.));
#18730=CARTESIAN_POINT('Origin',(525.31653543309,-76.5741173482551,10.));
#18731=CARTESIAN_POINT('',(525.31653543309,-63.2374399539956,10.));
#18732=CARTESIAN_POINT('Origin',(487.190652781307,-90.8615697231309,10.));
#18733=CARTESIAN_POINT('',(487.190652781307,-90.8615697231309,10.));
#18734=CARTESIAN_POINT('',(487.190652781307,-90.8615697231309,10.));
#18735=CARTESIAN_POINT('',(487.190652781304,-70.3811661414316,10.));
#18736=CARTESIAN_POINT('Origin',(467.140741681507,-90.8615697231309,10.));
#18737=CARTESIAN_POINT('',(467.140741681507,-90.8615697231309,10.));
#18738=CARTESIAN_POINT('',(467.140741681507,-90.8615697231309,10.));
#18739=CARTESIAN_POINT('',(461.07959411381,-90.8615697231309,10.));
#18740=CARTESIAN_POINT('Origin',(467.140741681483,-88.7853187705994,10.));
#18741=CARTESIAN_POINT('',(467.140741681483,-88.7853187705994,10.));
#18742=CARTESIAN_POINT('',(467.140741681483,-88.7853187705994,10.));
#18743=CARTESIAN_POINT('',(467.140741681257,-69.3430406650973,10.));
#18744=CARTESIAN_POINT('Origin',(466.740741681483,-88.7853187706376,10.));
#18745=CARTESIAN_POINT('Origin',(466.740741681483,-88.7853187706376,10.));
#18746=CARTESIAN_POINT('Origin',(449.141681483275,-90.8616120984727,10.));
#18747=CARTESIAN_POINT('',(449.141681484144,-70.3811873289797,10.));
#18748=CARTESIAN_POINT('Origin',(430.658108479424,-91.2600456701596,10.));
#18749=CARTESIAN_POINT('',(430.258109021091,-91.2593873896483,10.));
#18750=CARTESIAN_POINT('',(430.258109021091,-91.2593873896483,10.));
#18751=CARTESIAN_POINT('Origin',(430.658108479424,-91.2600456701596,10.));
#18752=CARTESIAN_POINT('Origin',(430.256122328223,-92.4665870843753,10.));
#18753=CARTESIAN_POINT('',(430.256122328223,-92.4665870843753,10.));
#18754=CARTESIAN_POINT('',(430.256122328223,-92.4665870843753,10.));
#18755=CARTESIAN_POINT('',(430.291181130727,-71.1633567955569,10.));
#18756=CARTESIAN_POINT('Origin',(412.396080780771,-97.2790359009312,10.));
#18757=CARTESIAN_POINT('',(412.396080780771,-97.2790359009312,10.));
#18758=CARTESIAN_POINT('',(412.396080780771,-97.2790359009312,10.));
#18759=CARTESIAN_POINT('',(438.215742040739,-90.3218405358321,10.));
#18760=CARTESIAN_POINT('Origin',(413.124567694767,-99.9826088731148,10.));
#18761=CARTESIAN_POINT('Origin',(413.124567694767,-99.9826088731148,10.));
#18762=CARTESIAN_POINT('Origin',(390.344551689103,-42.4999996870756,5.79999999329448));
#18763=CARTESIAN_POINT('',(390.844551689103,-42.4999996870756,0.6));
#18764=CARTESIAN_POINT('',(390.844551689103,-42.4999996870756,5.79999999329448));
#18765=CARTESIAN_POINT('',(390.444551689103,-42.010101738519,0.600000000000001));
#18766=CARTESIAN_POINT('Origin',(390.344551689103,-42.4999996870756,0.600000000000001));
#18767=CARTESIAN_POINT('',(390.444551689103,-42.010101738519,11.599999986589));
#18768=CARTESIAN_POINT('',(390.444551689103,-42.0101017385189,5.79999999329448));
#18769=CARTESIAN_POINT('',(390.844551689103,-42.4999996870756,11.599999986589));
#18770=CARTESIAN_POINT('Origin',(390.344551689103,-42.4999996870756,11.599999986589));
#18771=CARTESIAN_POINT('',(390.844551689103,-42.4999996870756,5.79999999329448));
#18772=CARTESIAN_POINT('Origin',(455.018446546112,-49.9007625597362,10.));
#18773=CARTESIAN_POINT('Origin',(389.844551689103,-84.967528954477,10.));
#18774=CARTESIAN_POINT('Origin',(390.844551689103,0.298475996951925,0.));
#18775=CARTESIAN_POINT('',(390.844551689103,-6.85076184506185,11.599999986589));
#18776=CARTESIAN_POINT('',(390.844551689103,0.298475996951925,12.7));
#18777=CARTESIAN_POINT('',(390.844551689103,0.298475996951925,0.));
#18778=CARTESIAN_POINT('',(390.844551689103,-84.967528954477,12.7));
#18779=CARTESIAN_POINT('',(390.844551689103,-21.0180252409053,12.7));
#18780=CARTESIAN_POINT('',(390.844551689103,-84.967528954477,0.));
#18781=CARTESIAN_POINT('Origin',(390.844551689103,0.298475996951925,0.));
#18782=CARTESIAN_POINT('',(390.844551689103,-57.0015240030481,0.6));
#18783=CARTESIAN_POINT('',(390.844551689103,-57.0015240030481,0.));
#18784=CARTESIAN_POINT('',(390.844551689103,-16.8515240030481,0.6));
#18785=CARTESIAN_POINT('Origin',(411.518288036576,0.298475996951925,0.));
#18786=CARTESIAN_POINT('',(409.618288036576,0.298475996951925,12.7));
#18787=CARTESIAN_POINT('',(409.618288036576,0.298475996951925,0.));
#18788=CARTESIAN_POINT('',(405.874853949708,0.298475996951925,12.7));
#18789=CARTESIAN_POINT('Origin',(409.618288036576,-0.00152400304807551,
13.4));
#18790=CARTESIAN_POINT('',(409.618288036576,0.298475996951925,13.4));
#18791=CARTESIAN_POINT('',(409.618288036576,-0.00152400304807551,13.));
#18792=CARTESIAN_POINT('',(409.618288036576,-0.00152400304807551,13.4));
#18793=CARTESIAN_POINT('',(409.618288036576,-0.026524003048077,13.025));
#18794=CARTESIAN_POINT('Origin',(409.618288036576,0.898475996951925,0.));
#18795=CARTESIAN_POINT('Origin',(505.766192532385,-57.0493268986538,2.8));
#18796=CARTESIAN_POINT('',(508.316192532385,-57.0493268986538,2.8));
#18797=CARTESIAN_POINT('Origin',(505.766192532385,-57.0493268986538,2.8));
#18798=CARTESIAN_POINT('',(507.316192532385,-57.0493268986538,2.8));
#18799=CARTESIAN_POINT('Origin',(505.766192532385,-57.0493268986538,2.8));
#18800=CARTESIAN_POINT('Origin',(428.854076708153,-16.4524257048514,2.8));
#18801=CARTESIAN_POINT('',(431.404076708153,-16.4524257048514,2.8));
#18802=CARTESIAN_POINT('Origin',(428.854076708153,-16.4524257048514,2.8));
#18803=CARTESIAN_POINT('',(430.428879857759,-16.4729997459996,2.8));
#18804=CARTESIAN_POINT('Origin',(428.878968757937,-16.4729997459996,2.8));
#18805=CARTESIAN_POINT('Origin',(505.769240538481,-18.9464566929134,2.8));
#18806=CARTESIAN_POINT('',(508.319240538481,-18.9464566929134,2.8));
#18807=CARTESIAN_POINT('Origin',(505.769240538481,-18.9464566929134,2.8));
#18808=CARTESIAN_POINT('',(507.316103632207,-18.9492506985014,2.8));
#18809=CARTESIAN_POINT('Origin',(505.766192532385,-18.9492506985014,2.8));
#18810=CARTESIAN_POINT('Origin',(449.247269494539,-68.8606045212091,2.8));
#18811=CARTESIAN_POINT('',(451.797269494539,-68.8606045212091,2.8));
#18812=CARTESIAN_POINT('Origin',(449.247269494539,-68.8606045212091,2.8));
#18813=CARTESIAN_POINT('',(450.797180594361,-68.8606045212091,2.8));
#18814=CARTESIAN_POINT('Origin',(449.247269494539,-68.8606045212091,2.8));
#18815=CARTESIAN_POINT('Origin',(405.348361696723,-81.0114808229616,2.8));
#18816=CARTESIAN_POINT('',(407.898361696723,-81.0114808229616,2.8));
#18817=CARTESIAN_POINT('Origin',(405.348361696723,-81.0114808229616,2.8));
#18818=CARTESIAN_POINT('',(406.894297688595,-80.9977647955296,2.8));
#18819=CARTESIAN_POINT('Origin',(405.344297688595,-80.9977647955296,2.8));
#18820=CARTESIAN_POINT('Origin',(390.994551689103,-84.817528954477,13.4));
#18821=CARTESIAN_POINT('',(391.144551689103,-84.667528954477,13.));
#18822=CARTESIAN_POINT('',(401.7194689747,-74.0926116688798,23.5749172855943));
#18823=CARTESIAN_POINT('',(391.144551689103,-84.667528954477,13.4));
#18824=CARTESIAN_POINT('',(390.844551689103,-84.967528954477,0.));
#18825=CARTESIAN_POINT('Origin',(390.994551689103,-21.0180252409053,12.85));
#18826=CARTESIAN_POINT('',(391.144551689103,-0.00152400304807544,13.));
#18827=CARTESIAN_POINT('',(391.144551689103,-0.00152400304807898,13.));
#18828=CARTESIAN_POINT('',(391.144551689103,-0.00152400304807544,13.));
#18829=CARTESIAN_POINT('Origin',(405.874853949708,0.148475996951923,12.85));
#18830=CARTESIAN_POINT('',(409.618288036576,-0.00152400304807551,13.));
#18831=CARTESIAN_POINT('Origin',(389.844551689103,-84.967528954477,0.));
#18832=CARTESIAN_POINT('Origin',(391.144551689103,-0.00152400304807544,
13.4));
#18833=CARTESIAN_POINT('',(391.144551689103,-0.00152400304807544,13.4));
#18834=CARTESIAN_POINT('Origin',(391.144551689103,-84.967528954477,13.4));
#18835=CARTESIAN_POINT('Origin',(390.844551689103,-14.0015240030481,0.));
#18836=CARTESIAN_POINT('',(390.844551689103,-14.0015240030481,0.6));
#18837=CARTESIAN_POINT('',(390.844551689103,-24.0015240030481,0.6));
#18838=CARTESIAN_POINT('',(390.844551689103,-14.0015240030481,0.));
#18839=CARTESIAN_POINT('Origin',(411.518288036576,-14.0015240030481,0.));
#18840=CARTESIAN_POINT('',(411.518288036576,-14.0015240030481,0.6));
#18841=CARTESIAN_POINT('',(406.349853949708,-14.0015240030481,0.6));
#18842=CARTESIAN_POINT('',(411.518288036576,-14.0015240030481,0.));
#18843=CARTESIAN_POINT('Origin',(397.335292645401,-6.75542184610284,0.));
#18844=CARTESIAN_POINT('',(402.335292645401,-6.75542184610284,0.));
#18845=CARTESIAN_POINT('Origin',(390.544551689103,-41.5202037899623,5.79999999329448));
#18846=CARTESIAN_POINT('',(390.044551689103,-41.5202037899623,0.6));
#18847=CARTESIAN_POINT('Origin',(390.544551689103,-41.5202037899623,0.600000000000001));
#18848=CARTESIAN_POINT('',(390.044551689103,-41.5202037899623,11.599999986589));
#18849=CARTESIAN_POINT('',(390.044551689103,-41.5202037899623,5.79999999329448));
#18850=CARTESIAN_POINT('Origin',(390.544551689103,-41.5202037899623,11.599999986589));
#18851=CARTESIAN_POINT('Origin',(390.844551689103,-13.9999996870756,11.599999986589));
#18852=CARTESIAN_POINT('',(390.044551689103,-13.9999996870756,11.599999986589));
#18853=CARTESIAN_POINT('Origin',(401.181419862839,-34.0015240030481,0.6));
#18854=CARTESIAN_POINT('',(390.044551689103,-11.0015240030481,0.6));
#18855=CARTESIAN_POINT('',(411.518288036576,-57.0015240030481,0.6));
#18856=CARTESIAN_POINT('',(406.349853949708,-57.0015240030481,0.6));
#18857=CARTESIAN_POINT('',(411.518288036576,-22.5015240030481,0.6));
#18858=CARTESIAN_POINT('Origin',(390.044551689103,-27.9999996870756,6.09999998658895));
#18859=CARTESIAN_POINT('Origin',(517.335292645401,-7.25542184610284,0.));
#18860=CARTESIAN_POINT('',(522.335292645401,-7.25542184610284,0.));
#18861=CARTESIAN_POINT('Origin',(398.335292645401,-94.2554218461028,0.));
#18862=CARTESIAN_POINT('',(403.335292645401,-94.2554218461028,0.));
#18863=CARTESIAN_POINT('Origin',(411.518288036576,-57.0015240030481,0.));
#18864=CARTESIAN_POINT('',(411.518288036576,-57.0015240030481,0.));
#18865=CARTESIAN_POINT('Origin',(411.518288036576,-11.0015240030481,0.));
#18866=CARTESIAN_POINT('Origin',(428.854076708153,-16.4524257048514,2.));
#18867=CARTESIAN_POINT('',(431.404076708153,-16.4524257048514,2.));
#18868=CARTESIAN_POINT('Origin',(428.854076708153,-16.4524257048514,2.));
#18869=CARTESIAN_POINT('Origin',(432.404076708153,-16.4524257048514,2.));
#18870=CARTESIAN_POINT('Origin',(428.854076708153,-16.4524257048514,0.));
#18871=CARTESIAN_POINT('',(431.404076708153,-16.4524257048514,0.));
#18872=CARTESIAN_POINT('Origin',(405.348361696723,-81.0114808229616,2.));
#18873=CARTESIAN_POINT('',(407.898361696723,-81.0114808229616,2.));
#18874=CARTESIAN_POINT('Origin',(405.348361696723,-81.0114808229616,2.));
#18875=CARTESIAN_POINT('Origin',(408.898361696723,-81.0114808229616,2.));
#18876=CARTESIAN_POINT('Origin',(405.348361696723,-81.0114808229616,0.));
#18877=CARTESIAN_POINT('',(407.898361696723,-81.0114808229616,0.));
#18878=CARTESIAN_POINT('Origin',(449.247269494539,-68.8606045212091,2.));
#18879=CARTESIAN_POINT('',(451.797269494539,-68.8606045212091,2.));
#18880=CARTESIAN_POINT('Origin',(449.247269494539,-68.8606045212091,2.));
#18881=CARTESIAN_POINT('Origin',(452.797269494539,-68.8606045212091,2.));
#18882=CARTESIAN_POINT('Origin',(449.247269494539,-68.8606045212091,0.));
#18883=CARTESIAN_POINT('',(451.797269494539,-68.8606045212091,0.));
#18884=CARTESIAN_POINT('Origin',(505.766192532385,-57.0493268986538,2.));
#18885=CARTESIAN_POINT('',(508.316192532385,-57.0493268986538,2.));
#18886=CARTESIAN_POINT('Origin',(505.766192532385,-57.0493268986538,2.));
#18887=CARTESIAN_POINT('Origin',(509.316192532385,-57.0493268986538,2.));
#18888=CARTESIAN_POINT('Origin',(505.766192532385,-57.0493268986538,0.));
#18889=CARTESIAN_POINT('',(508.316192532385,-57.0493268986538,0.));
#18890=CARTESIAN_POINT('Origin',(505.769240538481,-18.9464566929134,2.));
#18891=CARTESIAN_POINT('',(508.319240538481,-18.9464566929134,2.));
#18892=CARTESIAN_POINT('Origin',(505.769240538481,-18.9464566929134,2.));
#18893=CARTESIAN_POINT('Origin',(509.319240538481,-18.9464566929134,2.));
#18894=CARTESIAN_POINT('Origin',(505.769240538481,-18.9464566929134,0.));
#18895=CARTESIAN_POINT('',(508.319240538481,-18.9464566929134,0.));
#18896=CARTESIAN_POINT('Origin',(505.766192532385,-57.0493268986538,0.6));
#18897=CARTESIAN_POINT('',(507.316192532385,-57.0493268986538,0.6));
#18898=CARTESIAN_POINT('Origin',(505.766192532385,-57.0493268986538,0.6));
#18899=CARTESIAN_POINT('Origin',(428.878968757937,-16.4729997459996,0.6));
#18900=CARTESIAN_POINT('',(430.428879857759,-16.4729997459996,0.6));
#18901=CARTESIAN_POINT('Origin',(428.878968757937,-16.4729997459996,0.6));
#18902=CARTESIAN_POINT('Origin',(405.344297688595,-80.9977647955296,0.6));
#18903=CARTESIAN_POINT('',(406.894297688595,-80.9977647955296,0.6));
#18904=CARTESIAN_POINT('Origin',(405.344297688595,-80.9977647955296,0.6));
#18905=CARTESIAN_POINT('Origin',(505.766192532385,-18.9492506985014,0.6));
#18906=CARTESIAN_POINT('',(507.316103632207,-18.9492506985014,0.6));
#18907=CARTESIAN_POINT('Origin',(505.766192532385,-18.9492506985014,0.6));
#18908=CARTESIAN_POINT('Origin',(449.247269494539,-68.8606045212091,0.6));
#18909=CARTESIAN_POINT('',(450.797180594361,-68.8606045212091,0.6));
#18910=CARTESIAN_POINT('Origin',(449.247269494539,-68.8606045212091,0.6));
#18911=CARTESIAN_POINT('Origin',(505.766192532385,-57.0493268986538,0.));
#18912=CARTESIAN_POINT('',(507.316192532385,-57.0493268986538,0.));
#18913=CARTESIAN_POINT('Origin',(428.878968757937,-16.4729997459996,0.));
#18914=CARTESIAN_POINT('',(430.428879857759,-16.4729997459996,0.));
#18915=CARTESIAN_POINT('Origin',(405.344297688595,-80.9977647955296,0.));
#18916=CARTESIAN_POINT('',(406.894297688595,-80.9977647955296,0.));
#18917=CARTESIAN_POINT('Origin',(505.766192532385,-18.9492506985014,0.));
#18918=CARTESIAN_POINT('',(507.316103632207,-18.9492506985014,0.));
#18919=CARTESIAN_POINT('Origin',(449.247269494539,-68.8606045212091,0.));
#18920=CARTESIAN_POINT('',(450.797180594361,-68.8606045212091,0.));
#18921=UNCERTAINTY_MEASURE_WITH_UNIT(LENGTH_MEASURE(0.01),#18925,
'DISTANCE_ACCURACY_VALUE',
'Maximum model space distance between geometric entities at asserted c
onnectivities');
#18922=UNCERTAINTY_MEASURE_WITH_UNIT(LENGTH_MEASURE(0.01),#18925,
'DISTANCE_ACCURACY_VALUE',
'Maximum model space distance between geometric entities at asserted c
onnectivities');
#18923=(
GEOMETRIC_REPRESENTATION_CONTEXT(3)
GLOBAL_UNCERTAINTY_ASSIGNED_CONTEXT((#18921))
GLOBAL_UNIT_ASSIGNED_CONTEXT((#18925,#18927,#18928))
REPRESENTATION_CONTEXT('','3D')
);
#18924=(
GEOMETRIC_REPRESENTATION_CONTEXT(3)
GLOBAL_UNCERTAINTY_ASSIGNED_CONTEXT((#18922))
GLOBAL_UNIT_ASSIGNED_CONTEXT((#18925,#18927,#18928))
REPRESENTATION_CONTEXT('','3D')
);
#18925=(
LENGTH_UNIT()
NAMED_UNIT(*)
SI_UNIT(.MILLI.,.METRE.)
);
#18926=(
LENGTH_UNIT()
NAMED_UNIT(*)
SI_UNIT(.CENTI.,.METRE.)
);
#18927=(
NAMED_UNIT(*)
PLANE_ANGLE_UNIT()
SI_UNIT($,.RADIAN.)
);
#18928=(
NAMED_UNIT(*)
SI_UNIT($,.STERADIAN.)
SOLID_ANGLE_UNIT()
);
#18929=SHAPE_DEFINITION_REPRESENTATION(#18930,#18931);
#18930=PRODUCT_DEFINITION_SHAPE('',$,#18933);
#18931=SHAPE_REPRESENTATION('',(#11457),#18923);
#18932=PRODUCT_DEFINITION_CONTEXT('part definition',#18937,'design');
#18933=PRODUCT_DEFINITION('(\X2\672A4FDD5B58\X0\)','\X2\77EE8F74\X0\so
fle v46',#18934,#18932);
#18934=PRODUCT_DEFINITION_FORMATION('',$,#18939);
#18935=PRODUCT_RELATED_PRODUCT_CATEGORY('\X2\77EE8F74\X0\sofle v46',
'\X2\77EE8F74\X0\sofle v46',(#18939));
#18936=APPLICATION_PROTOCOL_DEFINITION('international standard',
'automotive_design',2009,#18937);
#18937=APPLICATION_CONTEXT(
'Core Data for Automotive Mechanical Design Process');
#18938=PRODUCT_CONTEXT('part definition',#18937,'mechanical');
#18939=PRODUCT('(\X2\672A4FDD5B58\X0\)','\X2\77EE8F74\X0\sofle v46',$,(#18938));
#18940=PRESENTATION_STYLE_ASSIGNMENT((#18942));
#18941=PRESENTATION_STYLE_ASSIGNMENT((#18943));
#18942=SURFACE_STYLE_USAGE(.BOTH.,#18948);
#18943=SURFACE_STYLE_USAGE(.BOTH.,#18949);
#18944=SURFACE_STYLE_RENDERING_WITH_PROPERTIES($,#18956,(#18946));
#18945=SURFACE_STYLE_RENDERING_WITH_PROPERTIES($,#18957,(#18947));
#18946=SURFACE_STYLE_TRANSPARENT(0.);
#18947=SURFACE_STYLE_TRANSPARENT(0.);
#18948=SURFACE_SIDE_STYLE('',(#18950,#18944));
#18949=SURFACE_SIDE_STYLE('',(#18951,#18945));
#18950=SURFACE_STYLE_FILL_AREA(#18952);
#18951=SURFACE_STYLE_FILL_AREA(#18953);
#18952=FILL_AREA_STYLE('',(#18954));
#18953=FILL_AREA_STYLE('',(#18955));
#18954=FILL_AREA_STYLE_COLOUR('',#18956);
#18955=FILL_AREA_STYLE_COLOUR('',#18957);
#18956=COLOUR_RGB('',0.749019607843137,0.749019607843137,0.749019607843137);
#18957=COLOUR_RGB('',0.627450980392157,0.627450980392157,0.627450980392157);
ENDSEC;
END-ISO-10303-21;
